# Created by Open3D 
# object name: chip_can
# number of vertices: 14530
# number of triangles: 29058
v -0.003428 -0.0370674 -0.155398
v -0.002393 -0.0370674 -0.156161
v -0.002393 -0.0371334 -0.155398
v -6.00293e-06 -0.0370674 -0.156851
v -6.00293e-06 -0.0371494 -0.155398
v -0.038467 -0.00365445 -0.155398
v -0.038193 -0.00365445 -0.157158
v -0.038193 -0.00548845 -0.155398
v -0.038376 -0.00126745 -0.157785
v -0.038193 -0.00126745 -0.158438
v -0.038193 -0.00262645 -0.157785
v -0.038638 0.00111955 -0.157785
v -0.038193 0.00111955 -0.159127
v -0.038789 -0.00126745 -0.155398
v -0.039044 0.00111955 -0.155398
v -0.020401 -0.0227474 -0.164945
v -0.0191 -0.0227474 -0.16521
v -0.0191 -0.0242464 -0.164945
v -0.024044 -0.0179744 -0.164945
v -0.023873 -0.0179744 -0.164978
v -0.023873 -0.0181924 -0.164945
v -0.0191 -0.0179744 -0.165735
v -0.021099 -0.0275214 -0.162558
v -0.0191 -0.0275214 -0.163718
v -0.0191 -0.0289374 -0.162558
v -0.020111 -0.0299074 -0.160172
v -0.0191 -0.0299074 -0.161345
v -0.0191 -0.0305844 -0.160172
v -0.023262 -0.0275214 -0.160172
v -0.021486 -0.0275214 -0.162254
v -0.021486 -0.0289244 -0.160172
v -0.024252 -0.0275214 -0.157785
v -0.023873 -0.0275214 -0.158975
v -0.023873 -0.0278644 -0.157785
v -0.023873 -0.0282344 -0.155398
v -0.024627 -0.0275214 -0.155398
v -0.0191 -0.0314964 -0.157785
v -0.021392 -0.0299074 -0.157785
v -0.021486 -0.0298364 -0.157785
v -0.02191 -0.0299074 -0.155398
v -0.021486 -0.0299074 -0.157513
v -0.021486 -0.0302334 -0.155398
v -0.0191 -0.0318784 -0.155398
v -0.029639 -0.0179744 -0.162558
v -0.028646 -0.0179744 -0.163263
v -0.028646 -0.0194004 -0.162558
v -0.029965 -0.0203604 -0.160172
v -0.028646 -0.0203604 -0.161918
v -0.028646 -0.0220144 -0.160172
v -0.031715 -0.0179744 -0.160172
v -0.031033 -0.0179744 -0.161157
v -0.031033 -0.0189294 -0.160172
v -0.028942 -0.0227474 -0.157785
v -0.028646 -0.0227474 -0.158809
v -0.028646 -0.0230684 -0.157785
v -0.028646 -0.0234244 -0.155398
v -0.029296 -0.0227474 -0.155398
v -0.030967 -0.0203604 -0.157785
v -0.031033 -0.0202774 -0.157785
v -0.032781 -0.0179744 -0.157785
v -0.031386 -0.0203604 -0.155398
v -0.031033 -0.0203604 -0.157539
v -0.031033 -0.0207904 -0.155398
v -0.033237 -0.0179744 -0.155398
v -0.025956 -0.0227474 -0.162558
v -0.023873 -0.0227474 -0.163838
v -0.023873 -0.0250084 -0.162558
v -0.025761 -0.0251344 -0.160172
v -0.023873 -0.0251344 -0.16246
v -0.023873 -0.0269844 -0.160172
v -0.028013 -0.0227474 -0.160172
v -0.02626 -0.0227474 -0.16231
v -0.02626 -0.0246184 -0.160172
v -0.023753 -0.0251344 -0.162558
v -0.021486 -0.0251344 -0.16393
v -0.021486 -0.0272184 -0.162558
v -0.0191 -0.0251344 -0.164727
v -0.021486 -0.0227474 -0.164679
v -0.027942 -0.0203604 -0.162558
v -0.02626 -0.0203604 -0.163635
v -0.02626 -0.0224074 -0.162558
v -0.023873 -0.0203604 -0.164541
v -0.02626 -0.0179744 -0.164357
v -0.026636 -0.0251344 -0.157785
v -0.02626 -0.0251344 -0.159111
v -0.02626 -0.0255194 -0.157785
v -0.02626 -0.0258494 -0.155398
v -0.026954 -0.0251344 -0.155398
v -0.014829 -0.0275214 -0.164945
v -0.014326 -0.0275214 -0.165031
v -0.014326 -0.0278384 -0.164945
v -0.009553 -0.0275214 -0.165588
v -0.009553 -0.0298714 -0.164945
v -0.01194 -0.0289934 -0.164945
v -0.00478 -0.0275214 -0.16583
v -0.00478 -0.0306244 -0.164945
v -6.00293e-06 -0.0275214 -0.165838
v -6.00293e-06 -0.0307584 -0.164945
v -0.014326 -0.0227474 -0.165838
v -0.009553 -0.0227474 -0.166146
v -0.014326 -0.0179744 -0.166264
v -0.009553 -0.0179744 -0.166543
v -6.00293e-06 -0.0179744 -0.166774
v -0.016068 -0.0322944 -0.160172
v -0.014326 -0.0322944 -0.161663
v -0.014326 -0.0330604 -0.160172
v -0.012737 -0.0322944 -0.162558
v -0.01194 -0.0322944 -0.16289
v -0.01194 -0.0325644 -0.162558
v -0.009553 -0.0322944 -0.163519
v -0.009553 -0.0332195 -0.162558
v -0.01194 -0.0339414 -0.160172
v -0.009553 -0.0346464 -0.160172
v -0.017605 -0.0299074 -0.162558
v -0.016713 -0.0299074 -0.163085
v -0.016713 -0.0304354 -0.162558
v -0.014326 -0.0299074 -0.164044
v -0.014326 -0.0316494 -0.162558
v -0.016713 -0.0275214 -0.164527
v -0.016713 -0.0319754 -0.160172
v -0.01194 -0.0299074 -0.164596
v -0.009553 -0.0299074 -0.164932
v -0.017689 -0.0322944 -0.157785
v -0.016713 -0.0322944 -0.15942
v -0.016713 -0.0327805 -0.157785
v -0.014326 -0.0338504 -0.157785
v -0.016713 -0.0331394 -0.155398
v -0.01836 -0.0322944 -0.155398
v -0.014326 -0.0342334 -0.155398
v -0.012074 -0.0346814 -0.157785
v -0.01194 -0.0346814 -0.157967
v -0.01194 -0.0347264 -0.157785
v -0.009553 -0.0346814 -0.160094
v -0.009553 -0.0354905 -0.157785
v -0.01194 -0.0351354 -0.155398
v -0.013178 -0.0346814 -0.155398
v -0.009553 -0.0359335 -0.155398
v -0.007166 -0.0322944 -0.163869
v -0.007166 -0.0337245 -0.162558
v -0.00478 -0.0322944 -0.164101
v -0.00478 -0.0340984 -0.162558
v -0.009418 -0.0346814 -0.160172
v -0.007166 -0.0346814 -0.161185
v -0.007166 -0.0352014 -0.160172
v -0.00478 -0.0346814 -0.161822
v -0.00478 -0.0356274 -0.160172
v -0.002393 -0.0322944 -0.164229
v -0.002393 -0.0343654 -0.162558
v -6.00293e-06 -0.0322944 -0.164257
v -6.00293e-06 -0.0345094 -0.162558
v -0.002393 -0.0346814 -0.1622
v -0.002393 -0.0359394 -0.160172
v -6.00293e-06 -0.0346814 -0.162379
v -6.00293e-06 -0.0361254 -0.160172
v -0.007166 -0.0360774 -0.157785
v -0.00478 -0.0364895 -0.157785
v -0.007166 -0.0365094 -0.155398
v -0.00478 -0.0369095 -0.155398
v -0.002393 -0.0367785 -0.157785
v -6.00293e-06 -0.0369154 -0.157785
v -0.028646 -0.00842745 -0.165278
v -0.028646 -0.0109824 -0.164945
v -0.028757 -0.0108144 -0.164945
v -0.030128 -0.00842745 -0.164945
v -0.023873 -0.0132004 -0.165528
v -0.027076 -0.0132004 -0.164945
v -0.0191 -0.0132004 -0.166141
v -0.023873 -0.00842745 -0.165894
v -0.0191 -0.00842745 -0.166393
v -0.028646 -0.00365445 -0.165596
v -0.031166 -0.00365445 -0.164945
v -0.028646 0.00111955 -0.165657
v -0.031464 0.00111955 -0.164945
v -0.0191 0.00111955 -0.166795
v -0.034376 -0.0132004 -0.160172
v -0.03342 -0.0132004 -0.161651
v -0.03342 -0.0152024 -0.160172
v -0.031221 -0.0155874 -0.162558
v -0.031033 -0.0155874 -0.162706
v -0.031033 -0.0158884 -0.162558
v -0.028646 -0.0155874 -0.164053
v -0.031033 -0.0132004 -0.163644
v -0.032574 -0.0132004 -0.162558
v -0.028646 -0.0132004 -0.164588
v -0.033211 -0.0155874 -0.160172
v -0.033622 -0.0108144 -0.162558
v -0.03342 -0.0108144 -0.162761
v -0.03342 -0.0113424 -0.162558
v -0.03342 -0.00842745 -0.163394
v -0.034366 -0.00842745 -0.162558
v -0.035294 -0.0108144 -0.160172
v -0.036042 -0.00842745 -0.160172
v -0.035807 -0.00842745 -0.160609
v -0.035807 -0.00923045 -0.160172
v -0.031033 -0.0108144 -0.164261
v -0.031033 -0.00842745 -0.164658
v -0.034253 -0.0155874 -0.157785
v -0.03342 -0.0155874 -0.1598
v -0.03342 -0.0170104 -0.157785
v -0.035374 -0.0132004 -0.157785
v -0.03342 -0.0177104 -0.155398
v -0.034753 -0.0155874 -0.155398
v -0.035864 -0.0132004 -0.155398
v -0.035807 -0.0132004 -0.15585
v -0.035807 -0.0133494 -0.155398
v -0.036232 -0.0108144 -0.157785
v -0.035807 -0.0108144 -0.159027
v -0.035807 -0.0120454 -0.157785
v -0.036997 -0.00842745 -0.157785
v -0.036741 -0.0108144 -0.155398
v -0.037516 -0.00842745 -0.155398
v -0.03342 -0.00604045 -0.163744
v -0.034912 -0.00604045 -0.162558
v -0.03342 -0.00365445 -0.16395
v -0.035295 -0.00365445 -0.162558
v -0.036652 -0.00604045 -0.160172
v -0.035807 -0.00604045 -0.161523
v -0.037109 -0.00365445 -0.160172
v -0.035807 -0.00365445 -0.162038
v -0.03342 -0.00126745 -0.164069
v -0.035576 -0.00126745 -0.162558
v -0.03342 0.00111955 -0.16415
v -0.03577 0.00111955 -0.162558
v -0.037455 -0.00126745 -0.160172
v -0.035807 -0.00126745 -0.162347
v -0.037682 0.00111955 -0.160172
v -0.035807 0.00111955 -0.162527
v -0.037603 -0.00604045 -0.157785
v -0.03804 -0.00365445 -0.157785
v -0.038092 -0.00604045 -0.155398
v -0.009553 -0.00842745 -0.167177
v -6.00293e-06 -0.00842745 -0.167482
v -0.009553 0.00111955 -0.167525
v -6.00293e-06 0.00111955 -0.16764
v -0.002393 -0.0371034 -0.153012
v -0.003686 -0.0370674 -0.153012
v -6.00293e-06 -0.0370674 -0.153543
v -0.000962003 -0.0370674 -0.153012
v -0.002393 -0.0370674 -0.15262
v -0.000159003 -0.0370674 -0.124371
v -6.00293e-06 -0.0370674 -0.12452
v -6.00293e-06 -0.0370784 -0.124371
v -6.00293e-06 -0.0372024 -0.121985
v -0.001692 -0.0370674 -0.121985
v -6.00293e-06 -0.0372184 -0.119598
v -0.002133 -0.0370674 -0.119598
v -6.00293e-06 -0.0371764 -0.117211
v -0.00196 -0.0370674 -0.117211
v -0.038328 -0.00604045 -0.153012
v -0.038193 -0.00604045 -0.154589
v -0.038193 -0.00673845 -0.153012
v -0.038681 -0.00365445 -0.153012
v -0.038193 -0.00702745 -0.150625
v -0.038421 -0.00604045 -0.150625
v -0.038821 -0.00365445 -0.150625
v -0.038978 -0.00126745 -0.153012
v -0.039178 0.00111955 -0.153012
v -0.039082 -0.00126745 -0.150625
v -0.039204 0.00111955 -0.150625
v -0.038193 -0.00689045 -0.148238
v -0.038424 -0.00604045 -0.148238
v -0.038893 -0.00365445 -0.148238
v -0.038193 -0.00694045 -0.145852
v -0.038457 -0.00604045 -0.145852
v -0.038958 -0.00365445 -0.145852
v -0.039104 -0.00126745 -0.148238
v -0.03917 0.00111955 -0.148238
v -0.039166 -0.00126745 -0.145852
v -0.039198 0.00111955 -0.145852
v -0.038255 -0.00842745 -0.141078
v -0.038193 -0.00842745 -0.141589
v -0.038193 -0.00858845 -0.141078
v -0.038193 -0.00888545 -0.138692
v -0.038381 -0.00842745 -0.138692
v -0.038193 -0.00895445 -0.136305
v -0.038423 -0.00842745 -0.136305
v -0.038193 -0.00767045 -0.143465
v -0.038675 -0.00604045 -0.143465
v -0.039146 -0.00365445 -0.143465
v -0.039006 -0.00604045 -0.141078
v -0.039417 -0.00365445 -0.141078
v -0.039347 -0.00126745 -0.143465
v -0.03933 0.00111955 -0.143465
v -0.039526 -0.00126745 -0.141078
v -0.03947 0.00111955 -0.141078
v -0.039198 -0.00604045 -0.138692
v -0.039606 -0.00365445 -0.138692
v -0.039272 -0.00604045 -0.136305
v -0.039671 -0.00365445 -0.136305
v -0.039646 -0.00126745 -0.138692
v -0.039586 0.00111955 -0.138692
v -0.039699 -0.00126745 -0.136305
v -0.039678 0.00111955 -0.136305
v -0.038193 -0.00914045 -0.133918
v -0.038513 -0.00842745 -0.133918
v -0.038193 -0.00915245 -0.131531
v -0.038504 -0.00842745 -0.131531
v -0.038193 -0.00899645 -0.129145
v -0.038427 -0.00842745 -0.129145
v -0.038193 -0.00884445 -0.126758
v -0.038365 -0.00842745 -0.126758
v -0.03933 -0.00604045 -0.133918
v -0.039674 -0.00365445 -0.133918
v -0.039299 -0.00604045 -0.131531
v -0.03967 -0.00365445 -0.131531
v -0.039718 -0.00126745 -0.133918
v -0.039747 0.00111955 -0.133918
v -0.03976 -0.00126745 -0.131531
v -0.039783 0.00111955 -0.131531
v -0.039243 -0.00604045 -0.129145
v -0.039698 -0.00365445 -0.129145
v -0.039225 -0.00604045 -0.126758
v -0.039763 -0.00365445 -0.126758
v -0.039819 -0.00126745 -0.129145
v -0.039784 0.00111955 -0.129145
v -0.039912 -0.00126745 -0.126758
v -0.039803 0.00111955 -0.126758
v -0.038193 -0.00886245 -0.124371
v -0.038368 -0.00842745 -0.124371
v -0.038193 -0.00918245 -0.121985
v -0.038478 -0.00842745 -0.121985
v -0.038193 -0.00950845 -0.119598
v -0.038584 -0.00842745 -0.119598
v -0.038193 -0.00967445 -0.117211
v -0.038643 -0.00842745 -0.117211
v -0.039222 -0.00604045 -0.124371
v -0.039823 -0.00365445 -0.124371
v -0.039265 -0.00604045 -0.121985
v -0.039857 -0.00365445 -0.121985
v -0.040034 -0.00126745 -0.124371
v -0.039856 0.00111955 -0.124371
v -0.040093 -0.00126745 -0.121985
v -0.039856 0.00111955 -0.121985
v -0.039351 -0.00604045 -0.119598
v -0.039914 -0.00365445 -0.119598
v -0.03946 -0.00604045 -0.117211
v -0.039994 -0.00365445 -0.117211
v -0.040111 -0.00126745 -0.119598
v -0.039841 0.00111955 -0.119598
v -0.04014 -0.00126745 -0.117211
v -0.039916 0.00111955 -0.117211
v -0.023873 -0.0283184 -0.153012
v -0.024749 -0.0275214 -0.153012
v -0.023873 -0.0282184 -0.150625
v -0.024721 -0.0275214 -0.150625
v -0.021486 -0.0302054 -0.153012
v -0.021895 -0.0299074 -0.153012
v -0.0191 -0.0318704 -0.153012
v -0.021486 -0.0299494 -0.150625
v -0.021548 -0.0299074 -0.150625
v -0.0191 -0.0316494 -0.150625
v -0.023873 -0.0280444 -0.148238
v -0.024565 -0.0275214 -0.148238
v -0.023873 -0.0278584 -0.145852
v -0.024323 -0.0275214 -0.145852
v -0.021486 -0.0299074 -0.150263
v -0.0191 -0.0314294 -0.148238
v -0.02123 -0.0299074 -0.148238
v -0.021486 -0.0297304 -0.148238
v -0.0191 -0.0313274 -0.145852
v -0.021076 -0.0299074 -0.145852
v -0.021486 -0.0296124 -0.145852
v -0.028646 -0.0236174 -0.153012
v -0.029472 -0.0227474 -0.153012
v -0.028646 -0.0237864 -0.150625
v -0.029602 -0.0227474 -0.150625
v -0.031033 -0.0209384 -0.153012
v -0.031485 -0.0203604 -0.153012
v -0.033243 -0.0179744 -0.153012
v -0.031033 -0.0209744 -0.150625
v -0.031475 -0.0203604 -0.150625
v -0.033108 -0.0179744 -0.150625
v -0.028646 -0.0238604 -0.148238
v -0.029668 -0.0227474 -0.148238
v -0.028646 -0.0237764 -0.145852
v -0.029637 -0.0227474 -0.145852
v -0.031033 -0.0210394 -0.148238
v -0.031516 -0.0203604 -0.148238
v -0.033088 -0.0179744 -0.148238
v -0.031033 -0.0210854 -0.145852
v -0.031563 -0.0203604 -0.145852
v -0.03313 -0.0179744 -0.145852
v -0.02626 -0.0260204 -0.153012
v -0.02714 -0.0251344 -0.153012
v -0.02626 -0.0261144 -0.150625
v -0.027287 -0.0251344 -0.150625
v -0.02626 -0.0260954 -0.148238
v -0.027329 -0.0251344 -0.148238
v -0.02626 -0.0259364 -0.145852
v -0.027186 -0.0251344 -0.145852
v -0.023873 -0.0277284 -0.143465
v -0.024141 -0.0275214 -0.143465
v -0.023873 -0.0277424 -0.141078
v -0.024156 -0.0275214 -0.141078
v -0.0191 -0.0313304 -0.143465
v -0.02101 -0.0299074 -0.143465
v -0.021486 -0.0295514 -0.143465
v -0.0191 -0.0314524 -0.141078
v -0.021093 -0.0299074 -0.141078
v -0.021486 -0.0296024 -0.141078
v -0.023873 -0.0279374 -0.138692
v -0.024392 -0.0275214 -0.138692
v -0.023873 -0.0281834 -0.136305
v -0.024653 -0.0275214 -0.136305
v -0.0191 -0.0316645 -0.138692
v -0.021388 -0.0299074 -0.138692
v -0.021486 -0.0298304 -0.138692
v -0.021713 -0.0299074 -0.136305
v -0.021486 -0.0299074 -0.138079
v -0.021486 -0.0300784 -0.136305
v -0.0191 -0.0318325 -0.136305
v -0.028646 -0.0236624 -0.143465
v -0.029566 -0.0227474 -0.143465
v -0.028646 -0.0236554 -0.141078
v -0.029559 -0.0227474 -0.141078
v -0.031033 -0.0210464 -0.143465
v -0.031542 -0.0203604 -0.143465
v -0.03316 -0.0179744 -0.143465
v -0.031033 -0.0210254 -0.141078
v -0.031525 -0.0203604 -0.141078
v -0.033181 -0.0179744 -0.141078
v -0.028646 -0.0236974 -0.138692
v -0.029547 -0.0227474 -0.138692
v -0.028646 -0.0237354 -0.136305
v -0.029532 -0.0227474 -0.136305
v -0.031033 -0.0209784 -0.138692
v -0.031497 -0.0203604 -0.138692
v -0.033215 -0.0179744 -0.138692
v -0.031033 -0.0209084 -0.136305
v -0.03145 -0.0203604 -0.136305
v -0.033237 -0.0179744 -0.136305
v -0.02626 -0.0257594 -0.143465
v -0.026994 -0.0251344 -0.143465
v -0.02626 -0.0257534 -0.141078
v -0.026985 -0.0251344 -0.141078
v -0.02626 -0.0259204 -0.138692
v -0.027139 -0.0251344 -0.138692
v -0.02626 -0.0260724 -0.136305
v -0.027258 -0.0251344 -0.136305
v -0.016713 -0.0332014 -0.153012
v -0.018395 -0.0322944 -0.153012
v -0.014326 -0.0343294 -0.153012
v -0.016713 -0.0330774 -0.150625
v -0.018113 -0.0322944 -0.150625
v -0.014326 -0.0342054 -0.150625
v -0.01194 -0.0352585 -0.153012
v -0.01346 -0.0346814 -0.153012
v -0.009553 -0.0360415 -0.153012
v -0.01194 -0.0351244 -0.150625
v -0.013133 -0.0346814 -0.150625
v -0.009553 -0.0358904 -0.150625
v -0.016713 -0.0328774 -0.148238
v -0.017772 -0.0322944 -0.148238
v -0.014326 -0.0340124 -0.148238
v -0.016713 -0.0327625 -0.145852
v -0.017578 -0.0322944 -0.145852
v -0.014326 -0.0339344 -0.145852
v -0.01194 -0.0349185 -0.148238
v -0.012618 -0.0346814 -0.148238
v -0.009553 -0.0356154 -0.148238
v -0.01194 -0.0348424 -0.145852
v -0.012433 -0.0346814 -0.145852
v -0.009553 -0.0354474 -0.145852
v -0.007166 -0.0365964 -0.153012
v -0.00478 -0.0369684 -0.153012
v -0.007166 -0.0364314 -0.150625
v -0.00478 -0.0367584 -0.150625
v -6.00293e-06 -0.0370134 -0.153012
v -0.002393 -0.0368274 -0.150625
v -6.00293e-06 -0.0367375 -0.150625
v -0.007166 -0.0361164 -0.148238
v -0.00478 -0.0364404 -0.148238
v -0.007166 -0.0358774 -0.145852
v -0.00478 -0.0362115 -0.145852
v -0.002393 -0.0365305 -0.148238
v -6.00293e-06 -0.0365024 -0.148238
v -0.002393 -0.0363784 -0.145852
v -6.00293e-06 -0.0364054 -0.145852
v -0.016713 -0.0327945 -0.143465
v -0.01762 -0.0322944 -0.143465
v -0.014326 -0.0339764 -0.143465
v -0.016713 -0.0329304 -0.141078
v -0.017844 -0.0322944 -0.141078
v -0.014326 -0.0340774 -0.141078
v -0.01194 -0.0348565 -0.143465
v -0.012496 -0.0346814 -0.143465
v -0.009553 -0.0354535 -0.143465
v -0.01194 -0.0349294 -0.141078
v -0.012707 -0.0346814 -0.141078
v -0.009553 -0.0355854 -0.141078
v -0.016713 -0.0331164 -0.138692
v -0.018151 -0.0322944 -0.138692
v -0.014326 -0.0342324 -0.138692
v -0.016713 -0.0332434 -0.136305
v -0.018385 -0.0322944 -0.136305
v -0.014326 -0.0343484 -0.136305
v -0.01194 -0.0350764 -0.138692
v -0.013111 -0.0346814 -0.138692
v -0.009553 -0.0357394 -0.138692
v -0.01194 -0.0351984 -0.136305
v -0.013448 -0.0346814 -0.136305
v -0.009553 -0.0358064 -0.136305
v -0.007166 -0.0358474 -0.143465
v -0.00478 -0.0361364 -0.143465
v -0.007166 -0.0359644 -0.141078
v -0.00478 -0.0361664 -0.141078
v -0.002393 -0.0363634 -0.143465
v -6.00293e-06 -0.0364685 -0.143465
v -0.002393 -0.0363964 -0.141078
v -6.00293e-06 -0.0365784 -0.141078
v -0.007166 -0.0360704 -0.138692
v -0.00478 -0.0362144 -0.138692
v -0.007166 -0.0360814 -0.136305
v -0.00478 -0.0362164 -0.136305
v -0.002393 -0.0364074 -0.138692
v -6.00293e-06 -0.0366144 -0.138692
v -0.002393 -0.0363964 -0.136305
v -6.00293e-06 -0.0366084 -0.136305
v -0.03342 -0.0177124 -0.153012
v -0.034749 -0.0155874 -0.153012
v -0.035807 -0.0134044 -0.153012
v -0.035889 -0.0132004 -0.153012
v -0.03342 -0.0174864 -0.150625
v -0.034564 -0.0155874 -0.150625
v -0.035807 -0.0132004 -0.151789
v -0.035745 -0.0132004 -0.150625
v -0.036859 -0.0108144 -0.153012
v -0.03774 -0.00842745 -0.153012
v -0.035807 -0.0130574 -0.150625
v -0.036802 -0.0108144 -0.150625
v -0.037772 -0.00842745 -0.150625
v -0.03342 -0.0174264 -0.148238
v -0.034489 -0.0155874 -0.148238
v -0.035695 -0.0132004 -0.148238
v -0.03342 -0.0174874 -0.145852
v -0.034518 -0.0155874 -0.145852
v -0.035719 -0.0132004 -0.145852
v -0.035807 -0.0129494 -0.148238
v -0.036743 -0.0108144 -0.148238
v -0.037698 -0.00842745 -0.148238
v -0.035807 -0.0129944 -0.145852
v -0.036711 -0.0108144 -0.145852
v -0.037674 -0.00842745 -0.145852
v -0.03342 -0.0175604 -0.143465
v -0.034621 -0.0155874 -0.143465
v -0.035845 -0.0132004 -0.143465
v -0.035807 -0.0132004 -0.14396
v -0.035807 -0.0132874 -0.143465
v -0.03342 -0.0176124 -0.141078
v -0.034719 -0.0155874 -0.141078
v -0.035807 -0.0136274 -0.141078
v -0.036021 -0.0132004 -0.141078
v -0.036905 -0.0108144 -0.143465
v -0.037917 -0.00842745 -0.143465
v -0.037215 -0.0108144 -0.141078
v -0.03342 -0.0176744 -0.138692
v -0.034793 -0.0155874 -0.138692
v -0.035807 -0.0138144 -0.138692
v -0.036123 -0.0132004 -0.138692
v -0.03342 -0.0177174 -0.136305
v -0.034858 -0.0155874 -0.136305
v -0.035807 -0.0139154 -0.136305
v -0.036159 -0.0132004 -0.136305
v -0.037321 -0.0108144 -0.138692
v -0.037319 -0.0108144 -0.136305
v -0.023873 -0.0283604 -0.133918
v -0.024857 -0.0275214 -0.133918
v -0.023873 -0.0284774 -0.131531
v -0.025062 -0.0275214 -0.131531
v -0.021486 -0.0301894 -0.133918
v -0.021873 -0.0299074 -0.133918
v -0.0191 -0.0319084 -0.133918
v -0.021486 -0.0302694 -0.131531
v -0.021971 -0.0299074 -0.131531
v -0.0191 -0.0320304 -0.131531
v -0.023873 -0.0285754 -0.129145
v -0.025243 -0.0275214 -0.129145
v -0.023873 -0.0286964 -0.126758
v -0.025373 -0.0275214 -0.126758
v -0.021486 -0.0303724 -0.129145
v -0.022093 -0.0299074 -0.129145
v -0.0191 -0.0321804 -0.129145
v -0.021486 -0.0304604 -0.126758
v -0.022231 -0.0299074 -0.126758
v -0.0191 -0.0321995 -0.126758
v -0.028646 -0.0238524 -0.133918
v -0.029651 -0.0227474 -0.133918
v -0.028646 -0.0241184 -0.131531
v -0.029903 -0.0227474 -0.131531
v -0.031033 -0.0210534 -0.133918
v -0.031552 -0.0203604 -0.133918
v -0.033264 -0.0179744 -0.133918
v -0.031033 -0.0213594 -0.131531
v -0.031767 -0.0203604 -0.131531
v -0.033353 -0.0179744 -0.131531
v -0.028646 -0.0243574 -0.129145
v -0.030082 -0.0227474 -0.129145
v -0.028646 -0.0244694 -0.126758
v -0.030189 -0.0227474 -0.126758
v -0.033443 -0.0179744 -0.126758
v -0.03342 -0.0179744 -0.127623
v -0.03342 -0.0180154 -0.126758
v -0.031033 -0.0215374 -0.129145
v -0.031881 -0.0203604 -0.129145
v -0.033403 -0.0179744 -0.129145
v -0.031033 -0.0216614 -0.126758
v -0.031952 -0.0203604 -0.126758
v -0.02626 -0.0262124 -0.133918
v -0.027374 -0.0251344 -0.133918
v -0.02626 -0.0264494 -0.131531
v -0.027632 -0.0251344 -0.131531
v -0.02626 -0.0266584 -0.129145
v -0.02788 -0.0251344 -0.129145
v -0.02626 -0.0267544 -0.126758
v -0.027982 -0.0251344 -0.126758
v -0.023873 -0.0288454 -0.124371
v -0.025506 -0.0275214 -0.124371
v -0.023873 -0.0290064 -0.121985
v -0.02568 -0.0275214 -0.121985
v -0.021486 -0.0305714 -0.124371
v -0.02242 -0.0299074 -0.124371
v -0.0191 -0.0322004 -0.124371
v -0.021486 -0.0307044 -0.121985
v -0.02263 -0.0299074 -0.121985
v -0.0191 -0.0322694 -0.121985
v -0.019161 -0.0322944 -0.119598
v -0.0191 -0.0322944 -0.12118
v -0.0191 -0.0323285 -0.119598
v -0.0191 -0.0323375 -0.117211
v -0.019179 -0.0322944 -0.117211
v -0.023873 -0.0291204 -0.119598
v -0.025753 -0.0275214 -0.119598
v -0.023873 -0.0291224 -0.117211
v -0.025673 -0.0275214 -0.117211
v -0.021486 -0.0308114 -0.119598
v -0.022798 -0.0299074 -0.119598
v -0.021486 -0.0308594 -0.117211
v -0.022844 -0.0299074 -0.117211
v -0.028646 -0.0245764 -0.124371
v -0.030356 -0.0227474 -0.124371
v -0.028646 -0.0246694 -0.121985
v -0.030485 -0.0227474 -0.121985
v -0.03342 -0.0183014 -0.124371
v -0.033611 -0.0179744 -0.124371
v -0.03342 -0.0186424 -0.121985
v -0.033831 -0.0179744 -0.121985
v -0.031033 -0.0219004 -0.124371
v -0.032122 -0.0203604 -0.124371
v -0.031033 -0.0220944 -0.121985
v -0.032303 -0.0203604 -0.121985
v -0.028646 -0.0246134 -0.119598
v -0.030427 -0.0227474 -0.119598
v -0.028646 -0.0244374 -0.117211
v -0.030213 -0.0227474 -0.117211
v -0.03342 -0.0188724 -0.119598
v -0.034009 -0.0179744 -0.119598
v -0.03342 -0.0188894 -0.117211
v -0.034072 -0.0179744 -0.117211
v -0.031033 -0.0220594 -0.119598
v -0.032371 -0.0203604 -0.119598
v -0.031033 -0.0218184 -0.117211
v -0.032259 -0.0203604 -0.117211
v -0.02626 -0.0268444 -0.124371
v -0.02807 -0.0251344 -0.124371
v -0.02626 -0.0269904 -0.121985
v -0.028174 -0.0251344 -0.121985
v -0.02626 -0.0270374 -0.119598
v -0.028139 -0.0251344 -0.119598
v -0.02626 -0.0269364 -0.117211
v -0.027988 -0.0251344 -0.117211
v -0.016713 -0.0332774 -0.133918
v -0.018487 -0.0322944 -0.133918
v -0.014326 -0.0343774 -0.133918
v -0.016713 -0.0333694 -0.131531
v -0.018685 -0.0322944 -0.131531
v -0.014326 -0.0343975 -0.131531
v -0.01194 -0.0352274 -0.133918
v -0.013544 -0.0346814 -0.133918
v -0.009553 -0.0358025 -0.133918
v -0.01194 -0.0352055 -0.131531
v -0.013546 -0.0346814 -0.131531
v -0.009553 -0.0357854 -0.131531
v -0.016713 -0.0334664 -0.129145
v -0.018926 -0.0322944 -0.129145
v -0.014326 -0.0343745 -0.129145
v -0.016713 -0.0334235 -0.126758
v -0.018948 -0.0322944 -0.126758
v -0.014326 -0.0343024 -0.126758
v -0.01194 -0.0351604 -0.129145
v -0.013413 -0.0346814 -0.129145
v -0.009553 -0.0357685 -0.129145
v -0.01194 -0.0351045 -0.126758
v -0.013205 -0.0346814 -0.126758
v -0.009553 -0.0357504 -0.126758
v -0.007166 -0.0360774 -0.133918
v -0.00478 -0.0362564 -0.133918
v -0.007166 -0.0360904 -0.131531
v -0.00478 -0.0363244 -0.131531
v -0.002393 -0.0364774 -0.133918
v -6.00293e-06 -0.0366874 -0.133918
v -0.002393 -0.0366054 -0.131531
v -6.00293e-06 -0.0368044 -0.131531
v -0.007166 -0.0360654 -0.129145
v -0.00478 -0.0363074 -0.129145
v -0.007166 -0.0360684 -0.126758
v -0.00478 -0.0363174 -0.126758
v -0.002393 -0.0366314 -0.129145
v -6.00293e-06 -0.0368554 -0.129145
v -0.002393 -0.0366595 -0.126758
v -6.00293e-06 -0.0369244 -0.126758
v -0.016713 -0.0333944 -0.124371
v -0.018941 -0.0322944 -0.124371
v -0.014326 -0.0343094 -0.124371
v -0.016713 -0.0334814 -0.121985
v -0.019057 -0.0322944 -0.121985
v -0.014326 -0.0344334 -0.121985
v -0.01194 -0.0351144 -0.124371
v -0.013251 -0.0346814 -0.124371
v -0.009553 -0.0357664 -0.124371
v -0.01194 -0.0352355 -0.121985
v -0.013624 -0.0346814 -0.121985
v -0.009553 -0.0358485 -0.121985
v -0.016713 -0.0335635 -0.119598
v -0.014326 -0.0345514 -0.119598
v -0.016713 -0.0335504 -0.117211
v -0.014326 -0.0345494 -0.117211
v -0.01194 -0.0353525 -0.119598
v -0.013967 -0.0346814 -0.119598
v -0.009553 -0.0359315 -0.119598
v -0.01194 -0.0353295 -0.117211
v -0.013957 -0.0346814 -0.117211
v -0.009553 -0.0359134 -0.117211
v -0.007166 -0.0361614 -0.124371
v -0.00478 -0.0364714 -0.124371
v -0.007166 -0.0362505 -0.121985
v -0.00478 -0.0366244 -0.121985
v -0.002393 -0.0368194 -0.124371
v -0.002393 -0.0369844 -0.121985
v -0.007166 -0.0363044 -0.119598
v -0.00478 -0.0366915 -0.119598
v -0.007166 -0.0363204 -0.117211
v -0.00478 -0.0366974 -0.117211
v -0.002393 -0.0370405 -0.119598
v -0.002393 -0.0370265 -0.117211
v -0.03342 -0.0177464 -0.133918
v -0.034866 -0.0155874 -0.133918
v -0.035807 -0.0139354 -0.133918
v -0.036167 -0.0132004 -0.133918
v -0.03342 -0.0178664 -0.131531
v -0.034835 -0.0155874 -0.131531
v -0.035807 -0.0138464 -0.131531
v -0.036133 -0.0132004 -0.131531
v -0.037364 -0.0108144 -0.133918
v -0.037376 -0.0108144 -0.131531
v -0.03342 -0.0179444 -0.129145
v -0.034732 -0.0155874 -0.129145
v -0.035807 -0.0135704 -0.129145
v -0.036001 -0.0132004 -0.129145
v -0.034717 -0.0155874 -0.126758
v -0.035807 -0.0134404 -0.126758
v -0.035929 -0.0132004 -0.126758
v -0.037308 -0.0108144 -0.129145
v -0.037233 -0.0108144 -0.126758
v -0.034943 -0.0155874 -0.124371
v -0.035807 -0.0138174 -0.124371
v -0.036097 -0.0132004 -0.124371
v -0.035233 -0.0155874 -0.121985
v -0.035807 -0.0144424 -0.121985
v -0.036387 -0.0132004 -0.121985
v -0.037292 -0.0108144 -0.124371
v -0.037498 -0.0108144 -0.121985
v -0.035451 -0.0155874 -0.119598
v -0.035807 -0.0148994 -0.119598
v -0.036623 -0.0132004 -0.119598
v -0.03556 -0.0155874 -0.117211
v -0.035807 -0.0151204 -0.117211
v -0.03675 -0.0132004 -0.117211
v -0.037679 -0.0108144 -0.119598
v -0.037769 -0.0108144 -0.117211
v -6.00293e-06 -0.0371274 -0.114824
v -0.001366 -0.0370674 -0.114824
v -6.00293e-06 -0.0371174 -0.112438
v -0.001001 -0.0370674 -0.112438
v -6.00293e-06 -0.0371524 -0.110051
v -0.001509 -0.0370674 -0.110051
v -6.00293e-06 -0.0371774 -0.107664
v -0.001936 -0.0370674 -0.107664
v -6.00293e-06 -0.0371875 -0.105278
v -0.001551 -0.0370674 -0.105278
v -6.00293e-06 -0.0371984 -0.102891
v -0.001382 -0.0370674 -0.102891
v -6.00293e-06 -0.0371875 -0.100504
v -0.001409 -0.0370674 -0.100504
v -6.00293e-06 -0.0371224 -0.0981175
v -0.000930003 -0.0370674 -0.0981175
v -6.00293e-06 -0.0370674 -0.0963095
v -0.00147 -0.0370674 -0.0933445
v -6.00293e-06 -0.0370674 -0.0948735
v -6.00293e-06 -0.0371454 -0.0933445
v -0.003328 -0.0370674 -0.0909575
v -0.002393 -0.0370674 -0.0923295
v -0.002393 -0.0371754 -0.0909575
v -6.00293e-06 -0.0373435 -0.0909575
v -0.002393 -0.0373314 -0.0885715
v -0.004462 -0.0370674 -0.0885715
v -6.00293e-06 -0.0374975 -0.0885715
v -0.005174 -0.0370674 -0.0861845
v -0.00478 -0.0370674 -0.0876725
v -0.00478 -0.0371304 -0.0861845
v -0.00478 -0.0371625 -0.0837975
v -0.005423 -0.0370674 -0.0837975
v -0.002393 -0.0374204 -0.0861845
v -6.00293e-06 -0.0375764 -0.0861845
v -0.002393 -0.0374274 -0.0837975
v -6.00293e-06 -0.0375834 -0.0837975
v -0.00478 -0.0371374 -0.0814115
v -0.005308 -0.0370674 -0.0814115
v -0.00478 -0.0371154 -0.0790245
v -0.005178 -0.0370674 -0.0790245
v -0.002393 -0.0373825 -0.0814115
v -6.00293e-06 -0.0375435 -0.0814115
v -0.002393 -0.0373494 -0.0790245
v -6.00293e-06 -0.0375034 -0.0790245
v -0.038193 -0.0100104 -0.114824
v -0.038791 -0.00842745 -0.114824
v -0.038193 -0.0103674 -0.112438
v -0.038961 -0.00842745 -0.112438
v -0.038193 -0.0104264 -0.110051
v -0.038975 -0.00842745 -0.110051
v -0.038193 -0.0104284 -0.107664
v -0.038953 -0.00842745 -0.107664
v -0.039594 -0.00604045 -0.114824
v -0.040045 -0.00365445 -0.114824
v -0.039695 -0.00604045 -0.112438
v -0.040064 -0.00365445 -0.112438
v -0.040196 -0.00126745 -0.114824
v -0.040075 0.00111955 -0.114824
v -0.04025 -0.00126745 -0.112438
v -0.040203 0.00111955 -0.112438
v -0.039678 -0.00604045 -0.110051
v -0.040034 -0.00365445 -0.110051
v -0.039624 -0.00604045 -0.107664
v -0.039983 -0.00365445 -0.107664
v -0.040201 -0.00126745 -0.110051
v -0.040153 0.00111955 -0.110051
v -0.0401 -0.00126745 -0.107664
v -0.039989 0.00111955 -0.107664
v -0.038193 -0.0105174 -0.105278
v -0.038991 -0.00842745 -0.105278
v -0.038193 -0.0104464 -0.102891
v -0.038983 -0.00842745 -0.102891
v -0.038193 -0.0102284 -0.100504
v -0.038935 -0.00842745 -0.100504
v -0.038193 -0.00996545 -0.0981175
v -0.03885 -0.00842745 -0.0981175
v -0.039617 -0.00604045 -0.105278
v -0.039941 -0.00365445 -0.105278
v -0.039608 -0.00604045 -0.102891
v -0.039887 -0.00365445 -0.102891
v -0.039988 -0.00126745 -0.105278
v -0.039812 0.00111955 -0.105278
v -0.039845 -0.00126745 -0.102891
v -0.039629 0.00111955 -0.102891
v -0.03961 -0.00604045 -0.100504
v -0.039879 -0.00365445 -0.100504
v -0.039584 -0.00604045 -0.0981175
v -0.039901 -0.00365445 -0.0981175
v -0.039797 -0.00126745 -0.100504
v -0.039544 0.00111955 -0.100504
v -0.039861 -0.00126745 -0.0981175
v -0.039611 0.00111955 -0.0981175
v -0.038193 -0.00972145 -0.0957315
v -0.038707 -0.00842745 -0.0957315
v -0.038193 -0.00974545 -0.0933445
v -0.038639 -0.00842745 -0.0933445
v -0.038193 -0.00990345 -0.0909575
v -0.038645 -0.00842745 -0.0909575
v -0.038193 -0.00990345 -0.0885715
v -0.038658 -0.00842745 -0.0885715
v -0.039451 -0.00604045 -0.0957315
v -0.039841 -0.00365445 -0.0957315
v -0.039284 -0.00604045 -0.0933445
v -0.039716 -0.00365445 -0.0933445
v -0.03991 -0.00126745 -0.0957315
v -0.03975 0.00111955 -0.0957315
v -0.039926 -0.00126745 -0.0933445
v -0.039881 0.00111955 -0.0933445
v -0.039195 -0.00604045 -0.0909575
v -0.039644 -0.00365445 -0.0909575
v -0.039232 -0.00604045 -0.0885715
v -0.039717 -0.00365445 -0.0885715
v -0.03997 -0.00126745 -0.0909575
v -0.040014 0.00111955 -0.0909575
v -0.040116 -0.00126745 -0.0885715
v -0.040227 0.00111955 -0.0885715
v -0.038193 -0.00988545 -0.0861845
v -0.038695 -0.00842745 -0.0861845
v -0.038193 -0.00977445 -0.0837975
v -0.038676 -0.00842745 -0.0837975
v -0.038193 -0.00966945 -0.0814115
v -0.03862 -0.00842745 -0.0814115
v -0.038193 -0.00976845 -0.0790245
v -0.038642 -0.00842745 -0.0790245
v -0.039357 -0.00604045 -0.0861845
v -0.039885 -0.00365445 -0.0861845
v -0.039403 -0.00604045 -0.0837975
v -0.039977 -0.00365445 -0.0837975
v -0.040298 -0.00126745 -0.0861845
v -0.04041 0.00111955 -0.0861845
v -0.040355 -0.00126745 -0.0837975
v -0.040399 0.00111955 -0.0837975
v -0.039326 -0.00604045 -0.0814115
v -0.039913 -0.00365445 -0.0814115
v -0.039281 -0.00604045 -0.0790245
v -0.039783 -0.00365445 -0.0790245
v -0.040255 -0.00126745 -0.0814115
v -0.040195 0.00111955 -0.0814115
v -0.040047 -0.00126745 -0.0790245
v -0.039916 0.00111955 -0.0790245
v -0.0191 -0.0322944 -0.115324
v -0.023873 -0.0290494 -0.114824
v -0.025588 -0.0275214 -0.114824
v -0.023873 -0.0290294 -0.112438
v -0.025614 -0.0275214 -0.112438
v -0.021486 -0.0308064 -0.114824
v -0.022766 -0.0299074 -0.114824
v -0.0191 -0.0322744 -0.114824
v -0.021486 -0.0307044 -0.112438
v -0.022688 -0.0299074 -0.112438
v -0.0191 -0.0321544 -0.112438
v -0.023873 -0.0290044 -0.110051
v -0.02568 -0.0275214 -0.110051
v -0.023873 -0.0288924 -0.107664
v -0.025646 -0.0275214 -0.107664
v -0.021486 -0.0305944 -0.110051
v -0.022574 -0.0299074 -0.110051
v -0.0191 -0.0320365 -0.110051
v -0.021486 -0.0304854 -0.107664
v -0.022385 -0.0299074 -0.107664
v -0.0191 -0.0319684 -0.107664
v -0.028646 -0.0243334 -0.114824
v -0.03002 -0.0227474 -0.114824
v -0.028646 -0.0244044 -0.112438
v -0.030016 -0.0227474 -0.112438
v -0.03342 -0.0187184 -0.114824
v -0.033976 -0.0179744 -0.114824
v -0.03342 -0.0186304 -0.112438
v -0.033901 -0.0179744 -0.112438
v -0.031033 -0.0215524 -0.114824
v -0.032056 -0.0203604 -0.114824
v -0.031033 -0.0215044 -0.112438
v -0.032003 -0.0203604 -0.112438
v -0.028646 -0.0246184 -0.110051
v -0.030217 -0.0227474 -0.110051
v -0.028646 -0.0247444 -0.107664
v -0.030397 -0.0227474 -0.107664
v -0.03342 -0.0187454 -0.110051
v -0.033958 -0.0179744 -0.110051
v -0.03342 -0.0188814 -0.107664
v -0.034045 -0.0179744 -0.107664
v -0.031033 -0.0217234 -0.110051
v -0.03215 -0.0203604 -0.110051
v -0.031033 -0.0219474 -0.107664
v -0.032294 -0.0203604 -0.107664
v -0.02626 -0.0268644 -0.114824
v -0.02792 -0.0251344 -0.114824
v -0.02626 -0.0269094 -0.112438
v -0.027998 -0.0251344 -0.112438
v -0.02626 -0.0269964 -0.110051
v -0.028168 -0.0251344 -0.110051
v -0.02626 -0.0269994 -0.107664
v -0.028263 -0.0251344 -0.107664
v -0.023873 -0.0287874 -0.105278
v -0.025514 -0.0275214 -0.105278
v -0.023873 -0.0287114 -0.102891
v -0.02538 -0.0275214 -0.102891
v -0.021486 -0.0304284 -0.105278
v -0.022265 -0.0299074 -0.105278
v -0.0191 -0.0319664 -0.105278
v -0.021486 -0.0303904 -0.102891
v -0.022191 -0.0299074 -0.102891
v -0.0191 -0.0319745 -0.102891
v -0.023873 -0.0286284 -0.100504
v -0.025243 -0.0275214 -0.100504
v -0.023873 -0.0285314 -0.0981175
v -0.025104 -0.0275214 -0.0981175
v -0.021486 -0.0303264 -0.100504
v -0.0221 -0.0299074 -0.100504
v -0.0191 -0.0319214 -0.100504
v -0.021486 -0.0302544 -0.0981175
v -0.022003 -0.0299074 -0.0981175
v -0.0191 -0.0318374 -0.0981175
v -0.028646 -0.0245964 -0.105278
v -0.030337 -0.0227474 -0.105278
v -0.028646 -0.0243654 -0.102891
v -0.030165 -0.0227474 -0.102891
v -0.03342 -0.0189124 -0.105278
v -0.034073 -0.0179744 -0.105278
v -0.03342 -0.0188114 -0.102891
v -0.034003 -0.0179744 -0.102891
v -0.031033 -0.0219224 -0.105278
v -0.032312 -0.0203604 -0.105278
v -0.031033 -0.0217664 -0.102891
v -0.032217 -0.0203604 -0.102891
v -0.028646 -0.0243134 -0.100504
v -0.030131 -0.0227474 -0.100504
v -0.028646 -0.0243864 -0.0981175
v -0.030214 -0.0227474 -0.0981175
v -0.03342 -0.0186614 -0.100504
v -0.033897 -0.0179744 -0.100504
v -0.03342 -0.0185894 -0.0981175
v -0.033836 -0.0179744 -0.0981175
v -0.031033 -0.0217014 -0.100504
v -0.03212 -0.0203604 -0.100504
v -0.031033 -0.0217604 -0.0981175
v -0.032116 -0.0203604 -0.0981175
v -0.02626 -0.0268824 -0.105278
v -0.028113 -0.0251344 -0.105278
v -0.02626 -0.0267344 -0.102891
v -0.027893 -0.0251344 -0.102891
v -0.02626 -0.0266064 -0.100504
v -0.027809 -0.0251344 -0.100504
v -0.02626 -0.0265174 -0.0981175
v -0.027831 -0.0251344 -0.0981175
v -0.016713 -0.0334905 -0.114824
v -0.019062 -0.0322944 -0.114824
v -0.014326 -0.0344894 -0.114824
v -0.016713 -0.0334034 -0.112438
v -0.018845 -0.0322944 -0.112438
v -0.014326 -0.0344184 -0.112438
v -0.01194 -0.0352335 -0.114824
v -0.013765 -0.0346814 -0.114824
v -0.009553 -0.0358224 -0.114824
v -0.01194 -0.0351645 -0.112438
v -0.013548 -0.0346814 -0.112438
v -0.009553 -0.0357584 -0.112438
v -0.016713 -0.0332765 -0.110051
v -0.018632 -0.0322944 -0.110051
v -0.014326 -0.0343174 -0.110051
v -0.016713 -0.0331844 -0.107664
v -0.018503 -0.0322944 -0.107664
v -0.014326 -0.0342704 -0.107664
v -0.01194 -0.0351304 -0.110051
v -0.013327 -0.0346814 -0.110051
v -0.009553 -0.0357564 -0.110051
v -0.01194 -0.0351564 -0.107664
v -0.013299 -0.0346814 -0.107664
v -0.009553 -0.0358264 -0.107664
v -0.007166 -0.0362654 -0.114824
v -0.00478 -0.0366484 -0.114824
v -0.007166 -0.0362314 -0.112438
v -0.00478 -0.0366464 -0.112438
v -0.002393 -0.0369794 -0.114824
v -0.002393 -0.0369594 -0.112438
v -0.007166 -0.0362875 -0.110051
v -0.00478 -0.0367384 -0.110051
v -0.007166 -0.0363854 -0.107664
v -0.00478 -0.0368164 -0.107664
v -0.002393 -0.0370064 -0.110051
v -0.002393 -0.0370405 -0.107664
v -0.016713 -0.0332094 -0.105278
v -0.018509 -0.0322944 -0.105278
v -0.014326 -0.0343314 -0.105278
v -0.016713 -0.0332515 -0.102891
v -0.018541 -0.0322944 -0.102891
v -0.014326 -0.0343704 -0.102891
v -0.01194 -0.0352144 -0.105278
v -0.01346 -0.0346814 -0.105278
v -0.009553 -0.0358984 -0.105278
v -0.01194 -0.0352174 -0.102891
v -0.013529 -0.0346814 -0.102891
v -0.009553 -0.0358954 -0.102891
v -0.016713 -0.0332224 -0.100504
v -0.01846 -0.0322944 -0.100504
v -0.014326 -0.0343564 -0.100504
v -0.016713 -0.0332114 -0.0981175
v -0.018341 -0.0322944 -0.0981175
v -0.014326 -0.0343944 -0.0981175
v -0.01194 -0.0351844 -0.100504
v -0.013486 -0.0346814 -0.100504
v -0.009553 -0.0358504 -0.100504
v -0.01194 -0.0351914 -0.0981175
v -0.013578 -0.0346814 -0.0981175
v -0.009553 -0.0358095 -0.0981175
v -0.007166 -0.0364324 -0.105278
v -0.00478 -0.0367884 -0.105278
v -0.007166 -0.0364004 -0.102891
v -0.00478 -0.0367044 -0.102891
v -0.002393 -0.0370015 -0.105278
v -0.002393 -0.0369574 -0.102891
v -0.007166 -0.0363644 -0.100504
v -0.00478 -0.0366714 -0.100504
v -0.007166 -0.0363215 -0.0981175
v -0.00478 -0.0366624 -0.0981175
v -0.002393 -0.0369524 -0.100504
v -0.002393 -0.0369344 -0.0981175
v -0.035555 -0.0155874 -0.114824
v -0.035807 -0.0151434 -0.114824
v -0.036822 -0.0132004 -0.114824
v -0.035529 -0.0155874 -0.112438
v -0.035807 -0.0151294 -0.112438
v -0.036887 -0.0132004 -0.112438
v -0.037882 -0.0108144 -0.114824
v -0.038009 -0.0108144 -0.112438
v -0.035531 -0.0155874 -0.110051
v -0.035807 -0.0151334 -0.110051
v -0.036908 -0.0132004 -0.110051
v -0.035565 -0.0155874 -0.107664
v -0.035807 -0.0151654 -0.107664
v -0.036891 -0.0132004 -0.107664
v -0.038034 -0.0108144 -0.110051
v -0.038034 -0.0108144 -0.107664
v -0.035584 -0.0155874 -0.105278
v -0.035807 -0.0151834 -0.105278
v -0.036865 -0.0132004 -0.105278
v -0.035513 -0.0155874 -0.102891
v -0.035807 -0.0150474 -0.102891
v -0.036784 -0.0132004 -0.102891
v -0.038061 -0.0108144 -0.105278
v -0.038022 -0.0108144 -0.102891
v -0.035393 -0.0155874 -0.100504
v -0.035807 -0.0148124 -0.100504
v -0.036647 -0.0132004 -0.100504
v -0.035306 -0.0155874 -0.0981175
v -0.035807 -0.0146334 -0.0981175
v -0.036529 -0.0132004 -0.0981175
v -0.037911 -0.0108144 -0.100504
v -0.037776 -0.0108144 -0.0981175
v -0.023873 -0.0285084 -0.0957315
v -0.025118 -0.0275214 -0.0957315
v -0.023873 -0.0285944 -0.0933445
v -0.025295 -0.0275214 -0.0933445
v -0.021486 -0.0302464 -0.0957315
v -0.021986 -0.0299074 -0.0957315
v -0.0191 -0.0318124 -0.0957315
v -0.021486 -0.0303074 -0.0933445
v -0.022074 -0.0299074 -0.0933445
v -0.0191 -0.0318435 -0.0933445
v -0.023873 -0.0287494 -0.0909575
v -0.025499 -0.0275214 -0.0909575
v -0.023873 -0.0289804 -0.0885715
v -0.025759 -0.0275214 -0.0885715
v -0.021486 -0.0304454 -0.0909575
v -0.02228 -0.0299074 -0.0909575
v -0.0191 -0.0319534 -0.0909575
v -0.021486 -0.0306614 -0.0885715
v -0.022601 -0.0299074 -0.0885715
v -0.0191 -0.0321504 -0.0885715
v -0.028646 -0.0245374 -0.0957315
v -0.030327 -0.0227474 -0.0957315
v -0.028646 -0.0247594 -0.0933445
v -0.030488 -0.0227474 -0.0933445
v -0.03342 -0.0186074 -0.0957315
v -0.033829 -0.0179744 -0.0957315
v -0.03342 -0.0187344 -0.0933445
v -0.033888 -0.0179744 -0.0933445
v -0.031033 -0.0218784 -0.0957315
v -0.032185 -0.0203604 -0.0957315
v -0.031033 -0.0220724 -0.0933445
v -0.032325 -0.0203604 -0.0933445
v -0.028646 -0.0249574 -0.0909575
v -0.030646 -0.0227474 -0.0909575
v -0.028646 -0.0251084 -0.0885715
v -0.030713 -0.0227474 -0.0885715
v -0.03342 -0.0187324 -0.0909575
v -0.03387 -0.0179744 -0.0909575
v -0.03342 -0.0185274 -0.0885715
v -0.03376 -0.0179744 -0.0885715
v -0.031033 -0.0222494 -0.0909575
v -0.032385 -0.0203604 -0.0909575
v -0.031033 -0.0222934 -0.0885715
v -0.032286 -0.0203604 -0.0885715
v -0.02626 -0.0265934 -0.0957315
v -0.027992 -0.0251344 -0.0957315
v -0.02626 -0.0267844 -0.0933445
v -0.028247 -0.0251344 -0.0933445
v -0.02626 -0.0269484 -0.0909575
v -0.028458 -0.0251344 -0.0909575
v -0.02626 -0.0271324 -0.0885715
v -0.028619 -0.0251344 -0.0885715
v -0.023873 -0.0292104 -0.0861845
v -0.026002 -0.0275214 -0.0861845
v -0.023873 -0.0293244 -0.0837975
v -0.026074 -0.0275214 -0.0837975
v -0.021486 -0.0308224 -0.0861845
v -0.02288 -0.0299074 -0.0861845
v -0.0191 -0.0322724 -0.0861845
v -0.021486 -0.0308714 -0.0837975
v -0.023013 -0.0299074 -0.0837975
v -0.0191 -0.0322525 -0.0837975
v -0.023873 -0.0292574 -0.0814115
v -0.026022 -0.0275214 -0.0814115
v -0.023873 -0.0291154 -0.0790245
v -0.025958 -0.0275214 -0.0790245
v -0.021486 -0.0308124 -0.0814115
v -0.022913 -0.0299074 -0.0814115
v -0.0191 -0.0322004 -0.0814115
v -0.021486 -0.0307014 -0.0790245
v -0.022704 -0.0299074 -0.0790245
v -0.0191 -0.0321794 -0.0790245
v -0.028646 -0.0250944 -0.0861845
v -0.030636 -0.0227474 -0.0861845
v -0.028646 -0.0249574 -0.0837975
v -0.030492 -0.0227474 -0.0837975
v -0.03342 -0.0184794 -0.0861845
v -0.03375 -0.0179744 -0.0861845
v -0.03342 -0.0185944 -0.0837975
v -0.03383 -0.0179744 -0.0837975
v -0.031033 -0.0221714 -0.0861845
v -0.032204 -0.0203604 -0.0861845
v -0.031033 -0.0220134 -0.0837975
v -0.032204 -0.0203604 -0.0837975
v -0.028646 -0.0249494 -0.0814115
v -0.030482 -0.0227474 -0.0814115
v -0.028646 -0.0250264 -0.0790245
v -0.030585 -0.0227474 -0.0790245
v -0.03342 -0.0187394 -0.0814115
v -0.033929 -0.0179744 -0.0814115
v -0.03342 -0.0188984 -0.0790245
v -0.034036 -0.0179744 -0.0790245
v -0.031033 -0.0220104 -0.0814115
v -0.032258 -0.0203604 -0.0814115
v -0.031033 -0.0221464 -0.0790245
v -0.032365 -0.0203604 -0.0790245
v -0.02626 -0.0273024 -0.0861845
v -0.028607 -0.0251344 -0.0861845
v -0.02626 -0.0273484 -0.0837975
v -0.028482 -0.0251344 -0.0837975
v -0.02626 -0.0273034 -0.0814115
v -0.028473 -0.0251344 -0.0814115
v -0.02626 -0.0272654 -0.0790245
v -0.028541 -0.0251344 -0.0790245
v -0.016713 -0.0332014 -0.0957315
v -0.018301 -0.0322944 -0.0957315
v -0.014326 -0.0343864 -0.0957315
v -0.016713 -0.0331665 -0.0933445
v -0.018323 -0.0322944 -0.0933445
v -0.014326 -0.0342974 -0.0933445
v -0.01194 -0.0351924 -0.0957315
v -0.013559 -0.0346814 -0.0957315
v -0.009553 -0.0357944 -0.0957315
v -0.01194 -0.0351454 -0.0933445
v -0.013331 -0.0346814 -0.0933445
v -0.009553 -0.0358084 -0.0933445
v -0.016713 -0.0332464 -0.0909575
v -0.018497 -0.0322944 -0.0909575
v -0.014326 -0.0343484 -0.0909575
v -0.016713 -0.0334354 -0.0885715
v -0.018843 -0.0322944 -0.0885715
v -0.014326 -0.0345244 -0.0885715
v -0.01194 -0.0352125 -0.0909575
v -0.013461 -0.0346814 -0.0909575
v -0.009553 -0.0359085 -0.0909575
v -0.01194 -0.0354104 -0.0885715
v -0.013928 -0.0346814 -0.0885715
v -0.009553 -0.0360904 -0.0885715
v -0.007166 -0.0362914 -0.0957315
v -0.00478 -0.0366484 -0.0957315
v -0.007166 -0.0363374 -0.0933445
v -0.00478 -0.0367204 -0.0933445
v -0.002393 -0.0369044 -0.0957315
v -6.00293e-06 -0.0370604 -0.0957315
v -0.002393 -0.0369914 -0.0933445
v -0.007166 -0.0364474 -0.0909575
v -0.00478 -0.0368685 -0.0909575
v -0.007166 -0.0365905 -0.0885715
v -0.00478 -0.0370175 -0.0885715
v -0.016713 -0.0335034 -0.0861845
v -0.019059 -0.0322944 -0.0861845
v -0.014326 -0.0345804 -0.0861845
v -0.016713 -0.0334224 -0.0837975
v -0.019017 -0.0322944 -0.0837975
v -0.014326 -0.0345145 -0.0837975
v -0.01194 -0.0355184 -0.0861845
v -0.014083 -0.0346814 -0.0861845
v -0.009553 -0.0362234 -0.0861845
v -0.01194 -0.0354944 -0.0837975
v -0.013937 -0.0346814 -0.0837975
v -0.009553 -0.0362614 -0.0837975
v -0.016713 -0.0333704 -0.0814115
v -0.018916 -0.0322944 -0.0814115
v -0.014326 -0.0344624 -0.0814115
v -0.016713 -0.0334064 -0.0790245
v -0.018891 -0.0322944 -0.0790245
v -0.014326 -0.0344704 -0.0790245
v -0.01194 -0.0354494 -0.0814115
v -0.013812 -0.0346814 -0.0814115
v -0.009553 -0.0362554 -0.0814115
v -0.01194 -0.0354294 -0.0790245
v -0.013808 -0.0346814 -0.0790245
v -0.009553 -0.0362485 -0.0790245
v -0.007166 -0.0367165 -0.0861845
v -0.007166 -0.0367744 -0.0837975
v -0.007166 -0.0367794 -0.0814115
v -0.007166 -0.0367774 -0.0790245
v -0.035291 -0.0155874 -0.0957315
v -0.035807 -0.0146204 -0.0957315
v -0.036517 -0.0132004 -0.0957315
v -0.035334 -0.0155874 -0.0933445
v -0.035807 -0.0147344 -0.0933445
v -0.036618 -0.0132004 -0.0933445
v -0.037698 -0.0108144 -0.0957315
v -0.037767 -0.0108144 -0.0933445
v -0.035319 -0.0155874 -0.0909575
v -0.035807 -0.0147464 -0.0909575
v -0.036676 -0.0132004 -0.0909575
v -0.035288 -0.0155874 -0.0885715
v -0.035807 -0.0147214 -0.0885715
v -0.036665 -0.0132004 -0.0885715
v -0.037848 -0.0108144 -0.0909575
v -0.037841 -0.0108144 -0.0885715
v -0.035318 -0.0155874 -0.0861845
v -0.035807 -0.0147534 -0.0861845
v -0.03665 -0.0132004 -0.0861845
v -0.035358 -0.0155874 -0.0837975
v -0.035807 -0.0147884 -0.0837975
v -0.036632 -0.0132004 -0.0837975
v -0.037817 -0.0108144 -0.0861845
v -0.037767 -0.0108144 -0.0837975
v -0.035413 -0.0155874 -0.0814115
v -0.035807 -0.0148544 -0.0814115
v -0.036631 -0.0132004 -0.0814115
v -0.035469 -0.0155874 -0.0790245
v -0.035807 -0.0149274 -0.0790245
v -0.036652 -0.0132004 -0.0790245
v -0.037736 -0.0108144 -0.0814115
v -0.037774 -0.0108144 -0.0790245
v -0.00478 -0.0371104 -0.0766375
v -0.005143 -0.0370674 -0.0766375
v -0.00478 -0.0371084 -0.0742505
v -0.005091 -0.0370674 -0.0742505
v -0.002393 -0.0373374 -0.0766375
v -6.00293e-06 -0.0374794 -0.0766375
v -0.002393 -0.0373275 -0.0742505
v -6.00293e-06 -0.0374544 -0.0742505
v -0.00478 -0.0370865 -0.0718645
v -0.004908 -0.0370674 -0.0718645
v -0.00478 -0.0370944 -0.0694775
v -0.004974 -0.0370674 -0.0694775
v -0.002393 -0.0373084 -0.0718645
v -6.00293e-06 -0.0374244 -0.0718645
v -0.002393 -0.0373034 -0.0694775
v -6.00293e-06 -0.0374304 -0.0694775
v -0.00478 -0.0370994 -0.0670905
v -0.005025 -0.0370674 -0.0670905
v -0.00478 -0.0370674 -0.0659885
v -0.002393 -0.0373034 -0.0670905
v -6.00293e-06 -0.0374664 -0.0670905
v -0.002393 -0.0372614 -0.0647045
v -0.004269 -0.0370674 -0.0647045
v -6.00293e-06 -0.0374804 -0.0647045
v -0.004918 -0.0370674 -0.0599305
v -0.00478 -0.0370674 -0.0602575
v -0.00478 -0.0370874 -0.0599305
v -0.002393 -0.0372725 -0.0623175
v -0.004071 -0.0370674 -0.0623175
v -6.00293e-06 -0.0375214 -0.0623175
v -0.002393 -0.0373884 -0.0599305
v -6.00293e-06 -0.0376204 -0.0599305
v -0.00478 -0.0372254 -0.0575445
v -0.005833 -0.0370674 -0.0575445
v -0.00478 -0.0373534 -0.0551575
v -0.006656 -0.0370674 -0.0551575
v -0.002393 -0.0375024 -0.0575445
v -6.00293e-06 -0.0377024 -0.0575445
v -0.002393 -0.0375954 -0.0551575
v -6.00293e-06 -0.0377385 -0.0551575
v -0.00478 -0.0374215 -0.0527705
v -0.007094 -0.0370674 -0.0527705
v -0.007214 -0.0370674 -0.0503845
v -0.007166 -0.0370674 -0.0515005
v -0.007166 -0.0370764 -0.0503845
v -0.00478 -0.0373904 -0.0503845
v -0.002393 -0.0376355 -0.0527705
v -6.00293e-06 -0.0377014 -0.0527705
v -0.002393 -0.0375444 -0.0503845
v -6.00293e-06 -0.0375884 -0.0503845
v -0.007166 -0.0370674 -0.0482415
v -0.00478 -0.0373154 -0.0479975
v -0.007121 -0.0370674 -0.0479975
v -0.00478 -0.0372914 -0.0456105
v -0.006776 -0.0370674 -0.0456105
v -0.002393 -0.0374484 -0.0479975
v -6.00293e-06 -0.0375065 -0.0479975
v -0.002393 -0.0374764 -0.0456105
v -6.00293e-06 -0.0375174 -0.0456105
v -0.00478 -0.0373014 -0.0432235
v -0.006848 -0.0370674 -0.0432235
v -0.007249 -0.0370674 -0.0408375
v -0.007166 -0.0370674 -0.0414085
v -0.007166 -0.0370775 -0.0408375
v -0.00478 -0.0372664 -0.0408375
v -0.002393 -0.0374905 -0.0432235
v -6.00293e-06 -0.0375054 -0.0432235
v -0.002393 -0.0373654 -0.0408375
v -6.00293e-06 -0.0374014 -0.0408375
v -0.038193 -0.00998345 -0.0766375
v -0.038696 -0.00842745 -0.0766375
v -0.038193 -0.0102814 -0.0742505
v -0.038724 -0.00842745 -0.0742505
v -0.038193 -0.0104594 -0.0718645
v -0.038737 -0.00842745 -0.0718645
v -0.038193 -0.0103884 -0.0694775
v -0.038744 -0.00842745 -0.0694775
v -0.039279 -0.00604045 -0.0766375
v -0.039659 -0.00365445 -0.0766375
v -0.039218 -0.00604045 -0.0742505
v -0.039531 -0.00365445 -0.0742505
v -0.03981 -0.00126745 -0.0766375
v -0.039692 0.00111955 -0.0766375
v -0.03964 -0.00126745 -0.0742505
v -0.03957 0.00111955 -0.0742505
v -0.039172 -0.00604045 -0.0718645
v -0.039494 -0.00365445 -0.0718645
v -0.039224 -0.00604045 -0.0694775
v -0.039605 -0.00365445 -0.0694775
v -0.039663 -0.00126745 -0.0718645
v -0.039631 0.00111955 -0.0718645
v -0.039863 -0.00126745 -0.0694775
v -0.039866 0.00111955 -0.0694775
v -0.038193 -0.0103074 -0.0670905
v -0.038752 -0.00842745 -0.0670905
v -0.038193 -0.0103294 -0.0647045
v -0.03876 -0.00842745 -0.0647045
v -0.038193 -0.0103304 -0.0623175
v -0.038742 -0.00842745 -0.0623175
v -0.038193 -0.0102134 -0.0599305
v -0.038689 -0.00842745 -0.0599305
v -0.03931 -0.00604045 -0.0670905
v -0.039735 -0.00365445 -0.0670905
v -0.039347 -0.00604045 -0.0647045
v -0.03978 -0.00365445 -0.0647045
v -0.040029 -0.00126745 -0.0670905
v -0.040068 0.00111955 -0.0670905
v -0.040052 -0.00126745 -0.0647045
v -0.04008 0.00111955 -0.0647045
v -0.039328 -0.00604045 -0.0623175
v -0.039756 -0.00365445 -0.0623175
v -0.039275 -0.00604045 -0.0599305
v -0.039689 -0.00365445 -0.0599305
v -0.039978 -0.00126745 -0.0623175
v -0.039936 0.00111955 -0.0623175
v -0.039863 -0.00126745 -0.0599305
v -0.039793 0.00111955 -0.0599305
v -0.038193 -0.0101154 -0.0575445
v -0.038641 -0.00842745 -0.0575445
v -0.038193 -0.0101134 -0.0551575
v -0.038622 -0.00842745 -0.0551575
v -0.038193 -0.0100774 -0.0527705
v -0.038628 -0.00842745 -0.0527705
v -0.038193 -0.00999345 -0.0503845
v -0.038658 -0.00842745 -0.0503845
v -0.039209 -0.00604045 -0.0575445
v -0.039616 -0.00365445 -0.0575445
v -0.039182 -0.00604045 -0.0551575
v -0.039614 -0.00365445 -0.0551575
v -0.039767 -0.00126745 -0.0575445
v -0.039695 0.00111955 -0.0575445
v -0.039731 -0.00126745 -0.0551575
v -0.039584 0.00111955 -0.0551575
v -0.039213 -0.00604045 -0.0527705
v -0.039631 -0.00365445 -0.0527705
v -0.039263 -0.00604045 -0.0503845
v -0.039609 -0.00365445 -0.0503845
v -0.039692 -0.00126745 -0.0527705
v -0.039507 0.00111955 -0.0527705
v -0.039671 -0.00126745 -0.0503845
v -0.039564 0.00111955 -0.0503845
v -0.038193 -0.0100004 -0.0479975
v -0.038699 -0.00842745 -0.0479975
v -0.038193 -0.0101534 -0.0456105
v -0.038747 -0.00842745 -0.0456105
v -0.038193 -0.0102554 -0.0432235
v -0.03878 -0.00842745 -0.0432235
v -0.038193 -0.0102994 -0.0408375
v -0.03882 -0.00842745 -0.0408375
v -0.039287 -0.00604045 -0.0479975
v -0.039612 -0.00365445 -0.0479975
v -0.039315 -0.00604045 -0.0456105
v -0.039658 -0.00365445 -0.0456105
v -0.039754 -0.00126745 -0.0479975
v -0.039745 0.00111955 -0.0479975
v -0.039857 -0.00126745 -0.0456105
v -0.039905 0.00111955 -0.0456105
v -0.039363 -0.00604045 -0.0432235
v -0.039695 -0.00365445 -0.0432235
v -0.039415 -0.00604045 -0.0408375
v -0.039693 -0.00365445 -0.0408375
v -0.039854 -0.00126745 -0.0432235
v -0.039894 0.00111955 -0.0432235
v -0.03974 -0.00126745 -0.0408375
v -0.039716 0.00111955 -0.0408375
v -0.019178 -0.0322944 -0.0742505
v -0.0191 -0.0322944 -0.0761295
v -0.0191 -0.0323384 -0.0742505
v -0.023873 -0.0291374 -0.0766375
v -0.026043 -0.0275214 -0.0766375
v -0.026286 -0.0275214 -0.0742505
v -0.02626 -0.0275214 -0.0744825
v -0.02626 -0.0275414 -0.0742505
v -0.023873 -0.0292904 -0.0742505
v -0.021486 -0.0307504 -0.0766375
v -0.022747 -0.0299074 -0.0766375
v -0.0191 -0.0322644 -0.0766375
v -0.021486 -0.0308594 -0.0742505
v -0.022943 -0.0299074 -0.0742505
v -0.0191 -0.0323034 -0.0718645
v -0.019115 -0.0322944 -0.0718645
v -0.0191 -0.0322944 -0.0714525
v -0.02626 -0.0276274 -0.0718645
v -0.0264 -0.0275214 -0.0718645
v -0.023873 -0.0293034 -0.0718645
v -0.02626 -0.0275554 -0.0694775
v -0.026306 -0.0275214 -0.0694775
v -0.023873 -0.0291924 -0.0694775
v -0.021486 -0.0308324 -0.0718645
v -0.022931 -0.0299074 -0.0718645
v -0.021486 -0.0307454 -0.0694775
v -0.022763 -0.0299074 -0.0694775
v -0.0191 -0.0322574 -0.0694775
v -0.028646 -0.0251284 -0.0766375
v -0.030655 -0.0227474 -0.0766375
v -0.028784 -0.0251344 -0.0742505
v -0.028646 -0.0251344 -0.0765415
v -0.028646 -0.0252894 -0.0742505
v -0.030691 -0.0227474 -0.0742505
v -0.03342 -0.0190324 -0.0766375
v -0.034137 -0.0179744 -0.0766375
v -0.03342 -0.0191744 -0.0742505
v -0.034277 -0.0179744 -0.0742505
v -0.031033 -0.0222404 -0.0766375
v -0.032447 -0.0203604 -0.0766375
v -0.031033 -0.0222834 -0.0742505
v -0.03251 -0.0203604 -0.0742505
v -0.028646 -0.0254344 -0.0718645
v -0.028913 -0.0251344 -0.0718645
v -0.030804 -0.0227474 -0.0718645
v -0.028646 -0.0254594 -0.0694775
v -0.028957 -0.0251344 -0.0694775
v -0.030948 -0.0227474 -0.0694775
v -0.03342 -0.0193434 -0.0718645
v -0.034398 -0.0179744 -0.0718645
v -0.03342 -0.0194324 -0.0694775
v -0.034421 -0.0179744 -0.0694775
v -0.031033 -0.0224374 -0.0718645
v -0.032637 -0.0203604 -0.0718645
v -0.031033 -0.0226334 -0.0694775
v -0.032744 -0.0203604 -0.0694775
v -0.02626 -0.0273454 -0.0766375
v -0.028641 -0.0251344 -0.0766375
v -0.02626 -0.0275224 -0.0670905
v -0.026262 -0.0275214 -0.0670905
v -0.023873 -0.0291834 -0.0670905
v -0.02626 -0.0275214 -0.0659015
v -0.023873 -0.0292354 -0.0647045
v -0.026242 -0.0275214 -0.0647045
v -0.021486 -0.0307304 -0.0670905
v -0.022744 -0.0299074 -0.0670905
v -0.0191 -0.0322254 -0.0670905
v -0.021486 -0.0307884 -0.0647045
v -0.022848 -0.0299074 -0.0647045
v -0.0191 -0.0322264 -0.0647045
v -0.023873 -0.0291634 -0.0623175
v -0.026118 -0.0275214 -0.0623175
v -0.023873 -0.0290524 -0.0599305
v -0.025962 -0.0275214 -0.0599305
v -0.021486 -0.0307284 -0.0623175
v -0.022758 -0.0299074 -0.0623175
v -0.0191 -0.0321894 -0.0623175
v -0.021486 -0.0306704 -0.0599305
v -0.022627 -0.0299074 -0.0599305
v -0.0191 -0.0321804 -0.0599305
v -0.028646 -0.0253864 -0.0670905
v -0.028898 -0.0251344 -0.0670905
v -0.031006 -0.0227474 -0.0670905
v -0.028646 -0.0253154 -0.0647045
v -0.028827 -0.0251344 -0.0647045
v -0.031026 -0.0227474 -0.0647045
v -0.03342 -0.0194774 -0.0670905
v -0.034449 -0.0179744 -0.0670905
v -0.03342 -0.0196014 -0.0647045
v -0.034571 -0.0179744 -0.0647045
v -0.031033 -0.0227124 -0.0670905
v -0.032794 -0.0203604 -0.0670905
v -0.031033 -0.0227394 -0.0647045
v -0.032868 -0.0203604 -0.0647045
v -0.028646 -0.0252594 -0.0623175
v -0.028773 -0.0251344 -0.0623175
v -0.03103 -0.0227474 -0.0623175
v -0.028646 -0.0252404 -0.0599305
v -0.028759 -0.0251344 -0.0599305
v -0.031053 -0.0227474 -0.0599305
v -0.031033 -0.0227474 -0.0610405
v -0.031033 -0.0227704 -0.0599305
v -0.03342 -0.0197124 -0.0623175
v -0.034659 -0.0179744 -0.0623175
v -0.03342 -0.0197624 -0.0599305
v -0.034657 -0.0179744 -0.0599305
v -0.031033 -0.0227434 -0.0623175
v -0.032938 -0.0203604 -0.0623175
v -0.032979 -0.0203614 -0.0599305
v -0.02626 -0.0275064 -0.0647045
v -0.02626 -0.0274084 -0.0623175
v -0.02626 -0.0272904 -0.0599305
v -0.016713 -0.0335144 -0.0766375
v -0.019046 -0.0322944 -0.0766375
v -0.014326 -0.0345574 -0.0766375
v -0.016713 -0.0335954 -0.0742505
v -0.014326 -0.0346504 -0.0742505
v -0.01194 -0.0354884 -0.0766375
v -0.014013 -0.0346814 -0.0766375
v -0.009553 -0.0362724 -0.0766375
v -0.01194 -0.0355444 -0.0742505
v -0.014247 -0.0346814 -0.0742505
v -0.009553 -0.0362534 -0.0742505
v -0.016713 -0.0335884 -0.0718645
v -0.014326 -0.0346554 -0.0718645
v -0.016713 -0.0335364 -0.0694775
v -0.019035 -0.0322944 -0.0694775
v -0.014326 -0.0345774 -0.0694775
v -0.01194 -0.0354864 -0.0718645
v -0.01426 -0.0346814 -0.0718645
v -0.009553 -0.0361444 -0.0718645
v -0.01194 -0.0353685 -0.0694775
v -0.014039 -0.0346814 -0.0694775
v -0.009553 -0.0360494 -0.0694775
v -0.007166 -0.0367785 -0.0766375
v -0.007166 -0.0367474 -0.0742505
v -0.007166 -0.0366734 -0.0718645
v -0.007166 -0.0366584 -0.0694775
v -0.016713 -0.0334574 -0.0670905
v -0.018976 -0.0322944 -0.0670905
v -0.014326 -0.0344584 -0.0670905
v -0.016713 -0.0334204 -0.0647045
v -0.018974 -0.0322944 -0.0647045
v -0.014326 -0.0343824 -0.0647045
v -0.01194 -0.0352394 -0.0670905
v -0.013686 -0.0346814 -0.0670905
v -0.009553 -0.0359734 -0.0670905
v -0.01194 -0.0351704 -0.0647045
v -0.013445 -0.0346814 -0.0647045
v -0.009553 -0.0359364 -0.0647045
v -0.016713 -0.0334244 -0.0623175
v -0.018912 -0.0322944 -0.0623175
v -0.014326 -0.0343804 -0.0623175
v -0.016713 -0.0334324 -0.0599305
v -0.0189 -0.0322944 -0.0599305
v -0.014326 -0.0343914 -0.0599305
v -0.01194 -0.0351645 -0.0623175
v -0.013415 -0.0346814 -0.0623175
v -0.009553 -0.0359584 -0.0623175
v -0.01194 -0.0351684 -0.0599305
v -0.013442 -0.0346814 -0.0599305
v -0.009553 -0.0359854 -0.0599305
v -0.007166 -0.0366574 -0.0670905
v -0.007166 -0.0365934 -0.0647045
v -0.00478 -0.0370074 -0.0647045
v -0.007166 -0.0365884 -0.0623175
v -0.00478 -0.0369774 -0.0623175
v -0.007166 -0.0366644 -0.0599305
v -0.035583 -0.0155874 -0.0766375
v -0.035807 -0.0151574 -0.0766375
v -0.036781 -0.0132004 -0.0766375
v -0.035776 -0.0155874 -0.0742505
v -0.035807 -0.0155304 -0.0742505
v -0.036997 -0.0132004 -0.0742505
v -0.037872 -0.0108144 -0.0766375
v -0.038007 -0.0108144 -0.0742505
v -0.035873 -0.0155874 -0.0718645
v -0.035807 -0.0155874 -0.0738055
v -0.035807 -0.0157094 -0.0718645
v -0.037089 -0.0132004 -0.0718645
v -0.035807 -0.0156924 -0.0694775
v -0.035863 -0.0155874 -0.0694775
v -0.037062 -0.0132004 -0.0694775
v -0.038074 -0.0108144 -0.0718645
v -0.038049 -0.0108144 -0.0694775
v -0.035807 -0.0157674 -0.0670905
v -0.035903 -0.0155874 -0.0670905
v -0.037071 -0.0132004 -0.0670905
v -0.035807 -0.0159794 -0.0647045
v -0.036012 -0.0155874 -0.0647045
v -0.037119 -0.0132004 -0.0647045
v -0.038021 -0.0108144 -0.0670905
v -0.038031 -0.0108144 -0.0647045
v -0.035807 -0.0160994 -0.0623175
v -0.036069 -0.0155874 -0.0623175
v -0.03715 -0.0132004 -0.0623175
v -0.035807 -0.0160534 -0.0599305
v -0.036048 -0.0155874 -0.0599305
v -0.037149 -0.0132004 -0.0599305
v -0.038037 -0.0108144 -0.0623175
v -0.038012 -0.0108144 -0.0599305
v -0.019175 -0.0322944 -0.0551575
v -0.0191 -0.0322944 -0.0566165
v -0.0191 -0.0323404 -0.0551575
v -0.023873 -0.0290504 -0.0575445
v -0.025916 -0.0275214 -0.0575445
v -0.023873 -0.0291364 -0.0551575
v -0.026028 -0.0275214 -0.0551575
v -0.021486 -0.0307214 -0.0575445
v -0.02266 -0.0299074 -0.0575445
v -0.0191 -0.0322634 -0.0575445
v -0.021486 -0.0307544 -0.0551575
v -0.022738 -0.0299074 -0.0551575
v -0.0191 -0.0324234 -0.0527705
v -0.0193 -0.0322944 -0.0527705
v -0.0191 -0.0324554 -0.0503845
v -0.019348 -0.0322944 -0.0503845
v -0.023873 -0.0291964 -0.0527705
v -0.026076 -0.0275214 -0.0527705
v -0.023873 -0.0291654 -0.0503845
v -0.025968 -0.0275214 -0.0503845
v -0.021486 -0.0308144 -0.0527705
v -0.022829 -0.0299074 -0.0527705
v -0.021486 -0.0308444 -0.0503845
v -0.022838 -0.0299074 -0.0503845
v -0.028646 -0.0252734 -0.0575445
v -0.028803 -0.0251344 -0.0575445
v -0.031033 -0.0228584 -0.0575445
v -0.031127 -0.0227474 -0.0575445
v -0.028646 -0.0252614 -0.0551575
v -0.028782 -0.0251344 -0.0551575
v -0.031033 -0.0227474 -0.0552905
v -0.031019 -0.0227474 -0.0551575
v -0.03342 -0.0197614 -0.0575445
v -0.034607 -0.0179744 -0.0575445
v -0.03342 -0.0195574 -0.0551575
v -0.034487 -0.0179744 -0.0551575
v -0.032997 -0.0203614 -0.0575445
v -0.031033 -0.0227294 -0.0551575
v -0.032849 -0.0203614 -0.0551575
v -0.028646 -0.0251464 -0.0527705
v -0.028658 -0.0251344 -0.0527705
v -0.030727 -0.0227474 -0.0527705
v -0.028646 -0.0251344 -0.0525865
v -0.028646 -0.0249834 -0.0503845
v -0.030575 -0.0227474 -0.0503845
v -0.03342 -0.0192814 -0.0527705
v -0.034338 -0.0179744 -0.0527705
v -0.03342 -0.0192134 -0.0503845
v -0.03426 -0.0179744 -0.0503845
v -0.031033 -0.0223574 -0.0527705
v -0.032601 -0.0203614 -0.0527705
v -0.031033 -0.0221904 -0.0503845
v -0.032541 -0.0203614 -0.0503845
v -0.02626 -0.0272534 -0.0575445
v -0.02626 -0.0273334 -0.0551575
v -0.02626 -0.0273684 -0.0527705
v -0.02626 -0.0272734 -0.0503845
v -0.028506 -0.0251344 -0.0503845
v -0.0191 -0.0324104 -0.0479975
v -0.019273 -0.0322944 -0.0479975
v -0.0191 -0.0323094 -0.0456105
v -0.019122 -0.0322944 -0.0456105
v -0.023873 -0.0290734 -0.0479975
v -0.025793 -0.0275214 -0.0479975
v -0.023873 -0.0289454 -0.0456105
v -0.025564 -0.0275214 -0.0456105
v -0.021486 -0.0307724 -0.0479975
v -0.022731 -0.0299074 -0.0479975
v -0.021486 -0.0306694 -0.0456105
v -0.022591 -0.0299074 -0.0456105
v -0.0191 -0.0322944 -0.0453285
v -0.023873 -0.0288034 -0.0432235
v -0.025399 -0.0275214 -0.0432235
v -0.023873 -0.0287864 -0.0408375
v -0.025432 -0.0275214 -0.0408375
v -0.021486 -0.0305714 -0.0432235
v -0.022432 -0.0299074 -0.0432235
v -0.0191 -0.0322045 -0.0432235
v -0.021486 -0.0305624 -0.0408375
v -0.022405 -0.0299074 -0.0408375
v -0.0191 -0.0322024 -0.0408375
v -0.028646 -0.0247994 -0.0479975
v -0.030512 -0.0227474 -0.0479975
v -0.028646 -0.0245984 -0.0456105
v -0.030357 -0.0227474 -0.0456105
v -0.03342 -0.0191984 -0.0479975
v -0.034248 -0.0179744 -0.0479975
v -0.03342 -0.0189854 -0.0456105
v -0.034124 -0.0179744 -0.0456105
v -0.031033 -0.0221484 -0.0479975
v -0.032534 -0.0203614 -0.0479975
v -0.031033 -0.0219674 -0.0456105
v -0.032368 -0.0203614 -0.0456105
v -0.028646 -0.0244884 -0.0432235
v -0.030246 -0.0227474 -0.0432235
v -0.028646 -0.0245794 -0.0408375
v -0.030323 -0.0227474 -0.0408375
v -0.03342 -0.0187394 -0.0432235
v -0.033942 -0.0179744 -0.0432235
v -0.03342 -0.0187184 -0.0408375
v -0.03392 -0.0179744 -0.0408375
v -0.031033 -0.0218164 -0.0432235
v -0.032207 -0.0203614 -0.0432235
v -0.031033 -0.0218824 -0.0408375
v -0.032216 -0.0203614 -0.0408375
v -0.02626 -0.0271094 -0.0479975
v -0.028322 -0.0251344 -0.0479975
v -0.02626 -0.0268904 -0.0456105
v -0.02811 -0.0251344 -0.0456105
v -0.02626 -0.0267544 -0.0432235
v -0.027995 -0.0251344 -0.0432235
v -0.02626 -0.0268144 -0.0408375
v -0.028083 -0.0251344 -0.0408375
v -0.016713 -0.0335044 -0.0575445
v -0.019045 -0.0322944 -0.0575445
v -0.014326 -0.0344654 -0.0575445
v -0.014345 -0.0346814 -0.0551575
v -0.014326 -0.0346814 -0.0552125
v -0.014326 -0.0346874 -0.0551575
v -0.016713 -0.0336695 -0.0551575
v -0.01194 -0.0352784 -0.0575445
v -0.01369 -0.0346814 -0.0575445
v -0.009553 -0.0361265 -0.0575445
v -0.01194 -0.0355534 -0.0551575
v -0.009553 -0.0363764 -0.0551575
v -0.014326 -0.0349144 -0.0527705
v -0.014923 -0.0346814 -0.0527705
v -0.016713 -0.0338474 -0.0527705
v -0.014326 -0.0349974 -0.0503845
v -0.015112 -0.0346814 -0.0503845
v -0.016713 -0.0339195 -0.0503845
v -0.01194 -0.0357845 -0.0527705
v -0.009553 -0.0365274 -0.0527705
v -0.01194 -0.0358704 -0.0503845
v -0.009553 -0.0365774 -0.0503845
v -0.007166 -0.0368085 -0.0575445
v -0.007166 -0.0369724 -0.0551575
v -0.007166 -0.0370554 -0.0527705
v -0.014326 -0.0349894 -0.0479975
v -0.015081 -0.0346814 -0.0479975
v -0.016713 -0.0339024 -0.0479975
v -0.014326 -0.0349115 -0.0456105
v -0.014885 -0.0346814 -0.0456105
v -0.016713 -0.0338084 -0.0456105
v -0.01194 -0.0358954 -0.0479975
v -0.009553 -0.0366094 -0.0479975
v -0.01194 -0.0358584 -0.0456105
v -0.009553 -0.0365964 -0.0456105
v -0.014326 -0.0348694 -0.0432235
v -0.014754 -0.0346814 -0.0432235
v -0.016713 -0.0336925 -0.0432235
v -0.018962 -0.0322944 -0.0432235
v -0.014326 -0.0349454 -0.0408375
v -0.014896 -0.0346814 -0.0408375
v -0.016713 -0.0337114 -0.0408375
v -0.018957 -0.0322944 -0.0408375
v -0.01194 -0.0358634 -0.0432235
v -0.009553 -0.0366174 -0.0432235
v -0.01194 -0.0359374 -0.0408375
v -0.009553 -0.0366674 -0.0408375
v -0.007166 -0.0370615 -0.0479975
v -0.007166 -0.0370194 -0.0456105
v -0.007166 -0.0370294 -0.0432235
v -0.035807 -0.0159304 -0.0575445
v -0.035987 -0.0155874 -0.0575445
v -0.037128 -0.0132004 -0.0575445
v -0.035807 -0.0157924 -0.0551575
v -0.035918 -0.0155874 -0.0551575
v -0.037103 -0.0132004 -0.0551575
v -0.037991 -0.0108144 -0.0575445
v -0.037991 -0.0108144 -0.0551575
v -0.035807 -0.0156174 -0.0527705
v -0.035824 -0.0155874 -0.0527705
v -0.03705 -0.0132004 -0.0527705
v -0.035807 -0.0155874 -0.0524555
v -0.035716 -0.0155874 -0.0503845
v -0.035807 -0.0154254 -0.0503845
v -0.036958 -0.0132004 -0.0503845
v -0.037975 -0.0108144 -0.0527705
v -0.037927 -0.0108144 -0.0503845
v -0.035691 -0.0155874 -0.0479975
v -0.035807 -0.0153724 -0.0479975
v -0.036893 -0.0132004 -0.0479975
v -0.035643 -0.0155874 -0.0456105
v -0.035807 -0.0152944 -0.0456105
v -0.036896 -0.0132004 -0.0456105
v -0.0379 -0.0108144 -0.0479975
v -0.037947 -0.0108144 -0.0456105
v -0.035517 -0.0155874 -0.0432235
v -0.035807 -0.0151154 -0.0432235
v -0.036898 -0.0132004 -0.0432235
v -0.035465 -0.0155874 -0.0408375
v -0.035807 -0.0150214 -0.0408375
v -0.036856 -0.0132004 -0.0408375
v -0.037988 -0.0108144 -0.0432235
v -0.037996 -0.0108144 -0.0408375
v -0.007166 -0.0371134 -0.0384505
v -0.007531 -0.0370674 -0.0384505
v -0.00478 -0.0372355 -0.0384505
v -0.007166 -0.0371474 -0.0360635
v -0.007802 -0.0370674 -0.0360635
v -0.00478 -0.0372425 -0.0360635
v -0.002393 -0.0372394 -0.0384505
v -6.00293e-06 -0.0373154 -0.0384505
v -0.002393 -0.0372364 -0.0360635
v -6.00293e-06 -0.0373025 -0.0360635
v -0.007166 -0.0371444 -0.0336775
v -0.007853 -0.0370674 -0.0336775
v -0.00478 -0.0372294 -0.0336775
v -0.007166 -0.0370865 -0.0312905
v -0.00737 -0.0370674 -0.0312905
v -0.00478 -0.0371864 -0.0312905
v -0.002393 -0.0372635 -0.0336775
v -6.00293e-06 -0.0373214 -0.0336775
v -0.002393 -0.0372594 -0.0312905
v -6.00293e-06 -0.0373354 -0.0312905
v -0.007166 -0.0370674 -0.0307145
v -0.00478 -0.0371814 -0.0289035
v -0.006527 -0.0370674 -0.0289035
v -0.00478 -0.0372245 -0.0265175
v -0.006224 -0.0370674 -0.0265175
v -0.002393 -0.0373025 -0.0289035
v -6.00293e-06 -0.0373564 -0.0289035
v -0.002393 -0.0374044 -0.0265175
v -6.00293e-06 -0.0374335 -0.0265175
v -0.00478 -0.0372324 -0.0241305
v -0.005865 -0.0370674 -0.0241305
v -0.00478 -0.0372134 -0.0217435
v -0.005549 -0.0370674 -0.0217435
v -0.002393 -0.0375004 -0.0241305
v -6.00293e-06 -0.0375624 -0.0241305
v -0.002393 -0.0375714 -0.0217435
v -6.00293e-06 -0.0376975 -0.0217435
v -0.00478 -0.0372614 -0.0193565
v -0.005704 -0.0370674 -0.0193565
v -0.00478 -0.0373715 -0.0169705
v -0.006357 -0.0370674 -0.0169705
v -0.002393 -0.0376704 -0.0193565
v -6.00293e-06 -0.0378124 -0.0193565
v -0.002393 -0.0377734 -0.0169705
v -6.00293e-06 -0.0378704 -0.0169705
v -0.00735 -0.0370674 -0.0145835
v -0.007166 -0.0370674 -0.0149775
v -0.007166 -0.0370944 -0.0145835
v -0.00478 -0.0374344 -0.0145835
v -0.007166 -0.0372725 -0.0121965
v -0.008509 -0.0370674 -0.0121965
v -0.00478 -0.0375164 -0.0121965
v -0.002393 -0.0377525 -0.0145835
v -6.00293e-06 -0.0378235 -0.0145835
v -0.002393 -0.0377254 -0.0121965
v -6.00293e-06 -0.0377744 -0.0121965
v -0.009631 -0.0370674 -0.00742349
v -0.009553 -0.0370674 -0.00853849
v -0.009553 -0.0370874 -0.00742349
v -0.009553 -0.0370674 -0.00641348
v -0.007166 -0.0374664 -0.00981049
v -0.009323 -0.0370674 -0.00981049
v -0.00478 -0.0376914 -0.00981049
v -0.007166 -0.0375444 -0.00742349
v -0.00478 -0.0378044 -0.00742349
v -0.002393 -0.0378174 -0.00981049
v -6.00293e-06 -0.0378014 -0.00981049
v -0.002393 -0.0379034 -0.00742349
v -6.00293e-06 -0.0378465 -0.00742349
v -0.007166 -0.0374534 -0.00503649
v -0.009096 -0.0370674 -0.00503649
v -0.00478 -0.0377784 -0.00503649
v -0.007166 -0.0372644 -0.00264949
v -0.008031 -0.0370674 -0.00264949
v -0.00478 -0.0376784 -0.00264949
v -0.002393 -0.0379104 -0.00503649
v -6.00293e-06 -0.0378684 -0.00503649
v -0.002393 -0.0378714 -0.00264949
v -6.00293e-06 -0.0378224 -0.00264949
v -0.038193 -0.0103864 -0.0384505
v -0.03885 -0.00842745 -0.0384505
v -0.038193 -0.0104024 -0.0360635
v -0.038773 -0.00842745 -0.0360635
v -0.038193 -0.0104684 -0.0336775
v -0.038698 -0.00842745 -0.0336775
v -0.038193 -0.0107214 -0.0312905
v -0.038793 -0.00842745 -0.0312905
v -0.0394 -0.00604045 -0.0384505
v -0.0396 -0.00365445 -0.0384505
v -0.039234 -0.00604045 -0.0360635
v -0.039417 -0.00365445 -0.0360635
v -0.03957 -0.00126745 -0.0384505
v -0.039493 0.00111955 -0.0384505
v -0.039434 -0.00126745 -0.0360635
v -0.039341 0.00111955 -0.0360635
v -0.039054 -0.00604045 -0.0336775
v -0.039248 -0.00365445 -0.0336775
v -0.039097 -0.00604045 -0.0312905
v -0.039238 -0.00365445 -0.0312905
v -0.039345 -0.00126745 -0.0336775
v -0.039281 0.00111955 -0.0336775
v -0.039339 -0.00126745 -0.0312905
v -0.039322 0.00111955 -0.0312905
v -0.038255 -0.0108144 -0.0289035
v -0.038193 -0.0108144 -0.0304865
v -0.038193 -0.0109694 -0.0289035
v -0.038988 -0.00842745 -0.0289035
v -0.038193 -0.0109804 -0.0265175
v -0.038263 -0.0108144 -0.0265175
v -0.039089 -0.00842745 -0.0265165
v -0.038193 -0.0108144 -0.0250745
v -0.038193 -0.0106454 -0.0241305
v -0.039021 -0.00842745 -0.0241305
v -0.038193 -0.0101634 -0.0217435
v -0.038858 -0.00842745 -0.0217435
v -0.039333 -0.00604045 -0.0289035
v -0.039421 -0.00365445 -0.0289035
v -0.039528 -0.00604045 -0.0265165
v -0.03962 -0.00365445 -0.0265165
v -0.039466 -0.00126745 -0.0289035
v -0.039437 0.00111955 -0.0289035
v -0.039587 -0.00126745 -0.0265165
v -0.039503 0.00111955 -0.0265165
v -0.039545 -0.00604045 -0.0241305
v -0.039678 -0.00365445 -0.0241305
v -0.039421 -0.00604045 -0.0217435
v -0.039598 -0.00365445 -0.0217435
v -0.039622 -0.00126745 -0.0241305
v -0.039521 0.00111955 -0.0241305
v -0.03958 -0.00126745 -0.0217435
v -0.039512 0.00111955 -0.0217435
v -0.038193 -0.00938345 -0.0193565
v -0.038552 -0.00842745 -0.0193565
v -0.038193 -0.00842745 -0.0172275
v -0.039176 -0.00604045 -0.0193565
v -0.039414 -0.00365445 -0.0193565
v -0.038193 -0.00830845 -0.0169705
v -0.0388 -0.00604045 -0.0169705
v -0.039098 -0.00365445 -0.0169705
v -0.039427 -0.00126745 -0.0193565
v -0.039378 0.00111955 -0.0193565
v -0.03915 -0.00126745 -0.0169705
v -0.03911 0.00111955 -0.0169705
v -0.038193 -0.00733045 -0.0145835
v -0.03845 -0.00604045 -0.0145835
v -0.038756 -0.00365445 -0.0145835
v -0.038193 -0.00701845 -0.0121965
v -0.038357 -0.00604045 -0.0121965
v -0.038688 -0.00365445 -0.0121965
v -0.03889 -0.00126745 -0.0145835
v -0.038909 0.00111955 -0.0145835
v -0.038915 -0.00126745 -0.0121965
v -0.038982 0.00111955 -0.0121965
v -0.038306 -0.00842745 -0.00742349
v -0.038193 -0.00842745 -0.00862748
v -0.038193 -0.00884845 -0.00742349
v -0.038193 -0.00915945 -0.00503649
v -0.038408 -0.00842745 -0.00503649
v -0.038193 -0.00867145 -0.00264949
v -0.038262 -0.00842745 -0.00264949
v -0.038193 -0.00790745 -0.00981049
v -0.038544 -0.00604045 -0.00981049
v -0.038925 -0.00365445 -0.00981049
v -0.038814 -0.00604045 -0.00742349
v -0.03919 -0.00365445 -0.00742349
v -0.039189 -0.00126745 -0.00981049
v -0.039197 0.00111955 -0.00981049
v -0.039407 -0.00126745 -0.00742349
v -0.039317 0.00111955 -0.00742349
v -0.038928 -0.00604045 -0.00503649
v -0.039261 -0.00365445 -0.00503649
v -0.03877 -0.00604045 -0.00264949
v -0.039103 -0.00365445 -0.00264949
v -0.039429 -0.00126745 -0.00503649
v -0.039348 0.00111955 -0.00503649
v -0.039336 -0.00126745 -0.00264949
v -0.039368 0.00111955 -0.00264949
v -0.019247 -0.0322944 -0.0384505
v -0.0191 -0.0322944 -0.0393655
v -0.0191 -0.0323874 -0.0384505
v -0.0191 -0.0326074 -0.0360635
v -0.019614 -0.0322944 -0.0360635
v -0.023873 -0.0289784 -0.0384505
v -0.025648 -0.0275214 -0.0384505
v -0.023873 -0.0291974 -0.0360635
v -0.025819 -0.0275214 -0.0360635
v -0.021486 -0.0307654 -0.0384505
v -0.022669 -0.0299074 -0.0384505
v -0.021486 -0.0310124 -0.0360635
v -0.022973 -0.0299074 -0.0360635
v -0.0191 -0.0326594 -0.0336775
v -0.019712 -0.0322944 -0.0336775
v -0.0191 -0.0325614 -0.0312905
v -0.019563 -0.0322944 -0.0312905
v -0.023873 -0.0292754 -0.0336775
v -0.025834 -0.0275214 -0.0336775
v -0.023873 -0.0292624 -0.0312905
v -0.025799 -0.0275214 -0.0312905
v -0.021486 -0.0310884 -0.0336775
v -0.023077 -0.0299074 -0.0336775
v -0.021486 -0.0310334 -0.0312905
v -0.023051 -0.0299074 -0.0312905
v -0.028646 -0.0247414 -0.0384505
v -0.030466 -0.0227474 -0.0384505
v -0.028646 -0.0247844 -0.0360635
v -0.030528 -0.0227474 -0.0360635
v -0.03342 -0.0188804 -0.0384505
v -0.034036 -0.0179744 -0.0384505
v -0.03342 -0.0190044 -0.0360635
v -0.034128 -0.0179744 -0.0360635
v -0.031033 -0.0220544 -0.0384505
v -0.03234 -0.0203614 -0.0384505
v -0.031033 -0.0221474 -0.0360635
v -0.032429 -0.0203614 -0.0360635
v -0.028646 -0.0247194 -0.0336775
v -0.030474 -0.0227474 -0.0336775
v -0.028646 -0.0246334 -0.0312905
v -0.030348 -0.0227474 -0.0312905
v -0.03342 -0.0191144 -0.0336775
v -0.034229 -0.0179744 -0.0336775
v -0.03342 -0.0192274 -0.0312905
v -0.034368 -0.0179744 -0.0312905
v -0.031033 -0.0221044 -0.0336775
v -0.032464 -0.0203614 -0.0336775
v -0.031033 -0.0219744 -0.0312905
v -0.032461 -0.0203614 -0.0312905
v -0.02626 -0.0269944 -0.0384505
v -0.028255 -0.0251344 -0.0384505
v -0.02626 -0.0271164 -0.0360635
v -0.028303 -0.0251344 -0.0360635
v -0.02626 -0.0271114 -0.0336775
v -0.028246 -0.0251344 -0.0336775
v -0.02626 -0.0270714 -0.0312905
v -0.028178 -0.0251344 -0.0312905
v -0.0191 -0.0323324 -0.0289035
v -0.019166 -0.0322944 -0.0289035
v -0.0191 -0.0322944 -0.0285945
v -0.023873 -0.0290884 -0.0289035
v -0.025619 -0.0275214 -0.0289035
v -0.023873 -0.0288544 -0.0265175
v -0.025366 -0.0275214 -0.0265175
v -0.021486 -0.0308184 -0.0289035
v -0.022806 -0.0299074 -0.0289035
v -0.021486 -0.0305454 -0.0265175
v -0.022454 -0.0299074 -0.0265175
v -0.0191 -0.0320525 -0.0265175
v -0.023873 -0.0287754 -0.0241305
v -0.0253 -0.0275214 -0.0241305
v -0.023873 -0.0287504 -0.0217435
v -0.025345 -0.0275214 -0.0217435
v -0.021486 -0.0303974 -0.0241305
v -0.022281 -0.0299074 -0.0241305
v -0.0191 -0.0318374 -0.0241305
v -0.021486 -0.0303724 -0.0217435
v -0.022231 -0.0299074 -0.0217435
v -0.0191 -0.0318304 -0.0217435
v -0.028646 -0.0243994 -0.0289035
v -0.030137 -0.0227474 -0.0289035
v -0.028646 -0.0240484 -0.0265175
v -0.029896 -0.0227474 -0.0265175
v -0.03342 -0.0190994 -0.0289035
v -0.034306 -0.0179744 -0.0289035
v -0.03342 -0.0188044 -0.0265175
v -0.03405 -0.0179744 -0.0265175
v -0.031033 -0.0217584 -0.0289035
v -0.032312 -0.0203614 -0.0289035
v -0.031033 -0.0215544 -0.0265175
v -0.032115 -0.0203614 -0.0265175
v -0.028646 -0.0240184 -0.0241305
v -0.029926 -0.0227474 -0.0241305
v -0.028646 -0.0242824 -0.0217435
v -0.030118 -0.0227474 -0.0217435
v -0.03342 -0.0186404 -0.0241305
v -0.033867 -0.0179744 -0.0241305
v -0.03342 -0.0186844 -0.0217435
v -0.033853 -0.0179744 -0.0217435
v -0.031033 -0.0216104 -0.0241305
v -0.032123 -0.0203614 -0.0241305
v -0.031033 -0.0217634 -0.0217435
v -0.032225 -0.0203614 -0.0217435
v -0.02626 -0.0268884 -0.0289035
v -0.027968 -0.0251344 -0.0289035
v -0.02626 -0.0266024 -0.0265175
v -0.027625 -0.0251344 -0.0265175
v -0.02626 -0.0265344 -0.0241305
v -0.027564 -0.0251344 -0.0241305
v -0.02626 -0.0266664 -0.0217435
v -0.02781 -0.0251344 -0.0217435
v -0.014326 -0.0349415 -0.0384505
v -0.014934 -0.0346814 -0.0384505
v -0.016713 -0.0338095 -0.0384505
v -0.014326 -0.0348584 -0.0360635
v -0.014797 -0.0346814 -0.0360635
v -0.016713 -0.0338814 -0.0360635
v -0.01194 -0.0358884 -0.0384505
v -0.009553 -0.0366644 -0.0384505
v -0.01194 -0.0357964 -0.0360635
v -0.009553 -0.0366775 -0.0360635
v -0.014326 -0.0348764 -0.0336775
v -0.014834 -0.0346814 -0.0336775
v -0.016713 -0.0338965 -0.0336775
v -0.014326 -0.0349124 -0.0312905
v -0.014872 -0.0346814 -0.0312905
v -0.016713 -0.0338314 -0.0312905
v -0.01194 -0.0358384 -0.0336775
v -0.009553 -0.0367104 -0.0336775
v -0.01194 -0.0358914 -0.0312905
v -0.009553 -0.0366874 -0.0312905
v -0.014326 -0.0348114 -0.0289035
v -0.014627 -0.0346814 -0.0289035
v -0.016713 -0.0336654 -0.0289035
v -0.014326 -0.0346814 -0.0273785
v -0.016713 -0.0334194 -0.0265175
v -0.018691 -0.0322944 -0.0265175
v -0.014326 -0.0346024 -0.0265175
v -0.01194 -0.0357794 -0.0289035
v -0.009553 -0.0365734 -0.0289035
v -0.01194 -0.0355595 -0.0265175
v -0.01414 -0.0346814 -0.0265175
v -0.009553 -0.0363905 -0.0265175
v -0.016713 -0.0331884 -0.0241305
v -0.018303 -0.0322944 -0.0241305
v -0.014326 -0.0344354 -0.0241305
v -0.016713 -0.0331575 -0.0217435
v -0.018286 -0.0322944 -0.0217435
v -0.014326 -0.0344104 -0.0217435
v -0.01194 -0.0354274 -0.0241305
v -0.013779 -0.0346814 -0.0241305
v -0.009553 -0.0362415 -0.0241305
v -0.01194 -0.0354355 -0.0217435
v -0.01375 -0.0346814 -0.0217435
v -0.009553 -0.0361904 -0.0217435
v -0.007166 -0.0370105 -0.0289035
v -0.007166 -0.0369374 -0.0265175
v -0.007166 -0.0368344 -0.0241305
v -0.007166 -0.0367414 -0.0217435
v -0.035538 -0.0155874 -0.0384505
v -0.035807 -0.0151144 -0.0384505
v -0.036877 -0.0132004 -0.0384505
v -0.035667 -0.0155874 -0.0360635
v -0.035807 -0.0153494 -0.0360635
v -0.037002 -0.0132004 -0.0360635
v -0.038026 -0.0108144 -0.0384505
v -0.038051 -0.0108144 -0.0360635
v -0.035786 -0.0155874 -0.0336775
v -0.035807 -0.0155534 -0.0336775
v -0.037109 -0.0132004 -0.0336775
v -0.035882 -0.0155874 -0.0312905
v -0.035807 -0.0155874 -0.0332075
v -0.035807 -0.0157234 -0.0312905
v -0.037149 -0.0132004 -0.0312905
v -0.038087 -0.0108144 -0.0336775
v -0.038162 -0.0108144 -0.0312905
v -0.035807 -0.0157184 -0.0289035
v -0.035881 -0.0155874 -0.0289035
v -0.037166 -0.0132004 -0.0289035
v -0.035807 -0.0155874 -0.0275335
v -0.035721 -0.0155874 -0.0265175
v -0.035807 -0.0154514 -0.0265175
v -0.037116 -0.0132004 -0.0265175
v -0.035474 -0.0155874 -0.0241305
v -0.035807 -0.0150694 -0.0241305
v -0.036921 -0.0132004 -0.0241305
v -0.035306 -0.0155874 -0.0217435
v -0.035807 -0.0147324 -0.0217435
v -0.03666 -0.0132004 -0.0217435
v -0.03812 -0.0108144 -0.0241305
v -0.037896 -0.0108144 -0.0217435
v -0.019219 -0.0322944 -0.0169705
v -0.0191 -0.0322944 -0.0176485
v -0.0191 -0.0323625 -0.0169705
v -0.023873 -0.0287884 -0.0193565
v -0.025442 -0.0275214 -0.0193565
v -0.023873 -0.0289384 -0.0169705
v -0.025566 -0.0275214 -0.0169705
v -0.021486 -0.0305244 -0.0193565
v -0.022365 -0.0299074 -0.0193565
v -0.0191 -0.0320834 -0.0193565
v -0.021486 -0.0307844 -0.0169705
v -0.02265 -0.0299074 -0.0169705
v -0.0191 -0.0325864 -0.0145835
v -0.019604 -0.0322944 -0.0145835
v -0.0191 -0.0327974 -0.0121965
v -0.01996 -0.0322944 -0.0121965
v -0.023873 -0.0291664 -0.0145835
v -0.025693 -0.0275214 -0.0145835
v -0.023873 -0.0293904 -0.0121965
v -0.025848 -0.0275214 -0.0121965
v -0.021486 -0.0310514 -0.0145835
v -0.02299 -0.0299074 -0.0145835
v -0.021486 -0.0312724 -0.0121965
v -0.023265 -0.0299074 -0.0121965
v -0.028646 -0.0244824 -0.0193565
v -0.030191 -0.0227474 -0.0193565
v -0.028646 -0.0245794 -0.0169705
v -0.030236 -0.0227474 -0.0169705
v -0.03342 -0.0185994 -0.0193565
v -0.033804 -0.0179744 -0.0193565
v -0.03342 -0.0182094 -0.0169705
v -0.033561 -0.0179744 -0.0169705
v -0.031033 -0.0217574 -0.0193565
v -0.032166 -0.0203614 -0.0193565
v -0.031033 -0.0217144 -0.0169705
v -0.032002 -0.0203614 -0.0169705
v -0.028646 -0.0245854 -0.0145835
v -0.030242 -0.0227474 -0.0145835
v -0.028646 -0.0245934 -0.0121965
v -0.030231 -0.0227474 -0.0121965
v -0.03342 -0.0179744 -0.0154705
v -0.031033 -0.0216954 -0.0145835
v -0.031923 -0.0203614 -0.0145835
v -0.033381 -0.0179744 -0.0145835
v -0.031033 -0.0217044 -0.0121965
v -0.03195 -0.0203614 -0.0121965
v -0.033415 -0.0179744 -0.0121965
v -0.02626 -0.0268074 -0.0193565
v -0.02802 -0.0251344 -0.0193565
v -0.02626 -0.0269054 -0.0169705
v -0.028111 -0.0251344 -0.0169705
v -0.02626 -0.0269824 -0.0145835
v -0.028121 -0.0251344 -0.0145835
v -0.02626 -0.0271024 -0.0121965
v -0.028148 -0.0251344 -0.0121965
v -0.0191 -0.0329214 -0.00981049
v -0.020108 -0.0322944 -0.00981049
v -0.0191 -0.0330004 -0.00742349
v -0.020185 -0.0322944 -0.00742349
v -0.023873 -0.0294484 -0.00981049
v -0.025951 -0.0275214 -0.00981049
v -0.023873 -0.0294824 -0.00742349
v -0.026075 -0.0275214 -0.00742349
v -0.021486 -0.0313114 -0.00981049
v -0.023308 -0.0299074 -0.00981049
v -0.021486 -0.0313414 -0.00742349
v -0.023338 -0.0299074 -0.00742349
v -0.0191 -0.0330774 -0.00503649
v -0.020335 -0.0322944 -0.00503649
v -0.0191 -0.0330504 -0.00264949
v -0.0203 -0.0322944 -0.00264949
v -0.026355 -0.0275214 -0.00503649
v -0.02626 -0.0275214 -0.00571949
v -0.02626 -0.0276094 -0.00503649
v -0.023873 -0.0296524 -0.00503649
v -0.02626 -0.0277634 -0.00264949
v -0.026522 -0.0275214 -0.00264949
v -0.023873 -0.0297304 -0.00264949
v -0.021486 -0.0314824 -0.00503649
v -0.023547 -0.0299074 -0.00503649
v -0.021486 -0.0314724 -0.00264949
v -0.023631 -0.0299074 -0.00264949
v -0.028646 -0.0247074 -0.00981049
v -0.030317 -0.0227474 -0.00981049
v -0.028646 -0.0249154 -0.00742349
v -0.030471 -0.0227474 -0.00742349
v -0.033575 -0.0179744 -0.00981049
v -0.03342 -0.0179744 -0.0121025
v -0.03342 -0.0182314 -0.00981049
v -0.03342 -0.0184304 -0.00742349
v -0.033708 -0.0179744 -0.00742349
v -0.031033 -0.0218074 -0.00981049
v -0.032046 -0.0203614 -0.00981049
v -0.031033 -0.0219664 -0.00742349
v -0.03213 -0.0203614 -0.00742349
v -0.028706 -0.0251344 -0.00503649
v -0.028646 -0.0251344 -0.00557548
v -0.028646 -0.0252004 -0.00503649
v -0.030633 -0.0227474 -0.00503649
v -0.028646 -0.0252794 -0.00264949
v -0.028771 -0.0251344 -0.00264949
v -0.030697 -0.0227474 -0.00264949
v -0.03342 -0.0185514 -0.00503649
v -0.033779 -0.0179744 -0.00503649
v -0.03342 -0.0187424 -0.00264949
v -0.033866 -0.0179744 -0.00264949
v -0.031033 -0.0221674 -0.00503649
v -0.032234 -0.0203614 -0.00503649
v -0.031033 -0.0222924 -0.00264949
v -0.032389 -0.0203614 -0.00264949
v -0.02626 -0.0272064 -0.00981049
v -0.028249 -0.0251344 -0.00981049
v -0.02626 -0.0273404 -0.00742349
v -0.028439 -0.0251344 -0.00742349
v -0.016713 -0.0333595 -0.0193565
v -0.018727 -0.0322944 -0.0193565
v -0.014326 -0.0345395 -0.0193565
v -0.014581 -0.0346814 -0.0169705
v -0.014326 -0.0346814 -0.0179135
v -0.014326 -0.0347954 -0.0169705
v -0.016713 -0.0336465 -0.0169705
v -0.01194 -0.0355564 -0.0193565
v -0.014019 -0.0346814 -0.0193565
v -0.009553 -0.0362754 -0.0193565
v -0.01194 -0.0357775 -0.0169705
v -0.009553 -0.0364744 -0.0169705
v -0.014326 -0.0350394 -0.0145835
v -0.015119 -0.0346814 -0.0145835
v -0.016713 -0.0338965 -0.0145835
v -0.014326 -0.0351014 -0.0121965
v -0.015292 -0.0346814 -0.0121965
v -0.016713 -0.0340345 -0.0121965
v -0.01194 -0.0359924 -0.0145835
v -0.009553 -0.0366764 -0.0145835
v -0.01194 -0.0360904 -0.0121965
v -0.009553 -0.0368464 -0.0121965
v -0.007166 -0.0367704 -0.0193565
v -0.007166 -0.0369244 -0.0169705
v -0.014326 -0.0351435 -0.00981049
v -0.015428 -0.0346814 -0.00981049
v -0.016713 -0.0341364 -0.00981049
v -0.014326 -0.0353254 -0.00742349
v -0.015826 -0.0346814 -0.00742349
v -0.016713 -0.0342864 -0.00742349
v -0.01194 -0.0361824 -0.00981049
v -0.009553 -0.0370085 -0.00981049
v -0.01194 -0.0363274 -0.00742349
v -0.014326 -0.0353854 -0.00503649
v -0.016029 -0.0346814 -0.00503649
v -0.016713 -0.0343724 -0.00503649
v -0.014326 -0.0352404 -0.00264949
v -0.015863 -0.0346814 -0.00264949
v -0.016713 -0.0343234 -0.00264949
v -0.01194 -0.0362754 -0.00503649
v -0.009553 -0.0369625 -0.00503649
v -0.01194 -0.0360054 -0.00264949
v -0.009553 -0.0366904 -0.00264949
v -0.035161 -0.0155874 -0.0193565
v -0.035807 -0.0143204 -0.0193565
v -0.036358 -0.0132004 -0.0193565
v -0.034881 -0.0155874 -0.0169705
v -0.035807 -0.0136814 -0.0169705
v -0.036032 -0.0132004 -0.0169705
v -0.037552 -0.0108144 -0.0193565
v -0.037178 -0.0108144 -0.0169705
v -0.038153 -0.00842745 -0.0169705
v -0.03342 -0.0179064 -0.0145835
v -0.034713 -0.0155874 -0.0145835
v -0.035807 -0.0134484 -0.0145835
v -0.035927 -0.0132004 -0.0145835
v -0.03342 -0.0179654 -0.0121965
v -0.034825 -0.0155874 -0.0121965
v -0.035807 -0.0138144 -0.0121965
v -0.036122 -0.0132004 -0.0121965
v -0.037058 -0.0108144 -0.0145835
v -0.03792 -0.00842745 -0.0145835
v -0.037208 -0.0108144 -0.0121965
v -0.03792 -0.00842745 -0.0121965
v -0.035036 -0.0155874 -0.00981049
v -0.035807 -0.0142434 -0.00981049
v -0.036359 -0.0132004 -0.00981049
v -0.035167 -0.0155874 -0.00742349
v -0.035807 -0.0144554 -0.00742349
v -0.036475 -0.0132004 -0.00742349
v -0.037403 -0.0108144 -0.00981049
v -0.038081 -0.00842745 -0.00981049
v -0.037551 -0.0108144 -0.00742349
v -0.035202 -0.0155874 -0.00503649
v -0.035807 -0.0144944 -0.00503649
v -0.036494 -0.0132004 -0.00503649
v -0.035182 -0.0155874 -0.00264949
v -0.035807 -0.0143504 -0.00264949
v -0.036364 -0.0132004 -0.00264949
v -0.037606 -0.0108144 -0.00503649
v -0.037445 -0.0108144 -0.00264949
v -0.007166 -0.0371115 -0.000263485
v -0.007353 -0.0370674 -0.000263485
v -0.00478 -0.0375484 -0.000263485
v -0.007166 -0.0370674 0.000735515
v -0.00478 -0.0373724 0.00212351
v -0.006813 -0.0370674 0.00212351
v -0.002393 -0.0377385 -0.000263485
v -6.00293e-06 -0.0376585 -0.000263485
v -0.002393 -0.0374905 0.00212351
v -6.00293e-06 -0.0374324 0.00212351
v -0.00478 -0.0371534 0.00451052
v -0.00548 -0.0370674 0.00451052
v -0.00478 -0.0370674 0.00541451
v -0.002393 -0.0372924 0.00451052
v -6.00293e-06 -0.0373074 0.00451052
v -0.002393 -0.0371744 0.00689652
v -0.003675 -0.0370674 0.00689652
v -6.00293e-06 -0.0372924 0.00689652
v -0.002393 -0.0370684 0.00928351
v -0.002402 -0.0370674 0.00928351
v -6.00293e-06 -0.0372524 0.00928351
v -0.002393 -0.0370674 0.00930552
v -6.00293e-06 -0.0372114 0.0116705
v -0.002046 -0.0370674 0.0116705
v -0.0032 -0.0370674 0.0140565
v -0.002393 -0.0370674 0.0127975
v -0.002393 -0.0371494 0.0140565
v -6.00293e-06 -0.0372894 0.0140565
v -0.002393 -0.0372344 0.0164435
v -0.004327 -0.0370674 0.0164435
v -6.00293e-06 -0.0373264 0.0164435
v -0.002393 -0.0371005 0.0188305
v -0.003064 -0.0370674 0.0188305
v -6.00293e-06 -0.0371694 0.0188305
v -0.002393 -0.0370674 0.0192105
v -6.00293e-06 -0.0370674 0.0205185
v -0.000631003 -0.0370674 0.0236035
v -6.00293e-06 -0.0370674 0.0227135
v -6.00293e-06 -0.0370844 0.0236035
v -6.00293e-06 -0.0371064 0.0259905
v -0.001484 -0.0370674 0.0259905
v -6.00293e-06 -0.0371115 0.0283775
v -0.001629 -0.0370674 0.0283775
v -0.003113 -0.0370674 0.0307635
v -0.002393 -0.0370674 0.0298275
v -0.002393 -0.0371124 0.0307635
v -6.00293e-06 -0.0371715 0.0307635
v -0.005324 -0.0370674 0.0331505
v -0.00478 -0.0370674 0.0324435
v -0.00478 -0.0371274 0.0331505
v -0.00478 -0.0373134 0.0355375
v -0.006369 -0.0370674 0.0355375
v -0.002393 -0.0372924 0.0331505
v -6.00293e-06 -0.0372984 0.0331505
v -0.002393 -0.0374854 0.0355375
v -6.00293e-06 -0.0374335 0.0355375
v -0.038193 -0.00842745 -0.00203648
v -0.038193 -0.00756745 -0.000263485
v -0.038467 -0.00604045 -0.000263485
v -0.03883 -0.00365445 -0.000263485
v -0.038193 -0.00638645 0.00212351
v -0.038252 -0.00604045 0.00212351
v -0.038642 -0.00365445 0.00212351
v -0.039159 -0.00126745 -0.000263485
v -0.03927 0.00111955 -0.000263485
v -0.038973 -0.00126745 0.00212351
v -0.039083 0.00111955 0.00212351
v -0.038193 -0.00604045 0.00320551
v -0.038193 -0.00579545 0.00451052
v -0.038606 -0.00365445 0.00451052
v -0.038193 -0.00589045 0.00689652
v -0.038676 -0.00365445 0.00689652
v -0.038959 -0.00126745 0.00451052
v -0.039029 0.00111955 0.00451052
v -0.039066 -0.00126745 0.00689652
v -0.039049 0.00111955 0.00689652
v -0.038359 -0.00842745 0.0140565
v -0.038193 -0.00842745 0.0119525
v -0.038193 -0.00888145 0.0140565
v -0.038193 -0.00913945 0.0164435
v -0.038448 -0.00842745 0.0164435
v -0.038408 -0.00604045 0.00928351
v -0.038193 -0.00604045 0.00741052
v -0.038193 -0.00708345 0.00928351
v -0.038861 -0.00365445 0.00928351
v -0.038193 -0.00833445 0.0116705
v -0.038778 -0.00604045 0.0116705
v -0.039105 -0.00365445 0.0116705
v -0.039122 -0.00126745 0.00928351
v -0.038979 0.00111955 0.00928351
v -0.039115 -0.00126745 0.0116705
v -0.038849 0.00111955 0.0116705
v -0.03903 -0.00604045 0.0140565
v -0.0393 -0.00365445 0.0140565
v -0.039163 -0.00604045 0.0164435
v -0.039449 -0.00365445 0.0164435
v -0.039147 -0.00126745 0.0140565
v -0.038791 0.00111955 0.0140565
v -0.039228 -0.00126745 0.0164435
v -0.03882 0.00111955 0.0164435
v -0.038193 -0.00949145 0.0188305
v -0.038557 -0.00842745 0.0188305
v -0.038193 -0.00975545 0.0212175
v -0.038631 -0.00842745 0.0212175
v -0.038193 -0.00941645 0.0236035
v -0.03851 -0.00842745 0.0236035
v -0.038193 -0.00866145 0.0259905
v -0.03827 -0.00842745 0.0259905
v -0.039251 -0.00604045 0.0188305
v -0.039516 -0.00365445 0.0188305
v -0.039242 -0.00604045 0.0212175
v -0.039438 -0.00365445 0.0212175
v -0.03927 -0.00126745 0.0188305
v -0.038859 0.00111955 0.0188305
v -0.039219 -0.00126745 0.0212175
v -0.038876 0.00111955 0.0212175
v -0.039069 -0.00604045 0.0236035
v -0.03926 -0.00365445 0.0236035
v -0.038829 -0.00604045 0.0259905
v -0.039065 -0.00365445 0.0259905
v -0.03914 -0.00126745 0.0236035
v -0.038892 0.00111955 0.0236035
v -0.03907 -0.00126745 0.0259905
v -0.038913 0.00111955 0.0259905
v -0.038193 -0.00842745 0.0267905
v -0.038193 -0.00799245 0.0283775
v -0.038615 -0.00604045 0.0283775
v -0.038882 -0.00365445 0.0283775
v -0.038193 -0.00734945 0.0307635
v -0.038441 -0.00604045 0.0307635
v -0.038753 -0.00365445 0.0307635
v -0.039013 -0.00126745 0.0283775
v -0.038998 0.00111955 0.0283775
v -0.039005 -0.00126745 0.0307635
v -0.03914 0.00111955 0.0307635
v -0.038193 -0.00721445 0.0331505
v -0.038425 -0.00604045 0.0331505
v -0.038779 -0.00365445 0.0331505
v -0.038193 -0.00750245 0.0355375
v -0.038529 -0.00604045 0.0355375
v -0.038896 -0.00365445 0.0355375
v -0.03903 -0.00126745 0.0331505
v -0.039193 0.00111955 0.0331505
v -0.039051 -0.00126745 0.0355375
v -0.039152 0.00111955 0.0355375
v -0.0191 -0.0329814 -0.000263485
v -0.020181 -0.0322944 -0.000263485
v -0.0191 -0.0329255 0.00212351
v -0.020123 -0.0322944 0.00212351
v -0.02626 -0.0276154 -0.000263485
v -0.026359 -0.0275214 -0.000263485
v -0.023873 -0.0296134 -0.000263485
v -0.02626 -0.0275214 0.000637514
v -0.023873 -0.0294444 0.00212351
v -0.026118 -0.0275214 0.00212351
v -0.021486 -0.0313714 -0.000263485
v -0.023474 -0.0299074 -0.000263485
v -0.021486 -0.0313184 0.00212351
v -0.023287 -0.0299074 0.00212351
v -0.0191 -0.0327424 0.00451052
v -0.0198 -0.0322944 0.00451052
v -0.0191 -0.0324304 0.00689652
v -0.019289 -0.0322944 0.00689652
v -0.023873 -0.0291914 0.00451052
v -0.025856 -0.0275214 0.00451052
v -0.023873 -0.0288214 0.00689652
v -0.025481 -0.0275214 0.00689652
v -0.021486 -0.0310604 0.00451052
v -0.022961 -0.0299074 0.00451052
v -0.021486 -0.0306174 0.00689652
v -0.022427 -0.0299074 0.00689652
v -0.028646 -0.0251344 -0.000983487
v -0.028646 -0.0250424 -0.000263485
v -0.030558 -0.0227474 -0.000263485
v -0.028646 -0.0248694 0.00212351
v -0.030432 -0.0227474 0.00212351
v -0.03342 -0.0186804 -0.000263485
v -0.033812 -0.0179744 -0.000263485
v -0.03342 -0.0183164 0.00212351
v -0.0336 -0.0179744 0.00212351
v -0.031033 -0.0221504 -0.000263485
v -0.032355 -0.0203614 -0.000263485
v -0.031033 -0.0219754 0.00212351
v -0.032185 -0.0203614 0.00212351
v -0.028646 -0.0247554 0.00451052
v -0.030367 -0.0227474 0.00451052
v -0.028646 -0.0244794 0.00689652
v -0.030173 -0.0227474 0.00689652
v -0.03342 -0.0180844 0.00451052
v -0.033476 -0.0179744 0.00451052
v -0.03342 -0.0179744 0.00645752
v -0.031033 -0.0218684 0.00451052
v -0.03208 -0.0203614 0.00451052
v -0.031033 -0.0216394 0.00689652
v -0.031938 -0.0203614 0.00689652
v -0.033402 -0.0179744 0.00689652
v -0.028569 -0.0251344 -0.000263485
v -0.02626 -0.0273864 0.00212351
v -0.028413 -0.0251344 0.00212351
v -0.02626 -0.0271494 0.00451052
v -0.02829 -0.0251344 0.00451052
v -0.02626 -0.0268214 0.00689652
v -0.028008 -0.0251344 0.00689652
v -0.0191 -0.0322944 0.00785551
v -0.023873 -0.0285774 0.00928351
v -0.025219 -0.0275214 0.00928351
v -0.023873 -0.0286144 0.0116705
v -0.025275 -0.0275214 0.0116705
v -0.021486 -0.0303364 0.00928351
v -0.022072 -0.0299074 0.00928351
v -0.0191 -0.0321125 0.00928351
v -0.021486 -0.0303524 0.0116705
v -0.022115 -0.0299074 0.0116705
v -0.0191 -0.0320104 0.0116705
v -0.019324 -0.0322944 0.0164435
v -0.0191 -0.0322944 0.0152035
v -0.0191 -0.0324194 0.0164435
v -0.023873 -0.0287584 0.0140565
v -0.025421 -0.0275214 0.0140565
v -0.023873 -0.0289094 0.0164435
v -0.025511 -0.0275214 0.0164435
v -0.021486 -0.0305664 0.0140565
v -0.022378 -0.0299074 0.0140565
v -0.0191 -0.0321754 0.0140565
v -0.021486 -0.0308314 0.0164435
v -0.022657 -0.0299074 0.0164435
v -0.028646 -0.0243534 0.00928351
v -0.030119 -0.0227474 0.00928351
v -0.028646 -0.0245414 0.0116705
v -0.030323 -0.0227474 0.0116705
v -0.031033 -0.0215944 0.00928351
v -0.03188 -0.0203614 0.00928351
v -0.033303 -0.0179744 0.00928351
v -0.031033 -0.0218334 0.0116705
v -0.031998 -0.0203614 0.0116705
v -0.033356 -0.0179744 0.0116705
v -0.028646 -0.0246544 0.0140565
v -0.030387 -0.0227474 0.0140565
v -0.028646 -0.0246164 0.0164435
v -0.030321 -0.0227474 0.0164435
v -0.033523 -0.0179744 0.0140565
v -0.03342 -0.0179744 0.0125935
v -0.03342 -0.0181504 0.0140565
v -0.03342 -0.0184344 0.0164435
v -0.033711 -0.0179744 0.0164435
v -0.031033 -0.0219024 0.0140565
v -0.032067 -0.0203614 0.0140565
v -0.031033 -0.0218374 0.0164435
v -0.032103 -0.0203614 0.0164435
v -0.02626 -0.0266184 0.00928351
v -0.027852 -0.0251344 0.00928351
v -0.02626 -0.0267004 0.0116705
v -0.028019 -0.0251344 0.0116705
v -0.02626 -0.0268224 0.0140565
v -0.028148 -0.0251344 0.0140565
v -0.02626 -0.0268624 0.0164435
v -0.028124 -0.0251344 0.0164435
v -0.014326 -0.0351665 -0.000263485
v -0.015703 -0.0346814 -0.000263485
v -0.016713 -0.0342595 -0.000263485
v -0.014326 -0.0351665 0.00212351
v -0.015611 -0.0346814 0.00212351
v -0.016713 -0.0341964 0.00212351
v -0.01194 -0.0358724 -0.000263485
v -0.009553 -0.0365195 -0.000263485
v -0.01194 -0.0358634 0.00212351
v -0.009553 -0.0364424 0.00212351
v -0.014326 -0.0350704 0.00451052
v -0.015377 -0.0346814 0.00451052
v -0.016713 -0.0340805 0.00451052
v -0.014326 -0.0348354 0.00689652
v -0.01483 -0.0346814 0.00689652
v -0.016713 -0.0339004 0.00689652
v -0.01194 -0.0356995 0.00451052
v -0.009553 -0.0362034 0.00451052
v -0.01194 -0.0353844 0.00689652
v -0.009553 -0.0358875 0.00689652
v -0.007166 -0.0369964 0.00212351
v -0.007166 -0.0367614 0.00451052
v -0.007166 -0.0364825 0.00689652
v -0.00478 -0.0369404 0.00689652
v -0.014326 -0.0346814 0.00825651
v -0.016713 -0.0336264 0.00928351
v -0.018846 -0.0322944 0.00928351
v -0.014326 -0.0345884 0.00928351
v -0.016713 -0.0334785 0.0116705
v -0.018664 -0.0322944 0.0116705
v -0.014326 -0.0345644 0.0116705
v -0.01194 -0.0351634 0.00928351
v -0.013978 -0.0346814 0.00928351
v -0.009553 -0.0357374 0.00928351
v -0.01194 -0.0352004 0.0116705
v -0.013953 -0.0346814 0.0116705
v -0.009553 -0.0357854 0.0116705
v -0.014399 -0.0346814 0.0140565
v -0.014326 -0.0346814 0.0135985
v -0.014326 -0.0347095 0.0140565
v -0.016713 -0.0335534 0.0140565
v -0.0189 -0.0322944 0.0140565
v -0.014326 -0.0347325 0.0164435
v -0.014455 -0.0346814 0.0164435
v -0.016713 -0.0336535 0.0164435
v -0.01194 -0.0354264 0.0140565
v -0.009553 -0.0359964 0.0140565
v -0.01194 -0.0355365 0.0164435
v -0.009553 -0.0361834 0.0164435
v -0.007166 -0.0363414 0.00928351
v -0.00478 -0.0367855 0.00928351
v -0.007166 -0.0363594 0.0116705
v -0.00478 -0.0367544 0.0116705
v -0.002393 -0.0370344 0.0116705
v -0.007166 -0.0365154 0.0140565
v -0.00478 -0.0368845 0.0140565
v -0.007166 -0.0366864 0.0164435
v -0.00478 -0.0370184 0.0164435
v -0.035046 -0.0155874 -0.000263485
v -0.035807 -0.0139404 -0.000263485
v -0.036131 -0.0132004 -0.000263485
v -0.034801 -0.0155874 0.00212351
v -0.035807 -0.0134684 0.00212351
v -0.035928 -0.0132004 0.00212351
v -0.037171 -0.0108144 -0.000263485
v -0.037991 -0.00842745 -0.000263485
v -0.036977 -0.0108144 0.00212351
v -0.037771 -0.00842745 0.00212351
v -0.034664 -0.0155874 0.00451052
v -0.035807 -0.0132894 0.00451052
v -0.03585 -0.0132004 0.00451052
v -0.03342 -0.0179404 0.00689652
v -0.034654 -0.0155874 0.00689652
v -0.035807 -0.0133334 0.00689652
v -0.035873 -0.0132004 0.00689652
v -0.036909 -0.0108144 0.00451052
v -0.037646 -0.00842745 0.00451052
v -0.036944 -0.0108144 0.00689652
v -0.037671 -0.00842745 0.00689652
v -0.038146 -0.00604045 0.00451052
v -0.038163 -0.00604045 0.00689652
v -0.03342 -0.0177594 0.00928351
v -0.034607 -0.0155874 0.00928351
v -0.035807 -0.0133364 0.00928351
v -0.035876 -0.0132004 0.00928351
v -0.03342 -0.0178564 0.0116705
v -0.034667 -0.0155874 0.0116705
v -0.035807 -0.0134504 0.0116705
v -0.035936 -0.0132004 0.0116705
v -0.037035 -0.0108144 0.00928351
v -0.037876 -0.00842745 0.00928351
v -0.037178 -0.0108144 0.0116705
v -0.038163 -0.00842745 0.0116705
v -0.034861 -0.0155874 0.0140565
v -0.035807 -0.0137564 0.0140565
v -0.036092 -0.0132004 0.0140565
v -0.035078 -0.0155874 0.0164435
v -0.035807 -0.0141504 0.0164435
v -0.036294 -0.0132004 0.0164435
v -0.037341 -0.0108144 0.0140565
v -0.037502 -0.0108144 0.0164435
v -0.0191 -0.0325684 0.0188305
v -0.019589 -0.0322944 0.0188305
v -0.0191 -0.0324794 0.0212175
v -0.019414 -0.0322944 0.0212175
v -0.023873 -0.0291124 0.0188305
v -0.025667 -0.0275214 0.0188305
v -0.023873 -0.0292184 0.0212175
v -0.02582 -0.0275214 0.0212175
v -0.021486 -0.0310114 0.0188305
v -0.022903 -0.0299074 0.0188305
v -0.021486 -0.0309454 0.0212175
v -0.022958 -0.0299074 0.0212175
v -0.0191 -0.0322944 0.0230635
v -0.023873 -0.0290554 0.0236035
v -0.025765 -0.0275214 0.0236035
v -0.023873 -0.0288104 0.0259905
v -0.025489 -0.0275214 0.0259905
v -0.021486 -0.0306874 0.0236035
v -0.022665 -0.0299074 0.0236035
v -0.0191 -0.0322414 0.0236035
v -0.021486 -0.0305264 0.0259905
v -0.022384 -0.0299074 0.0259905
v -0.0191 -0.0321434 0.0259905
v -0.028646 -0.0245744 0.0188305
v -0.030247 -0.0227474 0.0188305
v -0.028646 -0.0245694 0.0212175
v -0.030178 -0.0227474 0.0212175
v -0.03342 -0.0187044 0.0188305
v -0.033927 -0.0179744 0.0188305
v -0.03342 -0.0187224 0.0212175
v -0.033961 -0.0179744 0.0212175
v -0.031033 -0.0217714 0.0188305
v -0.032147 -0.0203614 0.0188305
v -0.031033 -0.0216884 0.0212175
v -0.032113 -0.0203614 0.0212175
v -0.028646 -0.0246854 0.0236035
v -0.0303 -0.0227474 0.0236035
v -0.028646 -0.0247694 0.0259905
v -0.030493 -0.0227474 0.0259905
v -0.03342 -0.0185834 0.0236035
v -0.033826 -0.0179744 0.0236035
v -0.03342 -0.0185414 0.0259905
v -0.033759 -0.0179744 0.0259905
v -0.031033 -0.0218214 0.0236035
v -0.032143 -0.0203614 0.0236035
v -0.031033 -0.0220644 0.0259905
v -0.032254 -0.0203614 0.0259905
v -0.02626 -0.0269584 0.0188305
v -0.028108 -0.0251344 0.0188305
v -0.02626 -0.0270894 0.0212175
v -0.028139 -0.0251344 0.0212175
v -0.02626 -0.0270724 0.0236035
v -0.028229 -0.0251344 0.0236035
v -0.02626 -0.0268814 0.0259905
v -0.028263 -0.0251344 0.0259905
v -0.019113 -0.0322944 0.0307635
v -0.0191 -0.0322944 0.0296455
v -0.0191 -0.0323034 0.0307635
v -0.023873 -0.0286794 0.0283775
v -0.025289 -0.0275214 0.0283775
v -0.023873 -0.0286034 0.0307635
v -0.025193 -0.0275214 0.0307635
v -0.021486 -0.0305424 0.0283775
v -0.022329 -0.0299074 0.0283775
v -0.0191 -0.0322394 0.0283775
v -0.021486 -0.0305464 0.0307635
v -0.022294 -0.0299074 0.0307635
v -0.0191 -0.0322944 0.0315105
v -0.023873 -0.0286444 0.0331505
v -0.025192 -0.0275214 0.0331505
v -0.023873 -0.0286974 0.0355375
v -0.025237 -0.0275214 0.0355375
v -0.021486 -0.0305734 0.0331505
v -0.022353 -0.0299074 0.0331505
v -0.0191 -0.0322615 0.0331505
v -0.021486 -0.0305464 0.0355375
v -0.022363 -0.0299074 0.0355375
v -0.0191 -0.0321794 0.0355375
v -0.028646 -0.0247434 0.0283775
v -0.030577 -0.0227474 0.0283775
v -0.028646 -0.0246834 0.0307635
v -0.030598 -0.0227474 0.0307635
v -0.03342 -0.0185874 0.0283775
v -0.033752 -0.0179744 0.0283775
v -0.03342 -0.0185914 0.0307635
v -0.033727 -0.0179744 0.0307635
v -0.031033 -0.0221944 0.0283775
v -0.032358 -0.0203614 0.0283775
v -0.031033 -0.0222484 0.0307635
v -0.032421 -0.0203614 0.0307635
v -0.028646 -0.0246174 0.0331505
v -0.030524 -0.0227474 0.0331505
v -0.028646 -0.0245074 0.0355375
v -0.030304 -0.0227474 0.0355375
v -0.03342 -0.0183924 0.0331505
v -0.033635 -0.0179744 0.0331505
v -0.03342 -0.0180694 0.0355375
v -0.033477 -0.0179744 0.0355375
v -0.031033 -0.0221474 0.0331505
v -0.032303 -0.0203614 0.0331505
v -0.031033 -0.0218134 0.0355375
v -0.032011 -0.0203614 0.0355375
v -0.02626 -0.0267334 0.0283775
v -0.028205 -0.0251344 0.0283775
v -0.02626 -0.0266644 0.0307635
v -0.028128 -0.0251344 0.0307635
v -0.02626 -0.0266294 0.0331505
v -0.028053 -0.0251344 0.0331505
v -0.02626 -0.0266274 0.0355375
v -0.027965 -0.0251344 0.0355375
v -0.014326 -0.0346814 0.0176945
v -0.016713 -0.0337175 0.0188305
v -0.014326 -0.0346264 0.0188305
v -0.016713 -0.0337264 0.0212175
v -0.014326 -0.0345855 0.0212175
v -0.01194 -0.0353764 0.0188305
v -0.014157 -0.0346814 0.0188305
v -0.009553 -0.0361015 0.0188305
v -0.01194 -0.0352265 0.0212175
v -0.01397 -0.0346814 0.0212175
v -0.009553 -0.0359344 0.0212175
v -0.016713 -0.0336674 0.0236035
v -0.019016 -0.0322944 0.0236035
v -0.014326 -0.0346615 0.0236035
v -0.014684 -0.0346814 0.0259905
v -0.014326 -0.0346814 0.0239665
v -0.014326 -0.0348245 0.0259905
v -0.016713 -0.0336604 0.0259905
v -0.018869 -0.0322944 0.0259905
v -0.01194 -0.0353164 0.0236035
v -0.014259 -0.0346814 0.0236035
v -0.009553 -0.0359624 0.0236035
v -0.01194 -0.0355755 0.0259905
v -0.009553 -0.0361184 0.0259905
v -0.007166 -0.0366685 0.0188305
v -0.00478 -0.0369634 0.0188305
v -0.007166 -0.0365794 0.0212175
v -0.00478 -0.0369014 0.0212175
v -0.002393 -0.0369954 0.0212175
v -6.00293e-06 -0.0370584 0.0212175
v -0.007166 -0.0365664 0.0236035
v -0.00478 -0.0369134 0.0236035
v -0.007166 -0.0365574 0.0259905
v -0.00478 -0.0368635 0.0259905
v -0.002393 -0.0370274 0.0236035
v -0.002393 -0.0370315 0.0259905
v -0.014326 -0.0350324 0.0283775
v -0.01509 -0.0346814 0.0283775
v -0.016713 -0.0337914 0.0283775
v -0.019018 -0.0322944 0.0283775
v -0.014326 -0.0351694 0.0307635
v -0.015351 -0.0346814 0.0307635
v -0.016713 -0.0339044 0.0307635
v -0.01194 -0.0358584 0.0283775
v -0.009553 -0.0363204 0.0283775
v -0.01194 -0.0360025 0.0307635
v -0.009553 -0.0364544 0.0307635
v -0.014326 -0.0351014 0.0331505
v -0.015238 -0.0346814 0.0331505
v -0.016713 -0.0338504 0.0331505
v -0.01905 -0.0322944 0.0331505
v -0.014326 -0.0348944 0.0355375
v -0.014831 -0.0346814 0.0355375
v -0.016713 -0.0337054 0.0355375
v -0.018923 -0.0322944 0.0355375
v -0.01194 -0.0359304 0.0331505
v -0.009553 -0.0364564 0.0331505
v -0.01194 -0.0357414 0.0355375
v -0.009553 -0.0363964 0.0355375
v -0.007166 -0.0366094 0.0283775
v -0.00478 -0.0368475 0.0283775
v -0.007166 -0.0367274 0.0307635
v -0.00478 -0.0369494 0.0307635
v -0.002393 -0.0370284 0.0283775
v -0.007166 -0.0368344 0.0331505
v -0.007166 -0.0369214 0.0355375
v -0.035356 -0.0155874 0.0188305
v -0.035807 -0.0147084 0.0188305
v -0.036569 -0.0132004 0.0188305
v -0.03549 -0.0155874 0.0212175
v -0.035807 -0.0150174 0.0212175
v -0.036747 -0.0132004 0.0212175
v -0.037689 -0.0108144 0.0188305
v -0.037806 -0.0108144 0.0212175
v -0.035354 -0.0155874 0.0236035
v -0.035807 -0.0147994 0.0236035
v -0.036633 -0.0132004 0.0236035
v -0.035142 -0.0155874 0.0259905
v -0.035807 -0.0142864 0.0259905
v -0.03631 -0.0132004 0.0259905
v -0.037686 -0.0108144 0.0236035
v -0.037368 -0.0108144 0.0259905
v -0.035003 -0.0155874 0.0283775
v -0.035807 -0.0138494 0.0283775
v -0.036082 -0.0132004 0.0283775
v -0.034944 -0.0155874 0.0307635
v -0.035807 -0.0138044 0.0307635
v -0.036075 -0.0132004 0.0307635
v -0.037124 -0.0108144 0.0283775
v -0.038062 -0.00842745 0.0283775
v -0.037089 -0.0108144 0.0307635
v -0.037928 -0.00842745 0.0307635
v -0.034917 -0.0155874 0.0331505
v -0.035807 -0.0138674 0.0331505
v -0.036125 -0.0132004 0.0331505
v -0.034923 -0.0155874 0.0355375
v -0.035807 -0.0139804 0.0355375
v -0.036188 -0.0132004 0.0355375
v -0.037151 -0.0108144 0.0331505
v -0.037916 -0.00842745 0.0331505
v -0.037201 -0.0108144 0.0355375
v -0.03796 -0.00842745 0.0355375
v -0.00478 -0.0374704 0.0379235
v -0.006856 -0.0370674 0.0379235
v -0.007337 -0.0370674 0.0403105
v -0.007166 -0.0370674 0.0394955
v -0.007166 -0.0371154 0.0403105
v -0.00478 -0.0376404 0.0403105
v -0.002393 -0.0376675 0.0379235
v -6.00293e-06 -0.0376034 0.0379235
v -0.002393 -0.0378544 0.0403105
v -6.00293e-06 -0.0378064 0.0403105
v -0.007166 -0.0372414 0.0426975
v -0.007788 -0.0370674 0.0426975
v -0.00478 -0.0377634 0.0426975
v -0.007166 -0.0372704 0.0450845
v -0.007895 -0.0370674 0.0450845
v -0.00478 -0.0377794 0.0450845
v -0.002393 -0.0379705 0.0426975
v -6.00293e-06 -0.0379615 0.0426975
v -0.002393 -0.0380204 0.0450845
v -6.00293e-06 -0.0380704 0.0450845
v -0.007166 -0.0371984 0.0474705
v -0.007653 -0.0370674 0.0474705
v -0.00478 -0.0376905 0.0474705
v -0.007166 -0.0371314 0.0498575
v -0.007419 -0.0370674 0.0498575
v -0.00478 -0.0376094 0.0498575
v -0.002393 -0.0379724 0.0474705
v -6.00293e-06 -0.0380724 0.0474705
v -0.002393 -0.0378894 0.0498575
v -6.00293e-06 -0.0379484 0.0498575
v -0.007166 -0.0371144 0.0522445
v -0.007334 -0.0370674 0.0522445
v -0.00478 -0.0376614 0.0522445
v -0.007166 -0.0370955 0.0546305
v -0.007261 -0.0370674 0.0546305
v -0.00478 -0.0376654 0.0546305
v -0.002393 -0.0379124 0.0522445
v -6.00293e-06 -0.0378344 0.0522445
v -0.002393 -0.0378914 0.0546305
v -6.00293e-06 -0.0377685 0.0546305
v -0.007166 -0.0370674 0.0558395
v -0.00478 -0.0374314 0.0570175
v -0.006892 -0.0370674 0.0570175
v -0.00478 -0.0370894 0.0594045
v -0.005003 -0.0370674 0.0594045
v -0.002393 -0.0376464 0.0570175
v -6.00293e-06 -0.0376274 0.0570175
v -0.002393 -0.0372865 0.0594045
v -6.00293e-06 -0.0373794 0.0594045
v -0.00478 -0.0370674 0.0595615
v -0.002393 -0.0370784 0.0617905
v -0.002509 -0.0370674 0.0617905
v -6.00293e-06 -0.0372374 0.0617905
v -0.002393 -0.0371104 0.0641775
v -0.0028 -0.0370674 0.0641775
v -6.00293e-06 -0.0373004 0.0641775
v -0.002393 -0.0371354 0.0665645
v -0.003259 -0.0370674 0.0665645
v -6.00293e-06 -0.0372475 0.0665645
v -0.002393 -0.0370674 0.0674995
v -6.00293e-06 -0.0370674 0.0678065
v -0.038203 -0.00842745 0.0403105
v -0.038193 -0.00842745 0.0402285
v -0.038193 -0.00846045 0.0403105
v -0.038193 -0.00901345 0.0426975
v -0.038385 -0.00842745 0.0426975
v -0.038193 -0.00885145 0.0450845
v -0.03834 -0.00842745 0.0450845
v -0.038193 -0.00778145 0.0379235
v -0.038614 -0.00604045 0.0379235
v -0.038981 -0.00365445 0.0379235
v -0.038773 -0.00604045 0.0403105
v -0.039088 -0.00365445 0.0403105
v -0.039103 -0.00126745 0.0379235
v -0.03912 0.00111955 0.0379235
v -0.039189 -0.00126745 0.0403105
v -0.039114 0.00111955 0.0403105
v -0.038937 -0.00604045 0.0426975
v -0.039167 -0.00365445 0.0426975
v -0.038932 -0.00604045 0.0450845
v -0.039163 -0.00365445 0.0450845
v -0.039214 -0.00126745 0.0426975
v -0.039114 0.00111955 0.0426975
v -0.039206 -0.00126745 0.0450845
v -0.03914 0.00111955 0.0450845
v -0.038193 -0.00842745 0.0470525
v -0.038193 -0.00831645 0.0474705
v -0.038814 -0.00604045 0.0474705
v -0.039123 -0.00365445 0.0474705
v -0.038193 -0.00751145 0.0498575
v -0.038598 -0.00604045 0.0498575
v -0.038994 -0.00365445 0.0498575
v -0.039181 -0.00126745 0.0474705
v -0.039094 0.00111955 0.0474705
v -0.039069 -0.00126745 0.0498575
v -0.038941 0.00111955 0.0498575
v -0.038193 -0.00652745 0.0522445
v -0.038319 -0.00604045 0.0522445
v -0.038749 -0.00365445 0.0522445
v -0.038193 -0.00604045 0.0534885
v -0.038193 -0.00552045 0.0546305
v -0.038449 -0.00365445 0.0546305
v -0.038875 -0.00126745 0.0522445
v -0.038782 0.00111955 0.0522445
v -0.038614 -0.00126745 0.0546305
v -0.038593 0.00111955 0.0546305
v -0.038193 -0.00407745 0.0570175
v -0.038229 -0.00365445 0.0570175
v -0.038193 -0.00378245 0.0594045
v -0.038201 -0.00365445 0.0594045
v -0.038359 -0.00126745 0.0570175
v -0.03834 0.00111955 0.0570175
v -0.038252 -0.00126745 0.0594045
v -0.038193 0.000376551 0.0594045
v -0.038193 0.00111955 0.0586185
v -0.038193 -0.00392045 0.0617905
v -0.038213 -0.00365445 0.0617905
v -0.038193 -0.00365445 0.0624305
v -0.038234 -0.00126745 0.0617905
v -0.038193 -0.000633449 0.0617905
v -0.038193 -0.00126745 0.0628595
v -0.023873 -0.0285294 0.0379235
v -0.025119 -0.0275214 0.0379235
v -0.023873 -0.0283944 0.0403105
v -0.025042 -0.0275214 0.0403105
v -0.021486 -0.0303084 0.0379235
v -0.022052 -0.0299074 0.0379235
v -0.0191 -0.0319934 0.0379235
v -0.021486 -0.0301414 0.0403105
v -0.021815 -0.0299074 0.0403105
v -0.0191 -0.0318384 0.0403105
v -0.023873 -0.0285214 0.0426975
v -0.025275 -0.0275214 0.0426975
v -0.023873 -0.0287384 0.0450845
v -0.025554 -0.0275214 0.0450845
v -0.021486 -0.0302004 0.0426975
v -0.021909 -0.0299074 0.0426975
v -0.0191 -0.0318304 0.0426975
v -0.021486 -0.0303534 0.0450845
v -0.022162 -0.0299074 0.0450845
v -0.0191 -0.0318904 0.0450845
v -0.028646 -0.0243404 0.0379235
v -0.030032 -0.0227474 0.0379235
v -0.028646 -0.0243054 0.0403105
v -0.029914 -0.0227474 0.0403105
v -0.03342 -0.0179744 0.0363715
v -0.031033 -0.0214094 0.0379235
v -0.031748 -0.0203614 0.0379235
v -0.033355 -0.0179744 0.0379235
v -0.031033 -0.0212504 0.0403105
v -0.031682 -0.0203614 0.0403105
v -0.033389 -0.0179744 0.0403105
v -0.028646 -0.0244274 0.0426975
v -0.029945 -0.0227474 0.0426975
v -0.028646 -0.0245134 0.0450845
v -0.029993 -0.0227474 0.0450845
v -0.031033 -0.0212704 0.0426975
v -0.031705 -0.0203614 0.0426975
v -0.033391 -0.0179744 0.0426975
v -0.031033 -0.0213014 0.0450845
v -0.031688 -0.0203614 0.0450845
v -0.033277 -0.0179744 0.0450845
v -0.02626 -0.0265594 0.0379235
v -0.027849 -0.0251344 0.0379235
v -0.02626 -0.0265694 0.0403105
v -0.027866 -0.0251344 0.0403105
v -0.02626 -0.0267674 0.0426975
v -0.028026 -0.0251344 0.0426975
v -0.02626 -0.0269554 0.0450845
v -0.028125 -0.0251344 0.0450845
v -0.019213 -0.0322944 0.0498575
v -0.0191 -0.0322944 0.0493295
v -0.0191 -0.0323535 0.0498575
v -0.023873 -0.0289534 0.0474705
v -0.025766 -0.0275214 0.0474705
v -0.023873 -0.0292654 0.0498575
v -0.02602 -0.0275214 0.0498575
v -0.021486 -0.0305934 0.0474705
v -0.022503 -0.0299074 0.0474705
v -0.0191 -0.0320814 0.0474705
v -0.021486 -0.0309264 0.0498575
v -0.022972 -0.0299074 0.0498575
v -0.0191 -0.0325465 0.0522445
v -0.01961 -0.0322944 0.0522445
v -0.0191 -0.0325454 0.0546305
v -0.019586 -0.0322944 0.0546305
v -0.023873 -0.0294864 0.0522445
v -0.026033 -0.0275214 0.0522445
v -0.023873 -0.0293214 0.0546305
v -0.0257 -0.0275214 0.0546305
v -0.021486 -0.0311974 0.0522445
v -0.023326 -0.0299074 0.0522445
v -0.021486 -0.0311544 0.0546305
v -0.023185 -0.0299074 0.0546305
v -0.028646 -0.0245574 0.0474705
v -0.030068 -0.0227474 0.0474705
v -0.028646 -0.0246024 0.0498575
v -0.030139 -0.0227474 0.0498575
v -0.033499 -0.0179744 0.0498575
v -0.03342 -0.0179744 0.0486745
v -0.03342 -0.0181054 0.0498575
v -0.031033 -0.0214334 0.0474705
v -0.031776 -0.0203614 0.0474705
v -0.033329 -0.0179744 0.0474705
v -0.031033 -0.0215944 0.0498575
v -0.031927 -0.0203614 0.0498575
v -0.028646 -0.0244884 0.0522445
v -0.030088 -0.0227474 0.0522445
v -0.028646 -0.0241994 0.0546305
v -0.029918 -0.0227474 0.0546305
v -0.03342 -0.0182174 0.0522445
v -0.033569 -0.0179744 0.0522445
v -0.03342 -0.0180874 0.0546305
v -0.03349 -0.0179744 0.0546305
v -0.031033 -0.0215864 0.0522445
v -0.031959 -0.0203614 0.0522445
v -0.031033 -0.0214204 0.0546305
v -0.031847 -0.0203614 0.0546305
v -0.02626 -0.0270974 0.0474705
v -0.028165 -0.0251344 0.0474705
v -0.02626 -0.0272924 0.0498575
v -0.028212 -0.0251344 0.0498575
v -0.02626 -0.0272804 0.0522445
v -0.028118 -0.0251344 0.0522445
v -0.02626 -0.0269074 0.0546305
v -0.027829 -0.0251344 0.0546305
v -0.014326 -0.0347404 0.0379235
v -0.014466 -0.0346814 0.0379235
v -0.016713 -0.0335315 0.0379235
v -0.018656 -0.0322944 0.0379235
v -0.014326 -0.0347294 0.0403105
v -0.014427 -0.0346814 0.0403105
v -0.016713 -0.0334055 0.0403105
v -0.01843 -0.0322944 0.0403105
v -0.01194 -0.0356324 0.0379235
v -0.009553 -0.0363655 0.0379235
v -0.01194 -0.0357024 0.0403105
v -0.009553 -0.0364455 0.0403105
v -0.014326 -0.0347594 0.0426975
v -0.014477 -0.0346814 0.0426975
v -0.016713 -0.0333734 0.0426975
v -0.018386 -0.0322944 0.0426975
v -0.014326 -0.0346814 0.0450845
v -0.014327 -0.0346814 0.0450845
v -0.016713 -0.0333464 0.0450845
v -0.018436 -0.0322944 0.0450845
v -0.01194 -0.0358034 0.0426975
v -0.009553 -0.0365745 0.0426975
v -0.01194 -0.0357455 0.0450845
v -0.009553 -0.0365854 0.0450845
v -0.007166 -0.0369954 0.0379235
v -0.014326 -0.0346814 0.0450865
v -0.016713 -0.0333764 0.0474705
v -0.018716 -0.0322944 0.0474705
v -0.014326 -0.0345804 0.0474705
v -0.016713 -0.0334954 0.0498575
v -0.014326 -0.0345714 0.0498575
v -0.01194 -0.0356285 0.0474705
v -0.014107 -0.0346814 0.0474705
v -0.009553 -0.0365125 0.0474705
v -0.01194 -0.0355894 0.0498575
v -0.014073 -0.0346814 0.0498575
v -0.009553 -0.0364694 0.0498575
v -0.016713 -0.0336104 0.0522445
v -0.014326 -0.0346094 0.0522445
v -0.016713 -0.0336614 0.0546305
v -0.014326 -0.0346364 0.0546305
v -0.01194 -0.0355624 0.0522445
v -0.014147 -0.0346814 0.0522445
v -0.009553 -0.0364144 0.0522445
v -0.01194 -0.0355254 0.0546305
v -0.014205 -0.0346814 0.0546305
v -0.009553 -0.0363634 0.0546305
v -0.03342 -0.0178794 0.0379235
v -0.035001 -0.0155874 0.0379235
v -0.035807 -0.0142364 0.0379235
v -0.036318 -0.0132004 0.0379235
v -0.03342 -0.0179304 0.0403105
v -0.035058 -0.0155874 0.0403105
v -0.035807 -0.0143624 0.0403105
v -0.036405 -0.0132004 0.0403105
v -0.03727 -0.0108144 0.0379235
v -0.038017 -0.00842745 0.0379235
v -0.037408 -0.0108144 0.0403105
v -0.03342 -0.0179294 0.0426975
v -0.034936 -0.0155874 0.0426975
v -0.035807 -0.0141514 0.0426975
v -0.036335 -0.0132004 0.0426975
v -0.03342 -0.0177404 0.0450845
v -0.034763 -0.0155874 0.0450845
v -0.035807 -0.0138904 0.0450845
v -0.036202 -0.0132004 0.0450845
v -0.037496 -0.0108144 0.0426975
v -0.037404 -0.0108144 0.0450845
v -0.03342 -0.0178234 0.0474705
v -0.034793 -0.0155874 0.0474705
v -0.035807 -0.0138534 0.0474705
v -0.036155 -0.0132004 0.0474705
v -0.034929 -0.0155874 0.0498575
v -0.035807 -0.0139694 0.0498575
v -0.036185 -0.0132004 0.0498575
v -0.037261 -0.0108144 0.0474705
v -0.038156 -0.00842745 0.0474705
v -0.037156 -0.0108144 0.0498575
v -0.03792 -0.00842745 0.0498575
v -0.034939 -0.0155874 0.0522445
v -0.035807 -0.0138704 0.0522445
v -0.036119 -0.0132004 0.0522445
v -0.034797 -0.0155874 0.0546305
v -0.035807 -0.0134134 0.0546305
v -0.035899 -0.0132004 0.0546305
v -0.037032 -0.0108144 0.0522445
v -0.037702 -0.00842745 0.0522445
v -0.03685 -0.0108144 0.0546305
v -0.037581 -0.00842745 0.0546305
v -0.038101 -0.00604045 0.0546305
v -0.0191 -0.0324174 0.0570175
v -0.019307 -0.0322944 0.0570175
v -0.0191 -0.0322974 0.0594045
v -0.019104 -0.0322944 0.0594045
v -0.023873 -0.0289214 0.0570175
v -0.025343 -0.0275214 0.0570175
v -0.023873 -0.0287054 0.0594045
v -0.025229 -0.0275214 0.0594045
v -0.021486 -0.0308494 0.0570175
v -0.022722 -0.0299074 0.0570175
v -0.021486 -0.0305874 0.0594045
v -0.022374 -0.0299074 0.0594045
v -0.0191 -0.0322944 0.0594665
v -0.023873 -0.0286914 0.0617905
v -0.025293 -0.0275214 0.0617905
v -0.023873 -0.0286664 0.0641775
v -0.025334 -0.0275214 0.0641775
v -0.021486 -0.0305424 0.0617905
v -0.022312 -0.0299074 0.0617905
v -0.0191 -0.0322205 0.0617905
v -0.021486 -0.0306204 0.0641775
v -0.022355 -0.0299074 0.0641775
v -0.0191 -0.0322394 0.0641775
v -0.028646 -0.0239844 0.0570175
v -0.029749 -0.0227474 0.0570175
v -0.028646 -0.0239734 0.0594045
v -0.029701 -0.0227474 0.0594045
v -0.03342 -0.0179744 0.0556325
v -0.031033 -0.0211884 0.0570175
v -0.031658 -0.0203614 0.0570175
v -0.033307 -0.0179744 0.0570175
v -0.031033 -0.0210504 0.0594045
v -0.031534 -0.0203614 0.0594045
v -0.033168 -0.0179744 0.0594045
v -0.028646 -0.0241534 0.0617905
v -0.029835 -0.0227474 0.0617905
v -0.028646 -0.0244214 0.0641775
v -0.030053 -0.0227474 0.0641775
v -0.031033 -0.0211934 0.0617905
v -0.03162 -0.0203614 0.0617905
v -0.033197 -0.0179744 0.0617905
v -0.031033 -0.0214754 0.0641775
v -0.031827 -0.0203614 0.0641775
v -0.033402 -0.0179744 0.0641775
v -0.02626 -0.0265654 0.0570175
v -0.027587 -0.0251344 0.0570175
v -0.02626 -0.0265084 0.0594045
v -0.027575 -0.0251344 0.0594045
v -0.02626 -0.0266364 0.0617905
v -0.027754 -0.0251344 0.0617905
v -0.02626 -0.0267684 0.0641775
v -0.027997 -0.0251344 0.0641775
v -0.023873 -0.0286384 0.0665645
v -0.0254 -0.0275214 0.0665645
v -0.023873 -0.0284794 0.0689515
v -0.025328 -0.0275214 0.0689515
v -0.021486 -0.0305504 0.0665645
v -0.022278 -0.0299074 0.0665645
v -0.0191 -0.0321154 0.0665645
v -0.021486 -0.0301414 0.0689515
v -0.021817 -0.0299074 0.0689515
v -0.0191 -0.0315924 0.0689515
v -0.023873 -0.0276864 0.0713375
v -0.024176 -0.0275214 0.0713375
v -0.023873 -0.0275214 0.0716275
v -0.021486 -0.0299074 0.0697235
v -0.0191 -0.0305534 0.0713375
v -0.020263 -0.0299074 0.0713375
v -0.021486 -0.0291404 0.0713375
v -0.0191 -0.0299074 0.0723145
v -0.021486 -0.0275214 0.0732765
v -0.0191 -0.0285534 0.0737245
v -0.020637 -0.0275214 0.0737245
v -0.028646 -0.0246664 0.0665645
v -0.030186 -0.0227474 0.0665645
v -0.028646 -0.0247124 0.0689515
v -0.030133 -0.0227474 0.0689515
v -0.03373 -0.0179744 0.0665645
v -0.03342 -0.0179744 0.0643195
v -0.03342 -0.0184374 0.0665645
v -0.03342 -0.0186504 0.0689515
v -0.033917 -0.0179744 0.0689515
v -0.031033 -0.0216214 0.0665645
v -0.031998 -0.0203614 0.0665645
v -0.031033 -0.0215324 0.0689515
v -0.032005 -0.0203614 0.0689515
v -0.028646 -0.0241234 0.0713375
v -0.029666 -0.0227474 0.0713375
v -0.028646 -0.0227474 0.0732245
v -0.03342 -0.0182474 0.0713375
v -0.033631 -0.0179744 0.0713375
v -0.03342 -0.0179744 0.0720085
v -0.031033 -0.0209774 0.0713375
v -0.031574 -0.0203614 0.0713375
v -0.031033 -0.0203614 0.0726055
v -0.028646 -0.0221904 0.0737245
v -0.030266 -0.0203614 0.0737245
v -0.031033 -0.0195664 0.0737245
v -0.032477 -0.0179744 0.0737245
v -0.02626 -0.0268854 0.0665645
v -0.028222 -0.0251344 0.0665645
v -0.02626 -0.0268774 0.0689515
v -0.028272 -0.0251344 0.0689515
v -0.02626 -0.0262854 0.0713375
v -0.027723 -0.0251344 0.0713375
v -0.02626 -0.0251344 0.0731595
v -0.023873 -0.0258714 0.0737245
v -0.025397 -0.0251344 0.0737245
v -0.02626 -0.0245984 0.0737245
v -0.028197 -0.0227474 0.0737245
v -0.021486 -0.0270044 0.0737245
v -0.014372 -0.0346814 0.0570175
v -0.014326 -0.0346814 0.0565445
v -0.014326 -0.0346974 0.0570175
v -0.016713 -0.0336984 0.0570175
v -0.014326 -0.0347844 0.0594045
v -0.014592 -0.0346814 0.0594045
v -0.016713 -0.0337085 0.0594045
v -0.01194 -0.0355435 0.0570175
v -0.009553 -0.0363725 0.0570175
v -0.01194 -0.0356334 0.0594045
v -0.009553 -0.0363644 0.0594045
v -0.014326 -0.0347314 0.0617905
v -0.014441 -0.0346814 0.0617905
v -0.016713 -0.0335794 0.0617905
v -0.01898 -0.0322944 0.0617905
v -0.014326 -0.0346814 0.0624355
v -0.016713 -0.0334154 0.0641775
v -0.018998 -0.0322944 0.0641775
v -0.014326 -0.0345184 0.0641775
v -0.01194 -0.0356594 0.0617905
v -0.009553 -0.0363134 0.0617905
v -0.01194 -0.0355155 0.0641775
v -0.013961 -0.0346814 0.0641775
v -0.009553 -0.0362454 0.0641775
v -0.007166 -0.0370105 0.0570175
v -0.007166 -0.0368304 0.0594045
v -0.007166 -0.0366624 0.0617905
v -0.00478 -0.0368714 0.0617905
v -0.007166 -0.0366404 0.0641775
v -0.00478 -0.0368775 0.0641775
v -0.016713 -0.0331924 0.0665645
v -0.018739 -0.0322944 0.0665645
v -0.014326 -0.0342284 0.0665645
v -0.016713 -0.0326775 0.0689515
v -0.017602 -0.0322944 0.0689515
v -0.014326 -0.0337155 0.0689515
v -0.01194 -0.0352335 0.0665645
v -0.013274 -0.0346814 0.0665645
v -0.009553 -0.0360805 0.0665645
v -0.01194 -0.0347145 0.0689515
v -0.012023 -0.0346814 0.0689515
v -0.009553 -0.0356014 0.0689515
v -0.016713 -0.0322944 0.0700685
v -0.014326 -0.0327104 0.0713375
v -0.015329 -0.0322944 0.0713375
v -0.014326 -0.0322944 0.0720145
v -0.01194 -0.0346814 0.0690595
v -0.009553 -0.0346814 0.0712715
v -0.01194 -0.0337114 0.0713375
v -0.009553 -0.0346464 0.0713375
v -0.01194 -0.0322944 0.0732815
v -0.009553 -0.0328894 0.0737245
v -0.010925 -0.0322944 0.0737245
v -0.016713 -0.0316965 0.0713375
v -0.016713 -0.0299074 0.0736795
v -0.014326 -0.0308514 0.0737245
v -0.016605 -0.0299074 0.0737245
v -0.016713 -0.0298594 0.0737245
v -0.01194 -0.0318485 0.0737245
v -0.007166 -0.0366244 0.0665645
v -0.00478 -0.0369325 0.0665645
v -0.007166 -0.0362794 0.0689515
v -0.00478 -0.0366744 0.0689515
v -0.002393 -0.0368225 0.0689515
v -6.00293e-06 -0.0367925 0.0689515
v -0.007166 -0.0354515 0.0713375
v -0.009459 -0.0346814 0.0713375
v -0.00478 -0.0359274 0.0713375
v -0.007166 -0.0346814 0.0727425
v -0.00478 -0.0346814 0.0735415
v -0.007166 -0.0339214 0.0737245
v -0.00478 -0.0345375 0.0737245
v -0.002393 -0.0360074 0.0713375
v -6.00293e-06 -0.0358444 0.0713375
v -0.002393 -0.0346814 0.0735665
v -6.00293e-06 -0.0346814 0.0732505
v -0.002393 -0.0345564 0.0737245
v -6.00293e-06 -0.0343184 0.0737245
v -0.03342 -0.0177904 0.0570175
v -0.034613 -0.0155874 0.0570175
v -0.035807 -0.0132004 0.0556165
v -0.035715 -0.0132004 0.0570175
v -0.03342 -0.0175634 0.0594045
v -0.034519 -0.0155874 0.0594045
v -0.035708 -0.0132004 0.0594045
v -0.035807 -0.0129904 0.0570175
v -0.03675 -0.0108144 0.0570175
v -0.037551 -0.00842745 0.0570175
v -0.035807 -0.0129954 0.0594045
v -0.036839 -0.0108144 0.0594045
v -0.037637 -0.00842745 0.0594045
v -0.03342 -0.0176054 0.0617905
v -0.034576 -0.0155874 0.0617905
v -0.035808 -0.0132004 0.0617905
v -0.035807 -0.0132004 0.0617645
v -0.035807 -0.0132034 0.0617905
v -0.03342 -0.0179454 0.0641775
v -0.034784 -0.0155874 0.0641775
v -0.035807 -0.0134624 0.0641775
v -0.035917 -0.0132004 0.0641775
v -0.036919 -0.0108144 0.0617905
v -0.037675 -0.00842745 0.0617905
v -0.036842 -0.0108144 0.0641775
v -0.037505 -0.00842745 0.0641775
v -0.037986 -0.00604045 0.0570175
v -0.038011 -0.00604045 0.0594045
v -0.038145 0.00111955 0.0594045
v -0.038018 -0.00604045 0.0617905
v -0.037846 -0.00604045 0.0641775
v -0.038067 -0.00365445 0.0641775
v -0.03801 0.00111955 0.0617905
v -0.038082 -0.00126745 0.0641775
v -0.037804 0.00111955 0.0641775
v -0.035124 -0.0155874 0.0665645
v -0.035807 -0.0140464 0.0665645
v -0.03611 -0.0132004 0.0665645
v -0.035342 -0.0155874 0.0689515
v -0.035807 -0.0144744 0.0689515
v -0.036216 -0.0132004 0.0689515
v -0.0368 -0.0108144 0.0665645
v -0.037284 -0.00842745 0.0665645
v -0.036734 -0.0108144 0.0689515
v -0.037047 -0.00842745 0.0689515
v -0.035104 -0.0155874 0.0713375
v -0.035807 -0.0135374 0.0713375
v -0.035887 -0.0132004 0.0713375
v -0.03342 -0.0167264 0.0737245
v -0.034086 -0.0155874 0.0737245
v -0.035807 -0.0132004 0.0716285
v -0.034939 -0.0132004 0.0737245
v -0.036291 -0.0108144 0.0713375
v -0.036514 -0.00842745 0.0713375
v -0.035807 -0.0108144 0.0726395
v -0.035263 -0.0108144 0.0737245
v -0.035807 -0.00842745 0.0730505
v -0.035443 -0.00842745 0.0737245
v -0.037579 -0.00604045 0.0665645
v -0.037767 -0.00365445 0.0665645
v -0.037221 -0.00604045 0.0689515
v -0.037288 -0.00365445 0.0689515
v -0.037739 -0.00126745 0.0665645
v -0.037498 0.00111955 0.0665645
v -0.037208 -0.00126745 0.0689515
v -0.03704 0.00111955 0.0689515
v -0.036626 -0.00604045 0.0713375
v -0.036625 -0.00365445 0.0713375
v -0.035807 -0.00604045 0.0734565
v -0.035678 -0.00604045 0.0737245
v -0.035807 -0.00365445 0.0736185
v -0.035761 -0.00365445 0.0737245
v -0.036464 -0.00126745 0.0713375
v -0.036234 0.00111955 0.0713375
v -0.035807 -0.00126745 0.0729125
v -0.035378 -0.00126745 0.0737245
v -0.035807 0.00111955 0.0721845
v -0.034734 0.00111955 0.0737245
v -0.0191 -0.0275214 0.0744255
v -0.028646 -0.0203614 0.0750705
v -0.031033 -0.0179744 0.0752035
v -0.028646 -0.0184054 0.0761115
v -0.029337 -0.0179744 0.0761115
v -0.028646 -0.0179744 0.0762785
v -0.023873 -0.0251344 0.0743975
v -0.02626 -0.0227474 0.0750025
v -0.023873 -0.0227474 0.0757175
v -0.021486 -0.0251344 0.0750285
v -0.0191 -0.0251344 0.0754595
v -0.021486 -0.0227474 0.0760315
v -0.0191 -0.0228624 0.0761115
v -0.019915 -0.0227474 0.0761115
v -0.0191 -0.0227474 0.0761385
v -0.02626 -0.0203614 0.0758625
v -0.023873 -0.0206004 0.0761115
v -0.024055 -0.0203614 0.0761115
v -0.02626 -0.0193164 0.0761115
v -0.023873 -0.0203614 0.0761245
v -0.02626 -0.0179744 0.0763675
v -0.023873 -0.0179744 0.0762255
v -0.021486 -0.0223974 0.0761115
v -0.021486 -0.0203614 0.0762955
v -0.0191 -0.0203614 0.0764595
v -0.021486 -0.0179744 0.0762465
v -0.0191 -0.0179744 0.0765285
v -0.009553 -0.0322944 0.0742575
v -0.014326 -0.0299074 0.0744805
v -0.016713 -0.0275214 0.0751765
v -0.014326 -0.0275214 0.0756295
v -0.01194 -0.0299074 0.0750505
v -0.009553 -0.0299074 0.0755915
v -0.01194 -0.0275214 0.0760035
v -0.009553 -0.0283174 0.0761115
v -0.011207 -0.0275214 0.0761115
v -0.009553 -0.0275214 0.0763215
v -0.007166 -0.0322944 0.0750545
v -0.00478 -0.0322944 0.0754965
v -0.002393 -0.0322944 0.0755555
v -6.00293e-06 -0.0322944 0.0754605
v -0.007166 -0.0299074 0.0760485
v -0.00478 -0.0307134 0.0761115
v -0.006748 -0.0299074 0.0761115
v -0.007166 -0.0296704 0.0761115
v -0.00478 -0.0299074 0.0763285
v -0.007166 -0.0275214 0.0765725
v -0.00478 -0.0275214 0.0767995
v -0.002393 -0.0309974 0.0761115
v -6.00293e-06 -0.0309354 0.0761115
v -0.002393 -0.0299074 0.0764545
v -6.00293e-06 -0.0299074 0.0764705
v -0.002393 -0.0275214 0.0769785
v -6.00293e-06 -0.0275214 0.0770385
v -0.016713 -0.0251344 0.0758365
v -0.014326 -0.0257444 0.0761115
v -0.015067 -0.0251344 0.0761115
v -0.016713 -0.0238144 0.0761115
v -0.014326 -0.0251344 0.0762365
v -0.016713 -0.0227474 0.0763285
v -0.014326 -0.0227474 0.0766685
v -0.01194 -0.0271694 0.0761115
v -0.01194 -0.0251344 0.0765795
v -0.009553 -0.0251344 0.0767845
v -0.01194 -0.0227474 0.0769065
v -0.009553 -0.0227474 0.0769965
v -0.016713 -0.0203614 0.0767185
v -0.014326 -0.0203614 0.0770185
v -0.016713 -0.0179744 0.0769315
v -0.014326 -0.0179744 0.0772265
v -0.01194 -0.0203614 0.0771155
v -0.009553 -0.0203614 0.0770615
v -0.01194 -0.0179744 0.0772085
v -0.009553 -0.0179744 0.0770275
v -0.007166 -0.0251344 0.0769525
v -0.00478 -0.0251344 0.0771475
v -0.007166 -0.0227474 0.0771255
v -0.00478 -0.0227474 0.0773055
v -0.002393 -0.0251344 0.0772815
v -6.00293e-06 -0.0251344 0.0772845
v -0.002393 -0.0227474 0.0774025
v -6.00293e-06 -0.0227474 0.0773535
v -0.007166 -0.0203614 0.0770995
v -0.00478 -0.0203614 0.0772455
v -0.007166 -0.0179744 0.0769695
v -0.00478 -0.0179744 0.0770485
v -0.002393 -0.0203614 0.0773815
v -6.00293e-06 -0.0203614 0.0774065
v -0.002393 -0.0179744 0.0772155
v -6.00293e-06 -0.0179744 0.0773335
v -0.03342 -0.0155874 0.0746155
v -0.03342 -0.0132004 0.0756485
v -0.031033 -0.0163224 0.0761115
v -0.031582 -0.0155874 0.0761115
v -0.032835 -0.0132004 0.0761115
v -0.031033 -0.0155874 0.0763785
v -0.028646 -0.0155874 0.0768425
v -0.031033 -0.0132004 0.0768655
v -0.028646 -0.0132004 0.0770035
v -0.03342 -0.0108144 0.0759705
v -0.03342 -0.00842745 0.0760225
v -0.033237 -0.0108144 0.0761115
v -0.033292 -0.00842745 0.0761115
v -0.031033 -0.0108144 0.0769675
v -0.028646 -0.0108144 0.0769905
v -0.031033 -0.00842745 0.0769335
v -0.028646 -0.00842745 0.0769725
v -0.02626 -0.0155874 0.0766565
v -0.023873 -0.0155874 0.0763955
v -0.02626 -0.0132004 0.0767405
v -0.023873 -0.0132004 0.0764635
v -0.021486 -0.0155874 0.0763475
v -0.0191 -0.0155874 0.0766175
v -0.021486 -0.0132004 0.0763575
v -0.0191 -0.0132004 0.0765505
v -0.02626 -0.0108144 0.0767195
v -0.023873 -0.0108144 0.0763985
v -0.02626 -0.00842745 0.0767195
v -0.023873 -0.00842745 0.0763905
v -0.021486 -0.0108144 0.0761815
v -0.0191 -0.0108144 0.0763195
v -0.021486 -0.00842745 0.0761475
v -0.0191 -0.00842745 0.0763045
v -0.03342 -0.00606045 0.0761115
v -0.033421 -0.00604045 0.0761115
v -0.03342 -0.00487645 0.0761115
v -0.03342 -0.00365445 0.0760585
v -0.03342 -0.00604045 0.0761125
v -0.033279 -0.00365445 0.0761115
v -0.031033 -0.00604045 0.0768305
v -0.028646 -0.00604045 0.0768995
v -0.031033 -0.00365445 0.0765625
v -0.028646 -0.00365445 0.0766345
v -0.03342 -0.00126745 0.0755665
v -0.03342 0.00111955 0.0748485
v -0.031033 -0.00137245 0.0761115
v -0.031033 -0.00126745 0.0760865
v -0.03066 -0.00126745 0.0761115
v -0.031033 0.00111955 0.0756105
v -0.028646 -0.000565449 0.0761115
v -0.028646 0.00111955 0.0758925
v -0.028646 -0.00126745 0.0762265
v -0.02626 -0.00604045 0.0767025
v -0.023873 -0.00604045 0.0764075
v -0.02626 -0.00365445 0.0765605
v -0.023873 -0.00365445 0.0763745
v -0.021486 -0.00604045 0.0762285
v -0.0191 -0.00604045 0.0764525
v -0.021486 -0.00365445 0.0762895
v -0.0191 -0.00365445 0.0764945
v -0.02626 0.000581551 0.0761115
v -0.02626 0.00111955 0.0760645
v -0.023873 0.00111955 0.0760665
v -0.023873 0.000512551 0.0761115
v -0.02626 -0.00126745 0.0763035
v -0.023873 -0.00126745 0.0762465
v -0.021486 0.000626551 0.0761115
v -0.021486 0.00111955 0.0760735
v -0.0191 0.000940551 0.0761115
v -0.0191 0.00111955 0.0760885
v -0.021486 -0.00126745 0.0762395
v -0.0191 -0.00126745 0.0763575
v -0.016713 -0.0155874 0.0770595
v -0.014326 -0.0155874 0.0773395
v -0.016713 -0.0132004 0.0770065
v -0.014326 -0.0132004 0.0773065
v -0.01194 -0.0155874 0.0772175
v -0.009553 -0.0155874 0.0769115
v -0.01194 -0.0132004 0.0771435
v -0.009553 -0.0132004 0.0767585
v -0.016713 -0.0108144 0.0767795
v -0.014326 -0.0108144 0.0770535
v -0.016713 -0.00842745 0.0767005
v -0.014326 -0.00842745 0.0767735
v -0.009553 -0.00886345 0.0761115
v -0.009553 -0.00842745 0.0760395
v -0.010067 -0.00842745 0.0761115
v -0.01194 -0.0108144 0.0768535
v -0.009553 -0.0108144 0.0764535
v -0.01194 -0.00842745 0.0764315
v -0.007166 -0.0155874 0.0767525
v -0.00478 -0.0155874 0.0767505
v -0.007166 -0.0132004 0.0764915
v -0.00478 -0.0132004 0.0764025
v -0.002393 -0.0155874 0.0768885
v -6.00293e-06 -0.0155874 0.0770235
v -0.002393 -0.0132004 0.0764685
v -6.00293e-06 -0.0132004 0.0765785
v -0.00478 -0.0112504 0.0761115
v -0.00478 -0.0108144 0.0760435
v -0.00629 -0.0108144 0.0761115
v -0.007166 -0.00842745 0.0758095
v -0.007166 -0.0104274 0.0761115
v -0.00478 -0.00842745 0.0756425
v -0.007166 -0.0108144 0.0761715
v -0.002393 -0.0108144 0.0760145
v -0.002393 -0.0112974 0.0761115
v -6.00293e-06 -0.0109154 0.0761115
v -6.00293e-06 -0.0108144 0.0760885
v -0.002393 -0.00842745 0.0754995
v -6.00293e-06 -0.00842745 0.0755175
v -0.016713 -0.00604045 0.0767605
v -0.014326 -0.00604045 0.0766225
v -0.016713 -0.00365445 0.0766595
v -0.014326 -0.00365445 0.0764235
v -0.009553 -0.00604045 0.0757465
v -0.011773 -0.00604045 0.0761115
v -0.01194 -0.00560645 0.0761115
v -0.01194 -0.00365445 0.0759375
v -0.012756 -0.00365445 0.0761115
v -0.009553 -0.00365445 0.0754585
v -0.01194 -0.00604045 0.0761445
v -0.014326 -0.00138645 0.0761115
v -0.014326 -0.00126745 0.0760925
v -0.01445 -0.00126745 0.0761115
v -0.016713 0.00111955 0.0759575
v -0.016713 0.000192551 0.0761115
v -0.014326 0.00111955 0.0757295
v -0.016713 -0.00126745 0.0763495
v -0.01194 -0.00126745 0.0756545
v -0.009553 -0.00126745 0.0750705
v -0.01194 0.00111955 0.0753855
v -0.009553 0.00111955 0.0748345
v -0.007166 -0.00604045 0.0754715
v -0.00478 -0.00604045 0.0751925
v -0.007166 -0.00365445 0.0750395
v -0.00478 -0.00365445 0.0746835
v -0.002393 -0.00604045 0.0749765
v -6.00293e-06 -0.00604045 0.0749575
v -0.002393 -0.00365445 0.0744785
v -6.00293e-06 -0.00365445 0.0744945
v -0.007166 -0.00126745 0.0745525
v -0.00478 -0.00126745 0.0742705
v -0.007166 0.00111955 0.0743125
v -0.00478 0.00111955 0.0740825
v -0.002393 -0.00126745 0.0741535
v -6.00293e-06 -0.00126745 0.0741875
v -0.002393 0.00111955 0.0740385
v -6.00293e-06 0.00111955 0.0740635
v -0.038724 0.00350655 -0.157785
v -0.038193 0.00350655 -0.159311
v -0.038193 0.00589255 -0.1588
v -0.038515 0.00589255 -0.157785
v -0.039157 0.00350655 -0.155398
v -0.038971 0.00589255 -0.155398
v -0.038193 0.00749155 -0.157785
v -0.038193 0.00827955 -0.156962
v -0.038432 0.00827955 -0.155398
v -0.038193 0.00908155 -0.155398
v -0.028646 0.00589255 -0.165653
v -0.031528 0.00589255 -0.164945
v -0.030698 0.0106666 -0.164945
v -0.028646 0.0106666 -0.165478
v -0.023873 0.0106666 -0.166226
v -0.0191 0.0106666 -0.166739
v -0.029601 0.0130526 -0.164945
v -0.028646 0.0147696 -0.164945
v -0.023873 0.0154396 -0.165963
v -0.028237 0.0154396 -0.164945
v -0.0191 0.0154396 -0.166505
v -0.026682 0.0178266 -0.164945
v -0.02626 0.0183946 -0.164945
v -0.023873 0.0202126 -0.165224
v -0.024785 0.0202126 -0.164945
v -0.0191 0.0202126 -0.166085
v -0.035832 0.00350655 -0.162558
v -0.035807 0.00350655 -0.162581
v -0.035807 0.00183655 -0.162558
v -0.03342 0.00350655 -0.164192
v -0.035807 0.00437955 -0.162558
v -0.03342 0.00589255 -0.164156
v -0.035679 0.00589255 -0.162558
v -0.037753 0.00350655 -0.160172
v -0.037551 0.00589255 -0.160172
v -0.035807 0.00589255 -0.162442
v -0.035273 0.00827955 -0.162558
v -0.03342 0.00827955 -0.163983
v -0.034574 0.0106666 -0.162558
v -0.03342 0.0106666 -0.163582
v -0.035807 0.00827955 -0.161983
v -0.037028 0.00827955 -0.160172
v -0.035807 0.0106666 -0.160906
v -0.036211 0.0106666 -0.160172
v -0.031033 0.0106666 -0.16483
v -0.037991 0.00827955 -0.157785
v -0.037168 0.0106666 -0.157785
v -0.037614 0.0106666 -0.155398
v -0.033575 0.0130526 -0.162558
v -0.03342 0.0130526 -0.162727
v -0.03342 0.0133636 -0.162558
v -0.035807 0.0116416 -0.160172
v -0.035137 0.0130526 -0.160172
v -0.03342 0.0154396 -0.160879
v -0.033775 0.0154396 -0.160172
v -0.031033 0.0130526 -0.164392
v -0.0322 0.0154396 -0.162558
v -0.031033 0.0154396 -0.163566
v -0.028646 0.0154396 -0.164805
v -0.03342 0.0159876 -0.160172
v -0.031033 0.0171256 -0.162558
v -0.028646 0.0178266 -0.164057
v -0.030527 0.0178266 -0.162558
v -0.028707 0.0202126 -0.162558
v -0.028646 0.0202126 -0.162623
v -0.032107 0.0178266 -0.160172
v -0.031033 0.0178266 -0.161983
v -0.031033 0.0191946 -0.160172
v -0.030196 0.0202126 -0.160172
v -0.035807 0.0130526 -0.158401
v -0.035969 0.0130526 -0.157785
v -0.035807 0.0133436 -0.157785
v -0.034528 0.0154396 -0.157785
v -0.036298 0.0130526 -0.155398
v -0.035807 0.0138146 -0.155398
v -0.034702 0.0154396 -0.155398
v -0.03342 0.0170096 -0.157785
v -0.03342 0.0171296 -0.155398
v -0.032796 0.0178266 -0.157785
v -0.031033 0.0199286 -0.157785
v -0.030776 0.0202126 -0.157785
v -0.032847 0.0178266 -0.155398
v -0.031033 0.0198766 -0.155398
v -0.030712 0.0202126 -0.155398
v -0.02626 0.0202126 -0.164336
v -0.009553 0.0106666 -0.167281
v -6.00293e-06 0.0106666 -0.167587
v -0.014326 0.0202126 -0.166464
v -0.009553 0.0202126 -0.166728
v -0.00478 0.0202126 -0.166937
v -6.00293e-06 0.0202126 -0.166973
v -0.023873 0.0212296 -0.164945
v -0.022457 0.0225996 -0.164945
v -0.021486 0.0234386 -0.164945
v -0.0191 0.0249866 -0.165001
v -0.019332 0.0249866 -0.164945
v -0.0191 0.0251326 -0.164945
v -0.028646 0.0202876 -0.162558
v -0.028646 0.0219586 -0.160172
v -0.028646 0.0223666 -0.157785
v -0.028646 0.0221646 -0.155398
v -0.026543 0.0225996 -0.162558
v -0.02626 0.0225996 -0.162829
v -0.023873 0.0225996 -0.164402
v -0.02626 0.0228866 -0.162558
v -0.02408 0.0249866 -0.162558
v -0.023873 0.0249866 -0.16275
v -0.028035 0.0225996 -0.160172
v -0.02626 0.0243826 -0.160172
v -0.025634 0.0249866 -0.160172
v -0.021486 0.0249866 -0.164231
v -0.023873 0.0251676 -0.162558
v -0.023873 0.0265296 -0.160172
v -0.021486 0.0269626 -0.162558
v -0.020852 0.0273736 -0.162558
v -0.0191 0.0273736 -0.163645
v -0.0191 0.0284676 -0.162558
v -0.021486 0.0273736 -0.162008
v -0.022696 0.0273736 -0.160172
v -0.021486 0.0281496 -0.160172
v -0.0191 0.0296146 -0.160172
v -0.028401 0.0225996 -0.157785
v -0.02626 0.0246596 -0.157785
v -0.025916 0.0249866 -0.157785
v -0.028149 0.0225996 -0.155398
v -0.02626 0.0242796 -0.155398
v -0.025436 0.0249866 -0.155398
v -0.023873 0.0267176 -0.157785
v -0.023873 0.0261816 -0.155398
v -0.022884 0.0273736 -0.157785
v -0.021486 0.0281956 -0.157785
v -0.0191 0.0296166 -0.157785
v -0.021911 0.0273736 -0.155398
v -0.021486 0.0276006 -0.155398
v -0.0191 0.0289736 -0.155398
v -0.014326 0.0249866 -0.165767
v -0.009553 0.0249866 -0.166146
v -0.016713 0.0264896 -0.164945
v -0.015004 0.0273736 -0.164945
v -0.014326 0.0276966 -0.164945
v -0.01194 0.0287616 -0.164945
v -0.009714 0.0297596 -0.164945
v -0.009553 0.0297596 -0.164972
v -0.00478 0.0249866 -0.166402
v -6.00293e-06 0.0249866 -0.166487
v -0.00478 0.0297596 -0.165574
v -6.00293e-06 0.0297596 -0.165897
v -0.009553 0.0298366 -0.164945
v -0.007166 0.0308636 -0.164945
v -0.00478 0.0319076 -0.164945
v -6.00293e-06 0.0330706 -0.164945
v -0.016713 0.0273736 -0.164537
v -0.016928 0.0297596 -0.162558
v -0.016713 0.0297596 -0.162702
v -0.014326 0.0297596 -0.163842
v -0.018866 0.0297596 -0.160172
v -0.01194 0.0297596 -0.164514
v -0.018875 0.0297596 -0.157785
v -0.017871 0.0297596 -0.155398
v -0.016713 0.0298846 -0.162558
v -0.014326 0.0311866 -0.162558
v -0.016713 0.0311176 -0.160172
v -0.014326 0.0321465 -0.161103
v -0.01496 0.0321465 -0.160172
v -0.014326 0.0325095 -0.160172
v -0.012437 0.0321465 -0.162558
v -0.01194 0.0321465 -0.162816
v -0.009553 0.0321465 -0.163764
v -0.01194 0.0323986 -0.162558
v -0.009553 0.0335896 -0.162558
v -0.01194 0.0339055 -0.160172
v -0.010802 0.0345336 -0.160172
v -0.009553 0.0345336 -0.16138
v -0.009553 0.0351726 -0.160172
v -0.016713 0.0311986 -0.157785
v -0.015242 0.0321465 -0.157785
v -0.014326 0.0327336 -0.157785
v -0.016713 0.0305586 -0.155398
v -0.014405 0.0321465 -0.155398
v -0.014326 0.0321995 -0.155398
v -0.01194 0.0343066 -0.157785
v -0.011584 0.0345336 -0.157785
v -0.01194 0.0339296 -0.155398
v -0.011119 0.0345336 -0.155398
v -0.009553 0.0357656 -0.157785
v -0.009553 0.0356506 -0.155398
v -0.007166 0.0321465 -0.164401
v -0.00478 0.0321465 -0.164853
v -0.007523 0.0345336 -0.162558
v -0.007166 0.0345336 -0.162718
v -0.00478 0.0345336 -0.163512
v -0.002393 0.0345336 -0.163986
v -6.00293e-06 0.0345336 -0.164248
v -0.007166 0.0346876 -0.162558
v -0.00478 0.0356086 -0.162558
v -0.007166 0.0362876 -0.160172
v -0.005671 0.0369196 -0.160172
v -0.00478 0.0369196 -0.16081
v -0.00478 0.0372616 -0.160172
v -0.002393 0.0362956 -0.162558
v -6.00293e-06 0.0366906 -0.162558
v -0.002393 0.0369196 -0.16185
v -6.00293e-06 0.0369196 -0.162316
v -0.002393 0.0379916 -0.160172
v -6.00293e-06 0.0383786 -0.160172
v -0.007166 0.0369196 -0.158229
v -0.007336 0.0369196 -0.157785
v -0.007166 0.0370015 -0.157785
v -0.00478 0.0380715 -0.157785
v -0.007469 0.0369196 -0.155398
v -0.007166 0.0370795 -0.155398
v -0.00478 0.0382045 -0.155398
v -0.002393 0.0388385 -0.157785
v -6.00293e-06 0.0392286 -0.157785
v -0.002393 0.0390066 -0.155398
v -0.00106 0.0393066 -0.155398
v -6.00293e-06 0.0393066 -0.157397
v -6.00293e-06 0.0394576 -0.155398
v -0.039237 0.00350655 -0.153012
v -0.039064 0.00589255 -0.153012
v -0.039178 0.00350655 -0.150625
v -0.038948 0.00589255 -0.150625
v -0.03852 0.00827955 -0.153012
v -0.038193 0.00928655 -0.153012
v -0.03838 0.00827955 -0.150625
v -0.038193 0.00885255 -0.150625
v -0.039126 0.00350655 -0.148238
v -0.038853 0.00589255 -0.148238
v -0.039109 0.00350655 -0.145852
v -0.038787 0.00589255 -0.145852
v -0.038232 0.00827955 -0.148238
v -0.038193 0.00839555 -0.148238
v -0.038193 0.00827955 -0.147115
v -0.038193 0.00819255 -0.145852
v -0.039162 0.00350655 -0.143465
v -0.038781 0.00589255 -0.143465
v -0.039318 0.00350655 -0.141078
v -0.038933 0.00589255 -0.141078
v -0.038193 0.00827955 -0.143907
v -0.038218 0.00827955 -0.143465
v -0.038193 0.00837055 -0.143465
v -0.038374 0.00827955 -0.141078
v -0.038193 0.00896755 -0.141078
v -0.039504 0.00350655 -0.138692
v -0.039159 0.00589255 -0.138692
v -0.039658 0.00350655 -0.136305
v -0.039366 0.00589255 -0.136305
v -0.038568 0.00827955 -0.138692
v -0.038193 0.00962955 -0.138692
v -0.038794 0.00827955 -0.136305
v -0.038193 0.0103386 -0.136305
v -0.039742 0.00350655 -0.133918
v -0.039488 0.00589255 -0.133918
v -0.039708 0.00350655 -0.131531
v -0.03945 0.00589255 -0.131531
v -0.038971 0.00827955 -0.133918
v -0.038193 0.0106666 -0.134832
v -0.038236 0.0106666 -0.133918
v -0.038976 0.00827955 -0.131531
v -0.03823 0.0106666 -0.131531
v -0.039618 0.00350655 -0.129145
v -0.039329 0.00589255 -0.129145
v -0.039547 0.00350655 -0.126758
v -0.039203 0.00589255 -0.126758
v -0.038865 0.00827955 -0.129145
v -0.038193 0.0106666 -0.130636
v -0.038193 0.0104786 -0.129145
v -0.038725 0.00827955 -0.126758
v -0.038193 0.0101346 -0.126758
v -0.038193 0.0107866 -0.133918
v -0.038193 0.0107666 -0.131531
v -0.039476 0.00350655 -0.124371
v -0.039045 0.00589255 -0.124371
v -0.039377 0.00350655 -0.121985
v -0.038904 0.00589255 -0.121985
v -0.038533 0.00827955 -0.124371
v -0.038193 0.00951155 -0.124371
v -0.038373 0.00827955 -0.121985
v -0.038193 0.00892655 -0.121985
v -0.039358 0.00350655 -0.119598
v -0.038906 0.00589255 -0.119598
v -0.039504 0.00350655 -0.117211
v -0.039058 0.00589255 -0.117211
v -0.038358 0.00827955 -0.119598
v -0.038193 0.00883155 -0.119598
v -0.03846 0.00827955 -0.117211
v -0.038193 0.00907455 -0.117211
v -0.037648 0.0106666 -0.153012
v -0.037461 0.0106666 -0.150625
v -0.037266 0.0106666 -0.148238
v -0.038166 0.00827955 -0.145852
v -0.037217 0.0106666 -0.145852
v -0.036268 0.0130526 -0.153012
v -0.035807 0.0137206 -0.153012
v -0.034504 0.0154396 -0.153012
v -0.036072 0.0130526 -0.150625
v -0.035807 0.0134356 -0.150625
v -0.034213 0.0154396 -0.150625
v -0.03342 0.0167496 -0.153012
v -0.03342 0.0163676 -0.150625
v -0.032472 0.0178266 -0.153012
v -0.031033 0.0193906 -0.153012
v -0.030232 0.0202126 -0.153012
v -0.032121 0.0178266 -0.150625
v -0.031033 0.0189676 -0.150625
v -0.029721 0.0202126 -0.150625
v -0.035903 0.0130526 -0.148238
v -0.035807 0.0131976 -0.148238
v -0.034084 0.0154396 -0.148238
v -0.035883 0.0130526 -0.145852
v -0.035807 0.0131726 -0.145852
v -0.034145 0.0154396 -0.145852
v -0.03342 0.0162386 -0.148238
v -0.03342 0.0163156 -0.145852
v -0.032011 0.0178266 -0.148238
v -0.031033 0.0188066 -0.148238
v -0.029431 0.0202126 -0.148238
v -0.032024 0.0178266 -0.145852
v -0.031033 0.0187976 -0.145852
v -0.029481 0.0202126 -0.145852
v -0.037372 0.0106666 -0.143465
v -0.037624 0.0106666 -0.141078
v -0.037864 0.0106666 -0.138692
v -0.038087 0.0106666 -0.136305
v -0.036047 0.0130526 -0.143465
v -0.035807 0.0134276 -0.143465
v -0.034342 0.0154396 -0.143465
v -0.036367 0.0130526 -0.141078
v -0.035807 0.0139106 -0.141078
v -0.034656 0.0154396 -0.141078
v -0.03342 0.0165146 -0.143465
v -0.03342 0.0168136 -0.141078
v -0.032133 0.0178266 -0.143465
v -0.031033 0.0189026 -0.143465
v -0.029699 0.0202126 -0.143465
v -0.032387 0.0178266 -0.141078
v -0.031033 0.0191366 -0.141078
v -0.029935 0.0202126 -0.141078
v -0.036739 0.0130526 -0.138692
v -0.035807 0.0144456 -0.138692
v -0.035008 0.0154396 -0.138692
v -0.037011 0.0130526 -0.136305
v -0.035807 0.0148256 -0.136305
v -0.035305 0.0154396 -0.136305
v -0.03342 0.0171286 -0.138692
v -0.03342 0.0174246 -0.136305
v -0.032701 0.0178266 -0.138692
v -0.031033 0.0194196 -0.138692
v -0.030195 0.0202126 -0.138692
v -0.033003 0.0178266 -0.136305
v -0.031033 0.0196906 -0.136305
v -0.030475 0.0202126 -0.136305
v -0.028646 0.0216666 -0.153012
v -0.028646 0.0211256 -0.150625
v -0.028646 0.0208516 -0.148238
v -0.028646 0.0209506 -0.145852
v -0.027536 0.0225996 -0.153012
v -0.02626 0.0236536 -0.153012
v -0.024504 0.0249866 -0.153012
v -0.02685 0.0225996 -0.150625
v -0.02626 0.0230866 -0.150625
v -0.023873 0.0249866 -0.151301
v -0.023873 0.0248696 -0.150625
v -0.02369 0.0249866 -0.150625
v -0.023873 0.0254086 -0.153012
v -0.021486 0.0268466 -0.153012
v -0.021486 0.0273736 -0.154684
v -0.020552 0.0273736 -0.153012
v -0.0191 0.0282206 -0.153012
v -0.021486 0.0263346 -0.150625
v -0.019769 0.0273736 -0.150625
v -0.0191 0.0277866 -0.150625
v -0.02656 0.0225996 -0.148238
v -0.02626 0.0228566 -0.148238
v -0.023873 0.0246916 -0.148238
v -0.026765 0.0225996 -0.145852
v -0.02626 0.0230196 -0.145852
v -0.023873 0.0247676 -0.145852
v -0.023425 0.0249866 -0.148238
v -0.023538 0.0249866 -0.145852
v -0.021486 0.0262276 -0.148238
v -0.019691 0.0273736 -0.148238
v -0.0191 0.0277516 -0.148238
v -0.021486 0.0263316 -0.145852
v -0.019902 0.0273736 -0.145852
v -0.0191 0.0279006 -0.145852
v -0.028646 0.0212186 -0.143465
v -0.028646 0.0214186 -0.141078
v -0.028646 0.0216216 -0.138692
v -0.028646 0.0218856 -0.136305
v -0.027088 0.0225996 -0.143465
v -0.02626 0.0232646 -0.143465
v -0.023873 0.0249356 -0.143465
v -0.027268 0.0225996 -0.141078
v -0.02626 0.0234096 -0.141078
v -0.023873 0.0249866 -0.142797
v -0.024092 0.0249866 -0.141078
v -0.023793 0.0249866 -0.143465
v -0.023873 0.0251306 -0.141078
v -0.021486 0.0264726 -0.143465
v -0.020127 0.0273736 -0.143465
v -0.0191 0.0280696 -0.143465
v -0.021486 0.0266986 -0.141078
v -0.020482 0.0273736 -0.141078
v -0.0191 0.0283456 -0.141078
v -0.027501 0.0225996 -0.138692
v -0.02626 0.0236196 -0.138692
v -0.024491 0.0249866 -0.138692
v -0.027825 0.0225996 -0.136305
v -0.02626 0.0239056 -0.136305
v -0.024896 0.0249866 -0.136305
v -0.023873 0.0254326 -0.138692
v -0.023873 0.0257746 -0.136305
v -0.021486 0.0271006 -0.138692
v -0.021089 0.0273736 -0.138692
v -0.0191 0.0288036 -0.138692
v -0.021486 0.0273736 -0.137314
v -0.021746 0.0273736 -0.136305
v -0.021486 0.0275636 -0.136305
v -0.0191 0.0293066 -0.136305
v -0.01677 0.0297596 -0.153012
v -0.016713 0.0293796 -0.150625
v -0.016713 0.0297596 -0.152859
v -0.016181 0.0297596 -0.150625
v -0.016713 0.0293566 -0.148238
v -0.016135 0.0297596 -0.148238
v -0.016713 0.0295076 -0.145852
v -0.016336 0.0297596 -0.145852
v -0.016713 0.0297996 -0.153012
v -0.014326 0.0315126 -0.153012
v -0.014326 0.0321465 -0.155234
v -0.014326 0.0311436 -0.150625
v -0.013451 0.0321465 -0.153012
v -0.01194 0.0333046 -0.153012
v -0.010395 0.0345336 -0.153012
v -0.012998 0.0321465 -0.150625
v -0.01194 0.0329766 -0.150625
v -0.009977 0.0345336 -0.150625
v -0.009553 0.0351816 -0.153012
v -0.009553 0.0348526 -0.150625
v -0.014326 0.0310676 -0.148238
v -0.014326 0.0311416 -0.145852
v -0.012884 0.0321465 -0.148238
v -0.01194 0.0328986 -0.148238
v -0.009898 0.0345336 -0.148238
v -0.01293 0.0321465 -0.145852
v -0.01194 0.0329295 -0.145852
v -0.009957 0.0345336 -0.145852
v -0.009553 0.0347866 -0.148238
v -0.009553 0.0348226 -0.145852
v -0.007166 0.0369196 -0.153952
v -0.007166 0.0367646 -0.153012
v -0.00688 0.0369196 -0.153012
v -0.00478 0.0379105 -0.153012
v -0.007166 0.0364196 -0.150625
v -0.006186 0.0369196 -0.150625
v -0.00478 0.0375416 -0.150625
v -0.002393 0.0387556 -0.153012
v -6.00293e-06 0.0393066 -0.153098
v -6.00293e-06 0.0392966 -0.153012
v -0.002393 0.0383975 -0.150625
v -6.00293e-06 0.0390105 -0.150625
v -0.007166 0.0362516 -0.148238
v -0.005707 0.0369196 -0.148238
v -0.00478 0.0372916 -0.148238
v -0.007166 0.0362146 -0.145852
v -0.005517 0.0369196 -0.145852
v -0.00478 0.0371965 -0.145852
v -0.002393 0.0381216 -0.148238
v -6.00293e-06 0.0387596 -0.148238
v -0.002393 0.0380165 -0.145852
v -6.00293e-06 0.0386525 -0.145852
v -0.016713 0.0297146 -0.143465
v -0.016648 0.0297596 -0.143465
v -0.016713 0.0297596 -0.143092
v -0.017161 0.0297596 -0.141078
v -0.017805 0.0297596 -0.138692
v -0.018447 0.0297596 -0.136305
v -0.014326 0.0314185 -0.143465
v -0.016713 0.0300916 -0.141078
v -0.014326 0.0319166 -0.141078
v -0.013338 0.0321465 -0.143465
v -0.01194 0.0332346 -0.143465
v -0.010224 0.0345336 -0.143465
v -0.014025 0.0321465 -0.141078
v -0.01194 0.0337046 -0.141078
v -0.010725 0.0345336 -0.141078
v -0.009553 0.0349766 -0.143465
v -0.009553 0.0352476 -0.141078
v -0.016713 0.0305896 -0.138692
v -0.014326 0.0321465 -0.140028
v -0.014664 0.0321465 -0.138692
v -0.014326 0.0323916 -0.138692
v -0.016713 0.0310116 -0.136305
v -0.015161 0.0321465 -0.136305
v -0.014326 0.0327296 -0.136305
v -0.01194 0.0340306 -0.138692
v -0.011136 0.0345336 -0.138692
v -0.01194 0.0342525 -0.136305
v -0.011466 0.0345336 -0.136305
v -0.009553 0.0354786 -0.138692
v -0.009553 0.0356695 -0.136305
v -0.007166 0.0362866 -0.143465
v -0.005658 0.0369196 -0.143465
v -0.00478 0.0372495 -0.143465
v -0.007166 0.0364556 -0.141078
v -0.006017 0.0369196 -0.141078
v -0.00478 0.0373805 -0.141078
v -0.002393 0.0380976 -0.143465
v -6.00293e-06 0.0387296 -0.143465
v -0.002393 0.0382236 -0.141078
v -6.00293e-06 0.0388376 -0.141078
v -0.007166 0.0366426 -0.138692
v -0.006444 0.0369196 -0.138692
v -0.00478 0.0375056 -0.138692
v -0.007166 0.0368105 -0.136305
v -0.006872 0.0369196 -0.136305
v -0.00478 0.0376346 -0.136305
v -0.002393 0.0382665 -0.138692
v -6.00293e-06 0.0388155 -0.138692
v -0.002393 0.0383306 -0.136305
v -6.00293e-06 0.0387616 -0.136305
v -0.038126 0.0106666 -0.129145
v -0.038011 0.0106666 -0.126758
v -0.037122 0.0130526 -0.133918
v -0.035807 0.0150066 -0.133918
v -0.035464 0.0154396 -0.133918
v -0.037113 0.0130526 -0.131531
v -0.035807 0.0150246 -0.131531
v -0.035481 0.0154396 -0.131531
v -0.03342 0.0176006 -0.133918
v -0.03342 0.0176296 -0.131531
v -0.033183 0.0178266 -0.133918
v -0.031033 0.0198836 -0.133918
v -0.030695 0.0202126 -0.133918
v -0.033217 0.0178266 -0.131531
v -0.031033 0.0199946 -0.131531
v -0.030823 0.0202126 -0.131531
v -0.03703 0.0130526 -0.129145
v -0.035807 0.0149386 -0.129145
v -0.035424 0.0154396 -0.129145
v -0.036902 0.0130526 -0.126758
v -0.035807 0.0147766 -0.126758
v -0.035329 0.0154396 -0.126758
v -0.03342 0.0176736 -0.129145
v -0.03342 0.0177276 -0.126758
v -0.033272 0.0178266 -0.129145
v -0.031033 0.0201196 -0.129145
v -0.030944 0.0202126 -0.129145
v -0.03333 0.0178266 -0.126758
v -0.031033 0.0202126 -0.127658
v -0.03108 0.0202126 -0.126758
v -0.037798 0.0106666 -0.124371
v -0.037577 0.0106666 -0.121985
v -0.037504 0.0106666 -0.119598
v -0.037539 0.0106666 -0.117211
v -0.03666 0.0130526 -0.124371
v -0.035807 0.0144976 -0.124371
v -0.035181 0.0154396 -0.124371
v -0.036423 0.0130526 -0.121985
v -0.035807 0.0141606 -0.121985
v -0.034993 0.0154396 -0.121985
v -0.03342 0.0176726 -0.124371
v -0.03342 0.0174886 -0.121985
v -0.033286 0.0178266 -0.124371
v -0.031132 0.0202126 -0.124371
v -0.033134 0.0178266 -0.121985
v -0.031089 0.0202126 -0.121985
v -0.036282 0.0130526 -0.119598
v -0.035807 0.0138736 -0.119598
v -0.034804 0.0154396 -0.119598
v -0.036243 0.0130526 -0.117211
v -0.035807 0.0137836 -0.117211
v -0.034772 0.0154396 -0.117211
v -0.03342 0.0173356 -0.119598
v -0.03342 0.0174376 -0.117211
v -0.033032 0.0178266 -0.119598
v -0.031102 0.0202126 -0.119598
v -0.033138 0.0178266 -0.117211
v -0.031276 0.0202126 -0.117211
v -0.028646 0.0221426 -0.133918
v -0.028646 0.0223616 -0.131531
v -0.028646 0.0225626 -0.129145
v -0.031033 0.0202636 -0.126758
v -0.028802 0.0225996 -0.126758
v -0.028646 0.0225996 -0.128713
v -0.028646 0.0227576 -0.126758
v -0.028127 0.0225996 -0.133918
v -0.02626 0.0241776 -0.133918
v -0.025253 0.0249866 -0.133918
v -0.028385 0.0225996 -0.131531
v -0.02626 0.0244856 -0.131531
v -0.025673 0.0249866 -0.131531
v -0.023873 0.0260756 -0.133918
v -0.023873 0.0264596 -0.131531
v -0.022219 0.0273736 -0.133918
v -0.021486 0.0279466 -0.133918
v -0.0191 0.0297146 -0.133918
v -0.022694 0.0273736 -0.131531
v -0.021486 0.0283116 -0.131531
v -0.0191 0.0297596 -0.133618
v -0.019542 0.0297596 -0.131531
v -0.028608 0.0225996 -0.129145
v -0.02626 0.0248196 -0.129145
v -0.026078 0.0249866 -0.129145
v -0.02626 0.0249866 -0.12771
v -0.026346 0.0249866 -0.126758
v -0.023873 0.0268876 -0.129145
v -0.02626 0.0250686 -0.126758
v -0.023873 0.0271846 -0.126758
v -0.02324 0.0273736 -0.129145
v -0.021486 0.0286986 -0.129145
v -0.020041 0.0297596 -0.129145
v -0.023632 0.0273736 -0.126758
v -0.021486 0.0289856 -0.126758
v -0.02041 0.0297596 -0.126758
v -0.0191 0.0300626 -0.131531
v -0.0191 0.0304206 -0.129145
v -0.0191 0.0306916 -0.126758
v -0.031033 0.0203246 -0.124371
v -0.028957 0.0225996 -0.124371
v -0.028646 0.0229166 -0.124371
v -0.031033 0.0202816 -0.121985
v -0.029065 0.0225996 -0.121985
v -0.028646 0.0230396 -0.121985
v -0.031033 0.0203036 -0.119598
v -0.029181 0.0225996 -0.119598
v -0.028646 0.0231866 -0.119598
v -0.031033 0.0205296 -0.117211
v -0.029361 0.0225996 -0.117211
v -0.028646 0.0233846 -0.117211
v -0.026478 0.0249866 -0.124371
v -0.026589 0.0249866 -0.121985
v -0.02626 0.0251916 -0.124371
v -0.023873 0.0273386 -0.124371
v -0.02626 0.0252836 -0.121985
v -0.023873 0.0273646 -0.121985
v -0.023831 0.0273736 -0.124371
v -0.021486 0.0291556 -0.124371
v -0.020613 0.0297596 -0.124371
v -0.023863 0.0273736 -0.121985
v -0.021486 0.0291726 -0.121985
v -0.020642 0.0297596 -0.121985
v -0.02675 0.0249866 -0.119598
v -0.026929 0.0249866 -0.117211
v -0.02626 0.0254026 -0.119598
v -0.023873 0.0272926 -0.119598
v -0.02626 0.0255296 -0.117211
v -0.023873 0.0273056 -0.117211
v -0.023763 0.0273736 -0.119598
v -0.021486 0.0290416 -0.119598
v -0.020496 0.0297596 -0.119598
v -0.023776 0.0273736 -0.117211
v -0.021486 0.0290326 -0.117211
v -0.020489 0.0297596 -0.117211
v -0.0191 0.0308066 -0.124371
v -0.0191 0.0308256 -0.121985
v -0.0191 0.0307676 -0.119598
v -0.0191 0.0307526 -0.117211
v -0.019032 0.0297596 -0.133918
v -0.016713 0.0313656 -0.133918
v -0.015605 0.0321465 -0.133918
v -0.014326 0.0330355 -0.133918
v -0.016713 0.0316916 -0.131531
v -0.016041 0.0321465 -0.131531
v -0.014326 0.0332846 -0.131531
v -0.01194 0.0345075 -0.133918
v -0.011893 0.0345336 -0.133918
v -0.01194 0.0345336 -0.133672
v -0.012184 0.0345336 -0.131531
v -0.009553 0.0358446 -0.133918
v -0.01194 0.0346596 -0.131531
v -0.009553 0.0358965 -0.131531
v -0.016713 0.0320266 -0.129145
v -0.016522 0.0321465 -0.129145
v -0.014326 0.0334276 -0.129145
v -0.016713 0.0321465 -0.128237
v -0.016953 0.0321465 -0.126758
v -0.016713 0.0322946 -0.126758
v -0.014326 0.0335766 -0.126758
v -0.012141 0.0345336 -0.129145
v -0.012202 0.0345336 -0.126758
v -0.01194 0.0346306 -0.129145
v -0.009553 0.0358316 -0.129145
v -0.01194 0.0346526 -0.126758
v -0.009553 0.0357906 -0.126758
v -0.007166 0.0369196 -0.134009
v -0.007173 0.0369196 -0.133918
v -0.007166 0.0369226 -0.133918
v -0.00478 0.0377506 -0.133918
v -0.007278 0.0369196 -0.131531
v -0.007166 0.0369636 -0.131531
v -0.00478 0.0378066 -0.131531
v -0.002393 0.0384466 -0.133918
v -6.00293e-06 0.0388116 -0.133918
v -0.002393 0.0384626 -0.131531
v -6.00293e-06 0.0388416 -0.131531
v -0.007189 0.0369196 -0.129145
v -0.007166 0.0369296 -0.129145
v -0.00478 0.0377886 -0.129145
v -0.007166 0.0369196 -0.128879
v -0.007166 0.0368586 -0.126758
v -0.007016 0.0369196 -0.126758
v -0.00478 0.0377426 -0.126758
v -0.002393 0.0383745 -0.129145
v -6.00293e-06 0.0387436 -0.129145
v -0.002393 0.0383495 -0.126758
v -6.00293e-06 0.0387176 -0.126758
v -0.017134 0.0321465 -0.124371
v -0.016713 0.0324166 -0.124371
v -0.014326 0.0337705 -0.124371
v -0.017168 0.0321465 -0.121985
v -0.016713 0.0324496 -0.121985
v -0.014326 0.0339276 -0.121985
v -0.012669 0.0345336 -0.124371
v -0.01311 0.0345336 -0.121985
v -0.01194 0.0348466 -0.124371
v -0.009553 0.0358596 -0.124371
v -0.01194 0.0350226 -0.121985
v -0.009553 0.0359346 -0.121985
v -0.017144 0.0321465 -0.119598
v -0.016713 0.0324416 -0.119598
v -0.014326 0.0339546 -0.119598
v -0.017091 0.0321465 -0.117211
v -0.016713 0.0324006 -0.117211
v -0.014326 0.0338805 -0.117211
v -0.013171 0.0345336 -0.119598
v -0.013013 0.0345336 -0.117211
v -0.01194 0.0350466 -0.119598
v -0.009553 0.0359696 -0.119598
v -0.01194 0.0349996 -0.117211
v -0.009553 0.0359906 -0.117211
v -0.007166 0.0368396 -0.124371
v -0.006966 0.0369196 -0.124371
v -0.00478 0.0377656 -0.124371
v -0.007166 0.0368746 -0.121985
v -0.007054 0.0369196 -0.121985
v -0.00478 0.0378266 -0.121985
v -0.002393 0.0385006 -0.124371
v -6.00293e-06 0.0389325 -0.124371
v -0.002393 0.0386385 -0.121985
v -6.00293e-06 0.0391025 -0.121985
v -0.007166 0.0369196 -0.119923
v -0.007182 0.0369196 -0.119598
v -0.007166 0.0369266 -0.119598
v -0.00478 0.0378406 -0.119598
v -0.007177 0.0369196 -0.117211
v -0.007166 0.0369246 -0.117211
v -0.00478 0.0377696 -0.117211
v -0.002393 0.0385736 -0.119598
v -6.00293e-06 0.0389906 -0.119598
v -0.002393 0.0384096 -0.117211
v -6.00293e-06 0.0387835 -0.117211
v -0.039736 0.00350655 -0.114824
v -0.039284 0.00589255 -0.114824
v -0.039931 0.00350655 -0.112438
v -0.039506 0.00589255 -0.112438
v -0.038627 0.00827955 -0.114824
v -0.038193 0.00947355 -0.114824
v -0.038803 0.00827955 -0.112438
v -0.038193 0.00987755 -0.112438
v -0.03993 0.00350655 -0.110051
v -0.03956 0.00589255 -0.110051
v -0.039759 0.00350655 -0.107664
v -0.039433 0.00589255 -0.107664
v -0.038876 0.00827955 -0.110051
v -0.038193 0.0100396 -0.110051
v -0.03881 0.00827955 -0.107664
v -0.038193 0.00989755 -0.107664
v -0.039554 0.00350655 -0.105278
v -0.039225 0.00589255 -0.105278
v -0.039356 0.00350655 -0.102891
v -0.038989 0.00589255 -0.102891
v -0.038628 0.00827955 -0.105278
v -0.038193 0.00947855 -0.105278
v -0.038404 0.00827955 -0.102891
v -0.038193 0.00892755 -0.102891
v -0.039228 0.00350655 -0.100504
v -0.038838 0.00589255 -0.100504
v -0.039249 0.00350655 -0.0981175
v -0.038838 0.00589255 -0.0981175
v -0.038294 0.00827955 -0.100504
v -0.038193 0.00862955 -0.100504
v -0.038311 0.00827955 -0.0981175
v -0.038193 0.00870455 -0.0981175
v -0.039405 0.00350655 -0.0957315
v -0.038959 0.00589255 -0.0957315
v -0.039596 0.00350655 -0.0933445
v -0.039128 0.00589255 -0.0933445
v -0.038367 0.00827955 -0.0957315
v -0.038193 0.00883955 -0.0957315
v -0.038433 0.00827955 -0.0933445
v -0.038193 0.00895255 -0.0933445
v -0.039784 0.00350655 -0.0909575
v -0.039274 0.00589255 -0.0909575
v -0.039992 0.00350655 -0.0885715
v -0.039388 0.00589255 -0.0885715
v -0.038475 0.00827955 -0.0909575
v -0.038193 0.00901955 -0.0909575
v -0.038497 0.00827955 -0.0885715
v -0.038193 0.00904955 -0.0885715
v -0.040127 0.00350655 -0.0861845
v -0.03945 0.00589255 -0.0861845
v -0.040048 0.00350655 -0.0837975
v -0.03935 0.00589255 -0.0837975
v -0.038527 0.00827955 -0.0861845
v -0.038193 0.00911455 -0.0861845
v -0.038489 0.00827955 -0.0837975
v -0.038193 0.00907055 -0.0837975
v -0.039762 0.00350655 -0.0814115
v -0.039096 0.00589255 -0.0814115
v -0.039458 0.00350655 -0.0790245
v -0.03887 0.00589255 -0.0790245
v -0.038354 0.00827955 -0.0814115
v -0.038193 0.00877055 -0.0814115
v -0.038241 0.00827955 -0.0790245
v -0.038193 0.00844355 -0.0790245
v -0.037691 0.0106666 -0.114824
v -0.037866 0.0106666 -0.112438
v -0.037926 0.0106666 -0.110051
v -0.037854 0.0106666 -0.107664
v -0.036414 0.0130526 -0.114824
v -0.035807 0.0140696 -0.114824
v -0.034956 0.0154396 -0.114824
v -0.036632 0.0130526 -0.112438
v -0.035807 0.0144286 -0.112438
v -0.035171 0.0154396 -0.112438
v -0.03342 0.0177286 -0.114824
v -0.03342 0.0178266 -0.114025
v -0.03354 0.0178266 -0.112438
v -0.03342 0.0179936 -0.112438
v -0.033351 0.0178266 -0.114824
v -0.03151 0.0202126 -0.114824
v -0.031683 0.0202126 -0.112438
v -0.036684 0.0130526 -0.110051
v -0.035807 0.0145536 -0.110051
v -0.035272 0.0154396 -0.110051
v -0.036584 0.0130526 -0.107664
v -0.035807 0.0144236 -0.107664
v -0.035218 0.0154396 -0.107664
v -0.033656 0.0178266 -0.110051
v -0.03342 0.0181506 -0.110051
v -0.033652 0.0178266 -0.107664
v -0.03342 0.0181536 -0.107664
v -0.031774 0.0202126 -0.110051
v -0.031792 0.0202126 -0.107664
v -0.03768 0.0106666 -0.105278
v -0.037514 0.0106666 -0.102891
v -0.037486 0.0106666 -0.100504
v -0.037527 0.0106666 -0.0981175
v -0.036427 0.0130526 -0.105278
v -0.035807 0.0141856 -0.105278
v -0.035093 0.0154396 -0.105278
v -0.036334 0.0130526 -0.102891
v -0.035807 0.0140456 -0.102891
v -0.035014 0.0154396 -0.102891
v -0.033565 0.0178266 -0.105278
v -0.03342 0.0180396 -0.105278
v -0.033473 0.0178266 -0.102891
v -0.03342 0.0179046 -0.102891
v -0.031761 0.0202126 -0.105278
v -0.031681 0.0202126 -0.102891
v -0.036349 0.0130526 -0.100504
v -0.035807 0.0140486 -0.100504
v -0.034982 0.0154396 -0.100504
v -0.036378 0.0130526 -0.0981175
v -0.035807 0.0140706 -0.0981175
v -0.03497 0.0154396 -0.0981175
v -0.03342 0.0178266 -0.101402
v -0.03342 0.0177796 -0.100504
v -0.03342 0.0176756 -0.0981175
v -0.033387 0.0178266 -0.100504
v -0.031539 0.0202126 -0.100504
v -0.033309 0.0178266 -0.0981175
v -0.03138 0.0202126 -0.0981175
v -0.031033 0.0208156 -0.114824
v -0.029521 0.0225996 -0.114824
v -0.028646 0.0235126 -0.114824
v -0.031033 0.0210056 -0.112438
v -0.029606 0.0225996 -0.112438
v -0.028646 0.0235536 -0.112438
v -0.031033 0.0210946 -0.110051
v -0.029658 0.0225996 -0.110051
v -0.028646 0.0235946 -0.110051
v -0.031033 0.0211096 -0.107664
v -0.02968 0.0225996 -0.107664
v -0.028646 0.0236316 -0.107664
v -0.027037 0.0249866 -0.114824
v -0.027062 0.0249866 -0.112438
v -0.02626 0.0256246 -0.114824
v -0.023873 0.0273736 -0.11589
v -0.023966 0.0273736 -0.114824
v -0.023873 0.0274406 -0.114824
v -0.02626 0.0256586 -0.112438
v -0.024101 0.0273736 -0.112438
v -0.023873 0.0275496 -0.112438
v -0.021486 0.0292216 -0.114824
v -0.020741 0.0297596 -0.114824
v -0.021486 0.0294116 -0.112438
v -0.021018 0.0297596 -0.112438
v -0.027084 0.0249866 -0.110051
v -0.027124 0.0249866 -0.107664
v -0.02626 0.0256716 -0.110051
v -0.024146 0.0273736 -0.110051
v -0.023873 0.0275916 -0.110051
v -0.02626 0.0257006 -0.107664
v -0.024192 0.0273736 -0.107664
v -0.023873 0.0276316 -0.107664
v -0.021486 0.0295436 -0.110051
v -0.021205 0.0297596 -0.110051
v -0.021486 0.0296116 -0.107664
v -0.021294 0.0297596 -0.107664
v -0.0191 0.0308906 -0.114824
v -0.0191 0.0310976 -0.112438
v -0.0191 0.0312306 -0.110051
v -0.0191 0.0312806 -0.107664
v -0.031033 0.0210966 -0.105278
v -0.029702 0.0225996 -0.105278
v -0.028646 0.0236796 -0.105278
v -0.031033 0.0210166 -0.102891
v -0.029658 0.0225996 -0.102891
v -0.028646 0.0236576 -0.102891
v -0.031033 0.0208206 -0.100504
v -0.029447 0.0225996 -0.100504
v -0.028646 0.0234416 -0.100504
v -0.031033 0.0206226 -0.0981175
v -0.029257 0.0225996 -0.0981175
v -0.028646 0.0232466 -0.0981175
v -0.0272 0.0249866 -0.105278
v -0.027223 0.0249866 -0.102891
v -0.02626 0.0257666 -0.105278
v -0.024254 0.0273736 -0.105278
v -0.023873 0.0276736 -0.105278
v -0.02626 0.0258056 -0.102891
v -0.024294 0.0273736 -0.102891
v -0.023873 0.0276946 -0.102891
v -0.021486 0.0295916 -0.105278
v -0.021266 0.0297596 -0.105278
v -0.021486 0.0295286 -0.102891
v -0.021171 0.0297596 -0.102891
v -0.027068 0.0249866 -0.100504
v -0.026926 0.0249866 -0.0981175
v -0.02626 0.0257186 -0.100504
v -0.024273 0.0273736 -0.100504
v -0.023873 0.0276846 -0.100504
v -0.02626 0.0256226 -0.0981175
v -0.024251 0.0273736 -0.0981175
v -0.023873 0.0276756 -0.0981175
v -0.021486 0.0295126 -0.100504
v -0.021145 0.0297596 -0.100504
v -0.021486 0.0295486 -0.0981175
v -0.021203 0.0297596 -0.0981175
v -0.0191 0.0312906 -0.105278
v -0.0191 0.0312286 -0.102891
v -0.0191 0.0311996 -0.100504
v -0.0191 0.0312676 -0.0981175
v -0.01718 0.0321465 -0.114824
v -0.016713 0.0324455 -0.114824
v -0.014326 0.0338796 -0.114824
v -0.017448 0.0321465 -0.112438
v -0.016713 0.0326046 -0.112438
v -0.014326 0.0339896 -0.112438
v -0.012974 0.0345336 -0.114824
v -0.013139 0.0345336 -0.112438
v -0.01194 0.0349766 -0.114824
v -0.009553 0.0359495 -0.114824
v -0.01194 0.0350105 -0.112438
v -0.009553 0.0359146 -0.112438
v -0.017629 0.0321465 -0.110051
v -0.016713 0.0327246 -0.110051
v -0.014326 0.0341346 -0.110051
v -0.017681 0.0321465 -0.107664
v -0.016713 0.0327575 -0.107664
v -0.014326 0.0342446 -0.107664
v -0.013483 0.0345336 -0.110051
v -0.013793 0.0345336 -0.107664
v -0.01194 0.0351735 -0.110051
v -0.009553 0.0360645 -0.110051
v -0.01194 0.0354246 -0.107664
v -0.009553 0.0363445 -0.107664
v -0.007166 0.0369196 -0.117038
v -0.007166 0.0368306 -0.114824
v -0.006907 0.0369196 -0.114824
v -0.00478 0.0376395 -0.114824
v -0.007166 0.0367876 -0.112438
v -0.006793 0.0369196 -0.112438
v -0.00478 0.0376136 -0.112438
v -0.002393 0.0382986 -0.114824
v -6.00293e-06 0.0387215 -0.114824
v -0.002393 0.0382886 -0.112438
v -6.00293e-06 0.0387616 -0.112438
v -0.007166 0.0369116 -0.110051
v -0.007142 0.0369196 -0.110051
v -0.00478 0.0377026 -0.110051
v -0.007732 0.0369196 -0.107664
v -0.007166 0.0369196 -0.109944
v -0.007166 0.0370916 -0.107664
v -0.00478 0.0377466 -0.107664
v -0.002393 0.0382776 -0.110051
v -6.00293e-06 0.0386816 -0.110051
v -0.002393 0.0381876 -0.107664
v -6.00293e-06 0.0384976 -0.107664
v -0.017706 0.0321465 -0.105278
v -0.016713 0.0327526 -0.105278
v -0.014326 0.0342236 -0.105278
v -0.017645 0.0321465 -0.102891
v -0.016713 0.0327056 -0.102891
v -0.014326 0.0341006 -0.102891
v -0.013779 0.0345336 -0.105278
v -0.013515 0.0345336 -0.102891
v -0.01194 0.0354866 -0.105278
v -0.009553 0.0364665 -0.105278
v -0.01194 0.0353275 -0.102891
v -0.009553 0.0363745 -0.102891
v -0.017606 0.0321465 -0.100504
v -0.016713 0.0326725 -0.100504
v -0.014326 0.0340086 -0.100504
v -0.017707 0.0321465 -0.0981175
v -0.016713 0.0327206 -0.0981175
v -0.014326 0.0340086 -0.0981175
v -0.013287 0.0345336 -0.100504
v -0.013248 0.0345336 -0.0981175
v -0.01194 0.0351856 -0.100504
v -0.009553 0.0362595 -0.100504
v -0.01194 0.0351476 -0.0981175
v -0.009553 0.0362096 -0.0981175
v -0.008093 0.0369196 -0.105278
v -0.007166 0.0371756 -0.105278
v -0.00478 0.0377135 -0.105278
v -0.007917 0.0369196 -0.102891
v -0.007166 0.0371316 -0.102891
v -0.00478 0.0376496 -0.102891
v -0.002393 0.0380526 -0.105278
v -6.00293e-06 0.0383346 -0.105278
v -0.002393 0.0379526 -0.102891
v -6.00293e-06 0.0382415 -0.102891
v -0.007655 0.0369196 -0.100504
v -0.007166 0.0370585 -0.100504
v -0.00478 0.0375915 -0.100504
v -0.007476 0.0369196 -0.0981175
v -0.007166 0.0370056 -0.0981175
v -0.00478 0.0375416 -0.0981175
v -0.002393 0.0379286 -0.100504
v -6.00293e-06 0.0382306 -0.100504
v -0.002393 0.0379166 -0.0981175
v -6.00293e-06 0.0382296 -0.0981175
v -0.037507 0.0106666 -0.0957315
v -0.037484 0.0106666 -0.0933445
v -0.037503 0.0106666 -0.0909575
v -0.037516 0.0106666 -0.0885715
v -0.036313 0.0130526 -0.0957315
v -0.035807 0.0139726 -0.0957315
v -0.034936 0.0154396 -0.0957315
v -0.036245 0.0130526 -0.0933445
v -0.035807 0.0138506 -0.0933445
v -0.034876 0.0154396 -0.0933445
v -0.03342 0.0176356 -0.0957315
v -0.03342 0.0176266 -0.0933445
v -0.033278 0.0178266 -0.0957315
v -0.031371 0.0202126 -0.0957315
v -0.033278 0.0178266 -0.0933445
v -0.031449 0.0202126 -0.0933445
v -0.03626 0.0130526 -0.0909575
v -0.035807 0.0138556 -0.0909575
v -0.034857 0.0154396 -0.0909575
v -0.036297 0.0130526 -0.0885715
v -0.035807 0.0139266 -0.0885715
v -0.034902 0.0154396 -0.0885715
v -0.03342 0.0176246 -0.0909575
v -0.03342 0.0177196 -0.0885715
v -0.033281 0.0178266 -0.0909575
v -0.031489 0.0202126 -0.0909575
v -0.033348 0.0178266 -0.0885715
v -0.031578 0.0202126 -0.0885715
v -0.037537 0.0106666 -0.0861845
v -0.037544 0.0106666 -0.0837975
v -0.037474 0.0106666 -0.0814115
v -0.037382 0.0106666 -0.0790245
v -0.036331 0.0130526 -0.0861845
v -0.035807 0.0140256 -0.0861845
v -0.035003 0.0154396 -0.0861845
v -0.036372 0.0130526 -0.0837975
v -0.035807 0.0141566 -0.0837975
v -0.035126 0.0154396 -0.0837975
v -0.03342 0.0178266 -0.0872435
v -0.033486 0.0178266 -0.0861845
v -0.03342 0.0179256 -0.0861845
v -0.033633 0.0178266 -0.0837975
v -0.03342 0.0181356 -0.0837975
v -0.031723 0.0202126 -0.0861845
v -0.031859 0.0202126 -0.0837975
v -0.036344 0.0130526 -0.0814115
v -0.035807 0.0141556 -0.0814115
v -0.035159 0.0154396 -0.0814115
v -0.036271 0.0130526 -0.0790245
v -0.035807 0.0140376 -0.0790245
v -0.035117 0.0154396 -0.0790245
v -0.033715 0.0178266 -0.0814115
v -0.03342 0.0182646 -0.0814115
v -0.033724 0.0178266 -0.0790245
v -0.03342 0.0183016 -0.0790245
v -0.03198 0.0202126 -0.0814115
v -0.032047 0.0202126 -0.0790245
v -0.031033 0.0206266 -0.0957315
v -0.02934 0.0225996 -0.0957315
v -0.028646 0.0233626 -0.0957315
v -0.031033 0.0207466 -0.0933445
v -0.029529 0.0225996 -0.0933445
v -0.028646 0.0236186 -0.0933445
v -0.031033 0.0208046 -0.0909575
v -0.029599 0.0225996 -0.0909575
v -0.028646 0.0237206 -0.0909575
v -0.031033 0.0209226 -0.0885715
v -0.029686 0.0225996 -0.0885715
v -0.028646 0.0237816 -0.0885715
v -0.027068 0.0249866 -0.0957315
v -0.027343 0.0249866 -0.0933445
v -0.02626 0.0257546 -0.0957315
v -0.024363 0.0273736 -0.0957315
v -0.023873 0.0277576 -0.0957315
v -0.02626 0.0259816 -0.0933445
v -0.024525 0.0273736 -0.0933445
v -0.023873 0.0278596 -0.0933445
v -0.021486 0.0296036 -0.0957315
v -0.021277 0.0297596 -0.0957315
v -0.021486 0.0296516 -0.0933445
v -0.021338 0.0297596 -0.0933445
v -0.027434 0.0249866 -0.0909575
v -0.027418 0.0249866 -0.0885715
v -0.02626 0.0260296 -0.0909575
v -0.024536 0.0273736 -0.0909575
v -0.023873 0.0278606 -0.0909575
v -0.02626 0.0259686 -0.0885715
v -0.02448 0.0273736 -0.0885715
v -0.023873 0.0278436 -0.0885715
v -0.021486 0.0296506 -0.0909575
v -0.021339 0.0297596 -0.0909575
v -0.021486 0.0297046 -0.0885715
v -0.021412 0.0297596 -0.0885715
v -0.0191 0.0313446 -0.0957315
v -0.0191 0.0313865 -0.0933445
v -0.0191 0.0313736 -0.0909575
v -0.0191 0.0313705 -0.0885715
v -0.031033 0.0211116 -0.0861845
v -0.029826 0.0225996 -0.0861845
v -0.028646 0.0238886 -0.0861845
v -0.031033 0.0212726 -0.0837975
v -0.029924 0.0225996 -0.0837975
v -0.028646 0.0239666 -0.0837975
v -0.031033 0.0214056 -0.0814115
v -0.029995 0.0225996 -0.0814115
v -0.028646 0.0240166 -0.0814115
v -0.031033 0.0214796 -0.0790245
v -0.030048 0.0225996 -0.0790245
v -0.028646 0.0240646 -0.0790245
v -0.027468 0.0249866 -0.0861845
v -0.027569 0.0249866 -0.0837975
v -0.02626 0.0259866 -0.0861845
v -0.024548 0.0273736 -0.0861845
v -0.023873 0.0279326 -0.0861845
v -0.02626 0.0261136 -0.0837975
v -0.024734 0.0273736 -0.0837975
v -0.023873 0.0280876 -0.0837975
v -0.021486 0.0297596 -0.0876075
v -0.021612 0.0297596 -0.0861845
v -0.021789 0.0297596 -0.0837975
v -0.027646 0.0249866 -0.0814115
v -0.027695 0.0249866 -0.0790245
v -0.02626 0.0262356 -0.0814115
v -0.024917 0.0273736 -0.0814115
v -0.023873 0.0282346 -0.0814115
v -0.02626 0.0263046 -0.0790245
v -0.025036 0.0273736 -0.0790245
v -0.023873 0.0283456 -0.0790245
v -0.021948 0.0297596 -0.0814115
v -0.022037 0.0297596 -0.0790245
v -0.021486 0.0298526 -0.0861845
v -0.0191 0.0314165 -0.0861845
v -0.021486 0.0299776 -0.0837975
v -0.0191 0.0315015 -0.0837975
v -0.021486 0.0300916 -0.0814115
v -0.0191 0.0316136 -0.0814115
v -0.021486 0.0301376 -0.0790245
v -0.0191 0.0315986 -0.0790245
v -0.017852 0.0321465 -0.0957315
v -0.016713 0.0328125 -0.0957315
v -0.014326 0.0340996 -0.0957315
v -0.017909 0.0321465 -0.0933445
v -0.016713 0.0328346 -0.0933445
v -0.014326 0.0341326 -0.0933445
v -0.013422 0.0345336 -0.0957315
v -0.013529 0.0345336 -0.0933445
v -0.01194 0.0352035 -0.0957315
v -0.009553 0.0361766 -0.0957315
v -0.01194 0.0352655 -0.0933445
v -0.009553 0.0361526 -0.0933445
v -0.017822 0.0321465 -0.0909575
v -0.016713 0.0327376 -0.0909575
v -0.014326 0.0339966 -0.0909575
v -0.017701 0.0321465 -0.0885715
v -0.016713 0.0326265 -0.0885715
v -0.014326 0.0338006 -0.0885715
v -0.013304 0.0345336 -0.0909575
v -0.012901 0.0345336 -0.0885715
v -0.01194 0.0352046 -0.0909575
v -0.009553 0.0361076 -0.0909575
v -0.01194 0.0350096 -0.0885715
v -0.009553 0.0359756 -0.0885715
v -0.007166 0.0369196 -0.0958005
v -0.007166 0.0369165 -0.0957315
v -0.007153 0.0369196 -0.0957315
v -0.00478 0.0374675 -0.0957315
v -0.007166 0.0368066 -0.0933445
v -0.006687 0.0369196 -0.0933445
v -0.00478 0.0373466 -0.0933445
v -0.002393 0.0378855 -0.0957315
v -6.00293e-06 0.0382266 -0.0957315
v -0.002393 0.0378126 -0.0933445
v -6.00293e-06 0.0382216 -0.0933445
v -0.007166 0.0367206 -0.0909575
v -0.006265 0.0369196 -0.0909575
v -0.00478 0.0372326 -0.0909575
v -0.007166 0.0366525 -0.0885715
v -0.006033 0.0369196 -0.0885715
v -0.00478 0.0371996 -0.0885715
v -0.002393 0.0377126 -0.0909575
v -6.00293e-06 0.0381626 -0.0909575
v -0.002393 0.0377135 -0.0885715
v -6.00293e-06 0.0381506 -0.0885715
v -0.017695 0.0321465 -0.0861845
v -0.016713 0.0325945 -0.0861845
v -0.014326 0.0336855 -0.0861845
v -0.017859 0.0321465 -0.0837975
v -0.016713 0.0326716 -0.0837975
v -0.014326 0.0337026 -0.0837975
v -0.012528 0.0345336 -0.0861845
v -0.012331 0.0345336 -0.0837975
v -0.01194 0.0347996 -0.0861845
v -0.009553 0.0357635 -0.0861845
v -0.01194 0.0346886 -0.0837975
v -0.009553 0.0355976 -0.0837975
v -0.018108 0.0321465 -0.0814115
v -0.016713 0.0328166 -0.0814115
v -0.014326 0.0338126 -0.0814115
v -0.018071 0.0321465 -0.0790245
v -0.016713 0.0328226 -0.0790245
v -0.014326 0.0338676 -0.0790245
v -0.012376 0.0345336 -0.0814115
v -0.012559 0.0345336 -0.0790245
v -0.01194 0.0346886 -0.0814115
v -0.009553 0.0355436 -0.0814115
v -0.01194 0.0347586 -0.0790245
v -0.009553 0.0355996 -0.0790245
v -0.007166 0.0365695 -0.0861845
v -0.00597 0.0369196 -0.0861845
v -0.00478 0.0372416 -0.0861845
v -0.007166 0.0364755 -0.0837975
v -0.005816 0.0369196 -0.0837975
v -0.00478 0.0372265 -0.0837975
v -0.002393 0.0378136 -0.0861845
v -6.00293e-06 0.0382226 -0.0861845
v -0.002393 0.0378136 -0.0837975
v -6.00293e-06 0.0382006 -0.0837975
v -0.007166 0.0363975 -0.0814115
v -0.005538 0.0369196 -0.0814115
v -0.00478 0.0371386 -0.0814115
v -0.007166 0.0363856 -0.0790245
v -0.005436 0.0369196 -0.0790245
v -0.00478 0.0371115 -0.0790245
v -0.002393 0.0377065 -0.0814115
v -6.00293e-06 0.0380896 -0.0814115
v -0.002393 0.0376896 -0.0790245
v -6.00293e-06 0.0380666 -0.0790245
v -0.039308 0.00350655 -0.0766375
v -0.038777 0.00589255 -0.0766375
v -0.039285 0.00350655 -0.0742505
v -0.038796 0.00589255 -0.0742505
v -0.038193 0.00827955 -0.0766375
v -0.038193 0.00828055 -0.0766375
v -0.038199 0.00827955 -0.0742505
v -0.038193 0.00829955 -0.0742505
v -0.03939 0.00350655 -0.0718645
v -0.03895 0.00589255 -0.0718645
v -0.039622 0.00350655 -0.0694775
v -0.039203 0.00589255 -0.0694775
v -0.038338 0.00827955 -0.0718645
v -0.038193 0.00873855 -0.0718645
v -0.038593 0.00827955 -0.0694775
v -0.038193 0.00947155 -0.0694775
v -0.039814 0.00350655 -0.0670905
v -0.039369 0.00589255 -0.0670905
v -0.039796 0.00350655 -0.0647045
v -0.039312 0.00589255 -0.0647045
v -0.038759 0.00827955 -0.0670905
v -0.038193 0.0100056 -0.0670905
v -0.038709 0.00827955 -0.0647045
v -0.038193 0.00995555 -0.0647045
v -0.039633 0.00350655 -0.0623175
v -0.039159 0.00589255 -0.0623175
v -0.039539 0.00350655 -0.0599305
v -0.039102 0.00589255 -0.0599305
v -0.038561 0.00827955 -0.0623175
v -0.038193 0.00950755 -0.0623175
v -0.038469 0.00827955 -0.0599305
v -0.038193 0.00915555 -0.0599305
v -0.039474 0.00350655 -0.0575445
v -0.039069 0.00589255 -0.0575445
v -0.039338 0.00350655 -0.0551575
v -0.038975 0.00589255 -0.0551575
v -0.038437 0.00827955 -0.0575445
v -0.038193 0.00903255 -0.0575445
v -0.038404 0.00827955 -0.0551575
v -0.038193 0.00897055 -0.0551575
v -0.039268 0.00350655 -0.0527705
v -0.038932 0.00589255 -0.0527705
v -0.039346 0.00350655 -0.0503845
v -0.038998 0.00589255 -0.0503845
v -0.038405 0.00827955 -0.0527705
v -0.038193 0.00902955 -0.0527705
v -0.038504 0.00827955 -0.0503845
v -0.038193 0.00943955 -0.0503845
v -0.039518 0.00350655 -0.0479975
v -0.039133 0.00589255 -0.0479975
v -0.039698 0.00350655 -0.0456105
v -0.039275 0.00589255 -0.0456105
v -0.038649 0.00827955 -0.0479975
v -0.038193 0.0100176 -0.0479975
v -0.038728 0.00827955 -0.0456105
v -0.038193 0.0102606 -0.0456105
v -0.03973 0.00350655 -0.0432235
v -0.039292 0.00589255 -0.0432235
v -0.039559 0.00350655 -0.0408375
v -0.039124 0.00589255 -0.0408375
v -0.038674 0.00827955 -0.0432235
v -0.038193 0.0100146 -0.0432235
v -0.038513 0.00827955 -0.0408375
v -0.038193 0.00945255 -0.0408375
v -0.037344 0.0106666 -0.0766375
v -0.037355 0.0106666 -0.0742505
v -0.03747 0.0106666 -0.0718645
v -0.037727 0.0106666 -0.0694775
v -0.03626 0.0130526 -0.0766375
v -0.035807 0.0140516 -0.0766375
v -0.035136 0.0154396 -0.0766375
v -0.03632 0.0130526 -0.0742505
v -0.035807 0.0142156 -0.0742505
v -0.03521 0.0154396 -0.0742505
v -0.033751 0.0178266 -0.0766375
v -0.03342 0.0183466 -0.0766375
v -0.033794 0.0178266 -0.0742505
v -0.03342 0.0184076 -0.0742505
v -0.032081 0.0202126 -0.0766375
v -0.032121 0.0202126 -0.0742505
v -0.036421 0.0130526 -0.0718645
v -0.035807 0.0143666 -0.0718645
v -0.035239 0.0154396 -0.0718645
v -0.03659 0.0130526 -0.0694775
v -0.035807 0.0145126 -0.0694775
v -0.035264 0.0154396 -0.0694775
v -0.033741 0.0178266 -0.0718645
v -0.03342 0.0183166 -0.0718645
v -0.033696 0.0178266 -0.0694775
v -0.03342 0.0182376 -0.0694775
v -0.032066 0.0202126 -0.0718645
v -0.032005 0.0202126 -0.0694775
v -0.037945 0.0106666 -0.0670905
v -0.037944 0.0106666 -0.0647045
v -0.037794 0.0106666 -0.0623175
v -0.037655 0.0106666 -0.0599305
v -0.036794 0.0130526 -0.0670905
v -0.035807 0.0147686 -0.0670905
v -0.035401 0.0154396 -0.0670905
v -0.036878 0.0130526 -0.0647045
v -0.035807 0.0150216 -0.0647045
v -0.035564 0.0154396 -0.0647045
v -0.033828 0.0178266 -0.0670905
v -0.03342 0.0184246 -0.0670905
v -0.033994 0.0178266 -0.0647045
v -0.03342 0.0186426 -0.0647045
v -0.032117 0.0202126 -0.0670905
v -0.032253 0.0202126 -0.0647045
v -0.036767 0.0130526 -0.0623175
v -0.035807 0.0149706 -0.0623175
v -0.035554 0.0154396 -0.0623175
v -0.036618 0.0130526 -0.0599305
v -0.035807 0.0147456 -0.0599305
v -0.035453 0.0154396 -0.0599305
v -0.034035 0.0178266 -0.0623175
v -0.03342 0.0187016 -0.0623175
v -0.03403 0.0178266 -0.0599305
v -0.03342 0.0187436 -0.0599305
v -0.032285 0.0202126 -0.0623175
v -0.032325 0.0202126 -0.0599305
v -0.031033 0.0215136 -0.0766375
v -0.030078 0.0225996 -0.0766375
v -0.028646 0.0240926 -0.0766375
v -0.031033 0.0215536 -0.0742505
v -0.030098 0.0225996 -0.0742505
v -0.028646 0.0240866 -0.0742505
v -0.031033 0.0215166 -0.0718645
v -0.030082 0.0225996 -0.0718645
v -0.028646 0.0240856 -0.0718645
v -0.031033 0.0214736 -0.0694775
v -0.030071 0.0225996 -0.0694775
v -0.028646 0.0240916 -0.0694775
v -0.027719 0.0249866 -0.0766375
v -0.027697 0.0249866 -0.0742505
v -0.02626 0.0263286 -0.0766375
v -0.025058 0.0273736 -0.0766375
v -0.023873 0.0283256 -0.0766375
v -0.02626 0.0262756 -0.0742505
v -0.024941 0.0273736 -0.0742505
v -0.023873 0.0281776 -0.0742505
v -0.021875 0.0297596 -0.0766375
v -0.021523 0.0297596 -0.0742505
v -0.027691 0.0249866 -0.0718645
v -0.027692 0.0249866 -0.0694775
v -0.02626 0.0262196 -0.0718645
v -0.02479 0.0273736 -0.0718645
v -0.023873 0.0280366 -0.0718645
v -0.02626 0.0261976 -0.0694775
v -0.02473 0.0273736 -0.0694775
v -0.023873 0.0279966 -0.0694775
v -0.021486 0.0297596 -0.0740155
v -0.021486 0.0296246 -0.0718645
v -0.021268 0.0297596 -0.0718645
v -0.021486 0.0296596 -0.0694775
v -0.021334 0.0297596 -0.0694775
v -0.021486 0.0300086 -0.0766375
v -0.0191 0.0314095 -0.0766375
v -0.021486 0.0297826 -0.0742505
v -0.0191 0.0312106 -0.0742505
v -0.0191 0.0311176 -0.0718645
v -0.0191 0.0312086 -0.0694775
v -0.031033 0.0215906 -0.0670905
v -0.030147 0.0225996 -0.0670905
v -0.028646 0.0241086 -0.0670905
v -0.031033 0.0217326 -0.0647045
v -0.03025 0.0225996 -0.0647045
v -0.028646 0.0241766 -0.0647045
v -0.031033 0.0217646 -0.0623175
v -0.030289 0.0225996 -0.0623175
v -0.028646 0.0242656 -0.0623175
v -0.031033 0.0217936 -0.0599305
v -0.030322 0.0225996 -0.0599305
v -0.028646 0.0243656 -0.0599305
v -0.027679 0.0249866 -0.0670905
v -0.027749 0.0249866 -0.0647045
v -0.02626 0.0261956 -0.0670905
v -0.024795 0.0273736 -0.0670905
v -0.023873 0.0280876 -0.0670905
v -0.02626 0.0262866 -0.0647045
v -0.024962 0.0273736 -0.0647045
v -0.023873 0.0282436 -0.0647045
v -0.021486 0.0297596 -0.0680675
v -0.021607 0.0297596 -0.0670905
v -0.021846 0.0297596 -0.0647045
v -0.027876 0.0249866 -0.0623175
v -0.02801 0.0249866 -0.0599305
v -0.02626 0.0264206 -0.0623175
v -0.025116 0.0273736 -0.0623175
v -0.023873 0.0283626 -0.0623175
v -0.02626 0.0265546 -0.0599305
v -0.025265 0.0273726 -0.0599305
v -0.023873 0.0284906 -0.0599305
v -0.022029 0.0297596 -0.0623175
v -0.022228 0.0297596 -0.0599305
v -0.021486 0.0298436 -0.0670905
v -0.0191 0.0314255 -0.0670905
v -0.021486 0.0300106 -0.0647045
v -0.0191 0.0316246 -0.0647045
v -0.021486 0.0301486 -0.0623175
v -0.0191 0.0317885 -0.0623175
v -0.021486 0.0302936 -0.0599305
v -0.0191 0.0318825 -0.0599305
v -0.017698 0.0321465 -0.0766375
v -0.016713 0.0326526 -0.0766375
v -0.014326 0.0338095 -0.0766375
v -0.017424 0.0321465 -0.0742505
v -0.016713 0.0325316 -0.0742505
v -0.014326 0.0337576 -0.0742505
v -0.012638 0.0345336 -0.0766375
v -0.012589 0.0345336 -0.0742505
v -0.01194 0.0348206 -0.0766375
v -0.009553 0.0357376 -0.0766375
v -0.01194 0.0348076 -0.0742505
v -0.009553 0.0357736 -0.0742505
v -0.01738 0.0321465 -0.0718645
v -0.016713 0.0325255 -0.0718645
v -0.014326 0.0337815 -0.0718645
v -0.017536 0.0321465 -0.0694775
v -0.016713 0.0326195 -0.0694775
v -0.014326 0.0339116 -0.0694775
v -0.012612 0.0345336 -0.0718645
v -0.012957 0.0345336 -0.0694775
v -0.01194 0.0348035 -0.0718645
v -0.009553 0.0357296 -0.0718645
v -0.01194 0.0349456 -0.0694775
v -0.009553 0.0358246 -0.0694775
v -0.007166 0.0364766 -0.0766375
v -0.005563 0.0369196 -0.0766375
v -0.00478 0.0371366 -0.0766375
v -0.007166 0.0365276 -0.0742505
v -0.005653 0.0369196 -0.0742505
v -0.00478 0.0371466 -0.0742505
v -0.002393 0.0377376 -0.0766375
v -6.00293e-06 0.0381556 -0.0766375
v -0.002393 0.0377736 -0.0742505
v -6.00293e-06 0.0382886 -0.0742505
v -0.007166 0.0364996 -0.0718645
v -0.005617 0.0369196 -0.0718645
v -0.00478 0.0371456 -0.0718645
v -0.007166 0.0365636 -0.0694775
v -0.005858 0.0369196 -0.0694775
v -0.00478 0.0372086 -0.0694775
v -0.002393 0.0378066 -0.0718645
v -6.00293e-06 0.0383446 -0.0718645
v -0.002393 0.0378686 -0.0694775
v -6.00293e-06 0.0383646 -0.0694775
v -0.017876 0.0321465 -0.0670905
v -0.016713 0.0328076 -0.0670905
v -0.014326 0.0341276 -0.0670905
v -0.018233 0.0321465 -0.0647045
v -0.016713 0.0330136 -0.0647045
v -0.014326 0.0342946 -0.0647045
v -0.013482 0.0345336 -0.0670905
v -0.013828 0.0345336 -0.0647045
v -0.01194 0.0351895 -0.0670905
v -0.009553 0.0360555 -0.0670905
v -0.01194 0.0353636 -0.0647045
v -0.009553 0.0362586 -0.0647045
v -0.018509 0.0321465 -0.0623175
v -0.016713 0.0331525 -0.0623175
v -0.014326 0.0343465 -0.0623175
v -0.018643 0.0321465 -0.0599305
v -0.016713 0.0331776 -0.0599305
v -0.014326 0.0343486 -0.0599305
v -0.013918 0.0345336 -0.0623175
v -0.013933 0.0345336 -0.0599305
v -0.01194 0.0354206 -0.0623175
v -0.009553 0.0363246 -0.0623175
v -0.01194 0.0354596 -0.0599305
v -0.009553 0.0363266 -0.0599305
v -0.007166 0.0367756 -0.0670905
v -0.006635 0.0369196 -0.0670905
v -0.00478 0.0374136 -0.0670905
v -0.007166 0.0369196 -0.0654105
v -0.007321 0.0369196 -0.0647045
v -0.007166 0.0369606 -0.0647045
v -0.00478 0.0375956 -0.0647045
v -0.002393 0.0380306 -0.0670905
v -6.00293e-06 0.0384836 -0.0670905
v -0.002393 0.0381696 -0.0647045
v -6.00293e-06 0.0385986 -0.0647045
v -0.007256 0.0369196 -0.0623175
v -0.007166 0.0369395 -0.0623175
v -0.00478 0.0375186 -0.0623175
v -0.007166 0.0369196 -0.0619805
v -0.007166 0.0368565 -0.0599305
v -0.00684 0.0369196 -0.0599305
v -0.00478 0.0373676 -0.0599305
v -0.002393 0.0380926 -0.0623175
v -6.00293e-06 0.0385456 -0.0623175
v -0.002393 0.0379175 -0.0599305
v -6.00293e-06 0.0383736 -0.0599305
v -0.037592 0.0106666 -0.0575445
v -0.037584 0.0106666 -0.0551575
v -0.037639 0.0106666 -0.0527705
v -0.037804 0.0106666 -0.0503835
v -0.03657 0.0130526 -0.0575445
v -0.035807 0.0147246 -0.0575445
v -0.035459 0.0154396 -0.0575445
v -0.036577 0.0130526 -0.0551575
v -0.035807 0.0147996 -0.0551575
v -0.035509 0.0154396 -0.0551575
v -0.034112 0.0178266 -0.0575445
v -0.03342 0.0189126 -0.0575445
v -0.034201 0.0178266 -0.0551575
v -0.03342 0.0190446 -0.0551575
v -0.032465 0.0202126 -0.0575445
v -0.032547 0.0202126 -0.0551575
v -0.036645 0.0130526 -0.0527705
v -0.035807 0.0149146 -0.0527705
v -0.035556 0.0154396 -0.0527705
v -0.036856 0.0130526 -0.0503835
v -0.035807 0.0152526 -0.0503835
v -0.035708 0.0154396 -0.0503835
v -0.034174 0.0178266 -0.0527705
v -0.03342 0.0189356 -0.0527705
v -0.034165 0.0178266 -0.0503835
v -0.03342 0.0188416 -0.0503835
v -0.032441 0.0202126 -0.0527705
v -0.032351 0.0202126 -0.0503835
v -0.038 0.0106666 -0.0479975
v -0.038077 0.0106666 -0.0456105
v -0.03801 0.0106666 -0.0432235
v -0.037846 0.0106666 -0.0408375
v -0.037133 0.0130526 -0.0479975
v -0.035807 0.0154396 -0.0494045
v -0.035951 0.0154396 -0.0479975
v -0.03726 0.0130526 -0.0456105
v -0.036087 0.0154396 -0.0456105
v -0.035807 0.0156816 -0.0479975
v -0.034287 0.0178266 -0.0479975
v -0.03342 0.0189206 -0.0479975
v -0.035807 0.0159026 -0.0456105
v -0.034415 0.0178266 -0.0456105
v -0.03342 0.0190386 -0.0456105
v -0.032361 0.0202126 -0.0479975
v -0.032423 0.0202126 -0.0456105
v -0.037189 0.0130526 -0.0432235
v -0.036038 0.0154396 -0.0432235
v -0.036985 0.0130526 -0.0408375
v -0.035874 0.0154396 -0.0408375
v -0.035807 0.0158476 -0.0432235
v -0.034476 0.0178266 -0.0432235
v -0.03342 0.0191796 -0.0432235
v -0.035807 0.0155696 -0.0408375
v -0.034442 0.0178266 -0.0408375
v -0.03342 0.0192606 -0.0408375
v -0.03257 0.0202126 -0.0432235
v -0.032676 0.0202126 -0.0408375
v -0.031033 0.0219276 -0.0575445
v -0.030429 0.0225996 -0.0575445
v -0.028646 0.0244866 -0.0575445
v -0.031033 0.0219876 -0.0551575
v -0.03047 0.0225996 -0.0551575
v -0.028646 0.0245156 -0.0551575
v -0.031033 0.0218866 -0.0527705
v -0.030388 0.0225996 -0.0527705
v -0.028646 0.0244116 -0.0527705
v -0.031033 0.0218026 -0.0503835
v -0.030316 0.0225996 -0.0503835
v -0.028646 0.0243106 -0.0503835
v -0.028149 0.0249866 -0.0575445
v -0.028186 0.0249866 -0.0551575
v -0.02626 0.0267306 -0.0575445
v -0.025486 0.0273726 -0.0575445
v -0.023873 0.0286486 -0.0575445
v -0.02626 0.0268246 -0.0551575
v -0.025609 0.0273726 -0.0551575
v -0.023873 0.0286956 -0.0551575
v -0.022382 0.0297596 -0.0575445
v -0.02235 0.0297596 -0.0551575
v -0.028071 0.0249866 -0.0527705
v -0.027939 0.0249866 -0.0503835
v -0.02626 0.0267026 -0.0527705
v -0.025467 0.0273726 -0.0527705
v -0.023873 0.0285866 -0.0527705
v -0.02626 0.0265316 -0.0503835
v -0.025282 0.0273726 -0.0503835
v -0.023873 0.0284906 -0.0503835
v -0.022192 0.0297596 -0.0527705
v -0.022105 0.0297596 -0.0503835
v -0.021486 0.0303806 -0.0575445
v -0.0191 0.0318965 -0.0575445
v -0.021486 0.0303406 -0.0551575
v -0.0191 0.0318735 -0.0551575
v -0.021486 0.0302346 -0.0527705
v -0.0191 0.0317926 -0.0527705
v -0.021486 0.0301716 -0.0503835
v -0.0191 0.0317055 -0.0503835
v -0.031033 0.0217646 -0.0479975
v -0.030269 0.0225996 -0.0479975
v -0.028646 0.0242746 -0.0479975
v -0.031033 0.0218236 -0.0456105
v -0.030331 0.0225996 -0.0456105
v -0.028646 0.0243766 -0.0456105
v -0.031033 0.0220356 -0.0432235
v -0.030536 0.0225996 -0.0432235
v -0.028646 0.0245976 -0.0432235
v -0.031033 0.0221816 -0.0408375
v -0.030667 0.0225996 -0.0408375
v -0.028646 0.0247236 -0.0408375
v -0.027913 0.0249866 -0.0479975
v -0.028042 0.0249866 -0.0456105
v -0.02626 0.0265256 -0.0479975
v -0.0253 0.0273726 -0.0479975
v -0.023873 0.0285306 -0.0479975
v -0.02626 0.0266716 -0.0456105
v -0.025456 0.0273726 -0.0456105
v -0.023873 0.0286336 -0.0456105
v -0.022138 0.0297596 -0.0479975
v -0.022232 0.0297596 -0.0456105
v -0.028255 0.0249866 -0.0432235
v -0.028373 0.0249866 -0.0408375
v -0.02626 0.0268016 -0.0432235
v -0.025556 0.0273726 -0.0432235
v -0.023873 0.0286436 -0.0432235
v -0.02626 0.0268316 -0.0408375
v -0.025557 0.0273726 -0.0408375
v -0.023873 0.0285756 -0.0408375
v -0.022187 0.0297596 -0.0432235
v -0.022003 0.0297596 -0.0408375
v -0.021486 0.0301796 -0.0479975
v -0.0191 0.0316706 -0.0479975
v -0.021486 0.0302206 -0.0456105
v -0.0191 0.0316206 -0.0456105
v -0.021486 0.0301736 -0.0432235
v -0.0191 0.0314816 -0.0432235
v -0.021486 0.0300566 -0.0408375
v -0.0191 0.0313366 -0.0408375
v -0.018651 0.0321465 -0.0575445
v -0.016713 0.0331696 -0.0575445
v -0.014326 0.0343765 -0.0575445
v -0.018622 0.0321465 -0.0551575
v -0.016713 0.0331906 -0.0551575
v -0.014326 0.0344056 -0.0551575
v -0.014004 0.0345336 -0.0575445
v -0.014054 0.0345336 -0.0551575
v -0.01194 0.0354995 -0.0575445
v -0.009553 0.0363776 -0.0575445
v -0.01194 0.0354866 -0.0551575
v -0.009553 0.0364096 -0.0551575
v -0.018497 0.0321465 -0.0527705
v -0.016713 0.0331566 -0.0527705
v -0.014326 0.0343866 -0.0527705
v -0.018342 0.0321465 -0.0503835
v -0.016713 0.0330556 -0.0503835
v -0.014326 0.0342856 -0.0503835
v -0.014004 0.0345336 -0.0527705
v -0.013776 0.0345336 -0.0503835
v -0.01194 0.0354235 -0.0527705
v -0.009553 0.0363276 -0.0527705
v -0.01194 0.0352966 -0.0503835
v -0.009553 0.0361436 -0.0503835
v -0.007166 0.0369196 -0.0578065
v -0.00726 0.0369196 -0.0575445
v -0.007166 0.0369386 -0.0575445
v -0.00478 0.0374136 -0.0575445
v -0.007757 0.0369196 -0.0551575
v -0.007166 0.0370576 -0.0551575
v -0.00478 0.0375306 -0.0551575
v -0.002393 0.0378785 -0.0575445
v -6.00293e-06 0.0382586 -0.0575445
v -0.002393 0.0378976 -0.0551575
v -6.00293e-06 0.0381705 -0.0551575
v -0.00754 0.0369196 -0.0527705
v -0.007166 0.0370136 -0.0527705
v -0.00478 0.0375065 -0.0527705
v -0.007166 0.0369196 -0.0514805
v -0.007166 0.0368206 -0.0503835
v -0.006756 0.0369196 -0.0503835
v -0.00478 0.0373295 -0.0503835
v -0.002393 0.0378156 -0.0527705
v -6.00293e-06 0.0380406 -0.0527705
v -0.002393 0.0376515 -0.0503835
v -6.00293e-06 0.0379166 -0.0503835
v -0.018249 0.0321465 -0.0479975
v -0.016713 0.0329456 -0.0479975
v -0.014326 0.0341125 -0.0479975
v -0.018083 0.0321465 -0.0456105
v -0.016713 0.0328046 -0.0456105
v -0.014326 0.0339355 -0.0456105
v -0.013378 0.0345336 -0.0479975
v -0.013002 0.0345336 -0.0456105
v -0.01194 0.0351256 -0.0479975
v -0.009553 0.0359676 -0.0479975
v -0.01194 0.0349826 -0.0456105
v -0.009553 0.0358596 -0.0456105
v -0.017729 0.0321465 -0.0432235
v -0.016713 0.0326216 -0.0432235
v -0.014326 0.0337926 -0.0432235
v -0.017382 0.0321465 -0.0408375
v -0.016713 0.0324526 -0.0408375
v -0.014326 0.0336165 -0.0408375
v -0.012719 0.0345336 -0.0432235
v -0.012284 0.0345336 -0.0408375
v -0.01194 0.0348536 -0.0432235
v -0.009553 0.0357136 -0.0432235
v -0.01194 0.0346686 -0.0408375
v -0.009553 0.0355346 -0.0408375
v -0.007166 0.0366346 -0.0479975
v -0.005941 0.0369196 -0.0479975
v -0.00478 0.0371586 -0.0479975
v -0.007166 0.0365476 -0.0456105
v -0.005631 0.0369196 -0.0456105
v -0.00478 0.0371086 -0.0456105
v -0.002393 0.0375376 -0.0479975
v -6.00293e-06 0.0378566 -0.0479975
v -0.002393 0.0375525 -0.0456105
v -6.00293e-06 0.0378806 -0.0456105
v -0.007166 0.0364516 -0.0432235
v -0.005445 0.0369196 -0.0432235
v -0.00478 0.0370846 -0.0432235
v -0.007166 0.0363215 -0.0408375
v -0.005091 0.0369196 -0.0408375
v -0.00478 0.0370026 -0.0408375
v -0.002393 0.0375696 -0.0432235
v -6.00293e-06 0.0378726 -0.0432235
v -0.002393 0.0375346 -0.0408375
v -6.00293e-06 0.0378395 -0.0408375
v -0.0393 0.00350655 -0.0384505
v -0.038888 0.00589255 -0.0384505
v -0.039084 0.00350655 -0.0360635
v -0.038691 0.00589255 -0.0360635
v -0.038312 0.00827955 -0.0384505
v -0.038193 0.00870355 -0.0384505
v -0.038193 0.00827955 -0.0370215
v -0.038193 0.00803855 -0.0360635
v -0.039004 0.00350655 -0.0336775
v -0.038583 0.00589255 -0.0336775
v -0.039062 0.00350655 -0.0312905
v -0.038586 0.00589255 -0.0312905
v -0.038193 0.00754655 -0.0336775
v -0.038193 0.00739755 -0.0312905
v -0.039181 0.00350655 -0.0289035
v -0.038711 0.00589255 -0.0289035
v -0.039287 0.00350655 -0.0265165
v -0.03888 0.00589255 -0.0265165
v -0.038193 0.00778455 -0.0289035
v -0.038193 0.00827955 -0.0265295
v -0.038194 0.00827955 -0.0265165
v -0.038193 0.00828155 -0.0265165
v -0.039342 0.00350655 -0.0241305
v -0.038945 0.00589255 -0.0241305
v -0.039322 0.00350655 -0.0217435
v -0.038863 0.00589255 -0.0217435
v -0.038217 0.00827955 -0.0241305
v -0.038193 0.00834255 -0.0241305
v -0.038193 0.00827955 -0.0233705
v -0.038193 0.00804955 -0.0217435
v -0.039175 0.00350655 -0.0193565
v -0.038689 0.00589255 -0.0193565
v -0.038919 0.00350655 -0.0169705
v -0.038489 0.00589255 -0.0169705
v -0.038193 0.00759755 -0.0193565
v -0.038193 0.00708555 -0.0169705
v -0.038751 0.00350655 -0.0145835
v -0.038338 0.00589255 -0.0145835
v -0.038799 0.00350655 -0.0121965
v -0.038332 0.00589255 -0.0121965
v -0.038193 0.00652455 -0.0145835
v -0.038193 0.00645455 -0.0121965
v -0.038929 0.00350655 -0.00981049
v -0.038445 0.00589255 -0.00981049
v -0.039018 0.00350655 -0.00742349
v -0.038593 0.00589255 -0.00742349
v -0.038193 0.00689655 -0.00981049
v -0.038193 0.00750455 -0.00742349
v -0.039118 0.00350655 -0.00503649
v -0.038753 0.00589255 -0.00503649
v -0.039196 0.00350655 -0.00264949
v -0.038849 0.00589255 -0.00264949
v -0.038193 0.00810255 -0.00503649
v -0.038193 0.00827955 -0.00429349
v -0.038301 0.00827955 -0.00264949
v -0.038193 0.00864855 -0.00264949
v -0.037576 0.0106666 -0.0384505
v -0.038125 0.00827955 -0.0360635
v -0.03731 0.0106666 -0.0360635
v -0.037981 0.00827955 -0.0336775
v -0.037126 0.0106666 -0.0336775
v -0.037921 0.00827955 -0.0312905
v -0.037031 0.0106666 -0.0312905
v -0.036668 0.0130526 -0.0384505
v -0.035807 0.0154396 -0.0401275
v -0.035807 0.0150566 -0.0384505
v -0.035628 0.0154396 -0.0384505
v -0.036363 0.0130526 -0.0360635
v -0.035807 0.0144366 -0.0360635
v -0.035372 0.0154396 -0.0360635
v -0.034297 0.0178266 -0.0384505
v -0.03342 0.0191806 -0.0384505
v -0.034113 0.0178266 -0.0360635
v -0.03342 0.0189986 -0.0360635
v -0.032668 0.0202126 -0.0384505
v -0.032614 0.0202126 -0.0360635
v -0.036163 0.0130526 -0.0336775
v -0.035807 0.0139516 -0.0336775
v -0.035172 0.0154396 -0.0336775
v -0.03606 0.0130526 -0.0312905
v -0.035807 0.0137006 -0.0312905
v -0.035081 0.0154396 -0.0312905
v -0.033941 0.0178266 -0.0336775
v -0.03342 0.0187506 -0.0336775
v -0.033863 0.0178266 -0.0312905
v -0.03342 0.0186076 -0.0312905
v -0.032506 0.0202126 -0.0336775
v -0.032389 0.0202126 -0.0312905
v -0.038032 0.00827955 -0.0289035
v -0.037117 0.0106666 -0.0289035
v -0.037278 0.0106666 -0.0265165
v -0.037319 0.0106666 -0.0241305
v -0.038111 0.00827955 -0.0217435
v -0.037253 0.0106666 -0.0217435
v -0.036134 0.0130526 -0.0289035
v -0.035807 0.0138836 -0.0289035
v -0.035154 0.0154396 -0.0289035
v -0.036321 0.0130526 -0.0265165
v -0.035807 0.0143636 -0.0265165
v -0.035348 0.0154396 -0.0265165
v -0.033921 0.0178266 -0.0289035
v -0.03342 0.0186796 -0.0289035
v -0.034077 0.0178266 -0.0265165
v -0.03342 0.0189006 -0.0265165
v -0.032372 0.0202126 -0.0289035
v -0.032495 0.0202126 -0.0265165
v -0.036443 0.0130526 -0.0241305
v -0.035807 0.0147626 -0.0241305
v -0.035527 0.0154396 -0.0241305
v -0.036432 0.0130526 -0.0217435
v -0.035807 0.0147896 -0.0217435
v -0.035539 0.0154396 -0.0217435
v -0.034239 0.0178266 -0.0241305
v -0.03342 0.0190776 -0.0241305
v -0.034214 0.0178266 -0.0217435
v -0.03342 0.0189816 -0.0217435
v -0.032584 0.0202126 -0.0241305
v -0.032491 0.0202126 -0.0217435
v -0.031033 0.0222276 -0.0384505
v -0.030713 0.0225996 -0.0384505
v -0.028646 0.0248016 -0.0384505
v -0.031033 0.0222906 -0.0360635
v -0.03078 0.0225996 -0.0360635
v -0.028646 0.0248856 -0.0360635
v -0.031033 0.0222436 -0.0336775
v -0.030745 0.0225996 -0.0336775
v -0.028646 0.0247886 -0.0336775
v -0.031033 0.0220166 -0.0312905
v -0.030537 0.0225996 -0.0312905
v -0.028646 0.0245066 -0.0312905
v -0.028456 0.0249866 -0.0384505
v -0.028539 0.0249866 -0.0360635
v -0.02626 0.0268986 -0.0384505
v -0.025637 0.0273726 -0.0384505
v -0.023873 0.0286166 -0.0384505
v -0.02626 0.0269176 -0.0360635
v -0.025655 0.0273726 -0.0360635
v -0.023873 0.0286696 -0.0360635
v -0.022046 0.0297596 -0.0384505
v -0.022228 0.0297596 -0.0360635
v -0.028422 0.0249866 -0.0336775
v -0.028097 0.0249866 -0.0312905
v -0.02626 0.0267246 -0.0336775
v -0.025385 0.0273726 -0.0336775
v -0.023873 0.0284996 -0.0336775
v -0.02626 0.0264586 -0.0312905
v -0.025044 0.0273726 -0.0312905
v -0.023873 0.0282446 -0.0312905
v -0.022034 0.0297596 -0.0336775
v -0.021616 0.0297596 -0.0312905
v -0.021486 0.0300786 -0.0384505
v -0.0191 0.0313116 -0.0384505
v -0.021486 0.0301876 -0.0360635
v -0.0191 0.0313266 -0.0360635
v -0.021486 0.0300726 -0.0336775
v -0.0191 0.0312026 -0.0336775
v -0.021486 0.0298326 -0.0312905
v -0.0191 0.0310416 -0.0312905
v -0.031033 0.0218606 -0.0289035
v -0.030348 0.0225996 -0.0289035
v -0.028646 0.0242596 -0.0289035
v -0.031033 0.0219366 -0.0265165
v -0.030378 0.0225996 -0.0265165
v -0.028646 0.0242226 -0.0265165
v -0.031033 0.0220336 -0.0241305
v -0.030484 0.0225996 -0.0241305
v -0.028646 0.0243466 -0.0241305
v -0.031033 0.0219976 -0.0217435
v -0.030501 0.0225996 -0.0217435
v -0.028646 0.0244946 -0.0217435
v -0.027831 0.0249866 -0.0289035
v -0.027796 0.0249866 -0.0265165
v -0.02626 0.0262876 -0.0289035
v -0.024848 0.0273726 -0.0289035
v -0.023873 0.0280996 -0.0289035
v -0.02626 0.0262976 -0.0265165
v -0.024877 0.0273726 -0.0265165
v -0.023873 0.0281196 -0.0265165
v -0.021486 0.0297596 -0.0297995
v -0.021486 0.0297496 -0.0289035
v -0.021469 0.0297596 -0.0289035
v -0.021486 0.0297596 -0.0280005
v -0.02156 0.0297596 -0.0265165
v -0.027944 0.0249866 -0.0241305
v -0.028121 0.0249866 -0.0217435
v -0.02626 0.0264556 -0.0241305
v -0.025089 0.0273726 -0.0241305
v -0.023873 0.0282526 -0.0241305
v -0.02626 0.0266146 -0.0217435
v -0.025288 0.0273726 -0.0217435
v -0.023873 0.0283776 -0.0217435
v -0.021684 0.0297596 -0.0241305
v -0.021793 0.0297596 -0.0217435
v -0.0191 0.0310726 -0.0289035
v -0.021486 0.0298066 -0.0265165
v -0.0191 0.0312306 -0.0265165
v -0.021486 0.0298886 -0.0241305
v -0.0191 0.0313666 -0.0241305
v -0.021486 0.0299586 -0.0217435
v -0.0191 0.0314596 -0.0217435
v -0.017133 0.0321465 -0.0384505
v -0.016713 0.0323165 -0.0384505
v -0.014326 0.0333475 -0.0384505
v -0.016898 0.0321465 -0.0360635
v -0.016713 0.0322116 -0.0360635
v -0.014326 0.0331216 -0.0360635
v -0.01194 0.0345336 -0.0395115
v -0.01194 0.0344155 -0.0384505
v -0.011663 0.0345336 -0.0384505
v -0.01194 0.0341946 -0.0360635
v -0.011208 0.0345336 -0.0360635
v -0.009553 0.0353936 -0.0384505
v -0.009553 0.0352666 -0.0360635
v -0.016716 0.0321465 -0.0336775
v -0.016713 0.0321476 -0.0336775
v -0.014326 0.0330866 -0.0336775
v -0.016766 0.0321465 -0.0312905
v -0.016713 0.0321716 -0.0312905
v -0.014326 0.0332436 -0.0312905
v -0.01194 0.0341526 -0.0336775
v -0.011114 0.0345336 -0.0336775
v -0.01194 0.0342926 -0.0312905
v -0.011391 0.0345336 -0.0312905
v -0.009553 0.0352336 -0.0336775
v -0.009553 0.0353435 -0.0312905
v -0.007166 0.0362345 -0.0384505
v -0.004809 0.0369196 -0.0384505
v -0.00478 0.0369276 -0.0384505
v -0.007166 0.0361706 -0.0360635
v -0.00478 0.0369196 -0.0381465
v -0.00478 0.0369136 -0.0360635
v -0.002393 0.0375455 -0.0384505
v -6.00293e-06 0.0379046 -0.0384505
v -0.00476 0.0369196 -0.0360635
v -0.002393 0.0375976 -0.0360635
v -6.00293e-06 0.0379556 -0.0360635
v -0.007166 0.0361766 -0.0336775
v -0.00478 0.0369196 -0.0355575
v -0.004882 0.0369196 -0.0336775
v -0.00478 0.0369516 -0.0336775
v -0.007166 0.0362816 -0.0312905
v -0.004995 0.0369196 -0.0312905
v -0.00478 0.0369746 -0.0312905
v -0.002393 0.0375825 -0.0336775
v -6.00293e-06 0.0378186 -0.0336775
v -0.002393 0.0374375 -0.0312905
v -6.00293e-06 0.0375636 -0.0312905
v -0.01707 0.0321465 -0.0289035
v -0.016713 0.0323366 -0.0289035
v -0.014326 0.0335126 -0.0289035
v -0.017431 0.0321465 -0.0265165
v -0.016713 0.0325306 -0.0265165
v -0.014326 0.0337085 -0.0265165
v -0.01194 0.0345186 -0.0289035
v -0.011904 0.0345336 -0.0289035
v -0.012309 0.0345336 -0.0265165
v -0.01194 0.0345336 -0.0287545
v -0.009553 0.0354925 -0.0289035
v -0.01194 0.0346746 -0.0265165
v -0.009553 0.0355525 -0.0265165
v -0.017652 0.0321465 -0.0241305
v -0.016713 0.0326146 -0.0241305
v -0.014326 0.0337245 -0.0241305
v -0.017797 0.0321465 -0.0217435
v -0.016713 0.0326446 -0.0217435
v -0.014326 0.0336456 -0.0217435
v -0.012295 0.0345336 -0.0241305
v -0.011988 0.0345336 -0.0217435
v -0.01194 0.0346626 -0.0241305
v -0.009553 0.0354806 -0.0241305
v -0.01194 0.0345506 -0.0217435
v -0.009553 0.0353536 -0.0217435
v -0.007166 0.0363326 -0.0289035
v -0.004792 0.0369196 -0.0289035
v -0.00478 0.0369226 -0.0289035
v -0.007166 0.0362985 -0.0265165
v -0.00478 0.0369196 -0.0288395
v -0.00478 0.0368606 -0.0265165
v -0.002393 0.0372716 -0.0289035
v -6.00293e-06 0.0373796 -0.0289035
v -0.004466 0.0369196 -0.0265165
v -0.002393 0.0372076 -0.0265165
v -6.00293e-06 0.0373275 -0.0265165
v -0.007166 0.0361876 -0.0241305
v -0.00478 0.0367776 -0.0241305
v -0.007166 0.0360435 -0.0217435
v -0.00478 0.0366475 -0.0217435
v -0.004085 0.0369196 -0.0241305
v -0.002393 0.0371916 -0.0241305
v -6.00293e-06 0.0373726 -0.0241305
v -0.003519 0.0369196 -0.0217435
v -0.002393 0.0371236 -0.0217435
v -6.00293e-06 0.0373965 -0.0217435
v -0.037966 0.00827955 -0.0193565
v -0.037136 0.0106666 -0.0193565
v -0.037843 0.00827955 -0.0169705
v -0.03707 0.0106666 -0.0169705
v -0.03774 0.00827955 -0.0145835
v -0.037046 0.0106666 -0.0145835
v -0.037708 0.00827955 -0.0121965
v -0.037003 0.0106666 -0.0121965
v -0.036342 0.0130526 -0.0193565
v -0.035807 0.0145476 -0.0193565
v -0.035423 0.0154396 -0.0193565
v -0.036296 0.0130526 -0.0169705
v -0.035807 0.0143696 -0.0169705
v -0.035312 0.0154396 -0.0169705
v -0.034012 0.0178266 -0.0193565
v -0.03342 0.0186706 -0.0193565
v -0.033797 0.0178266 -0.0169705
v -0.03342 0.0183506 -0.0169705
v -0.032286 0.0202126 -0.0193565
v -0.032051 0.0202126 -0.0169705
v -0.036253 0.0130526 -0.0145835
v -0.035807 0.0141556 -0.0145835
v -0.035157 0.0154396 -0.0145835
v -0.036127 0.0130526 -0.0121965
v -0.035807 0.0137746 -0.0121965
v -0.034905 0.0154396 -0.0121965
v -0.033553 0.0178266 -0.0145835
v -0.03342 0.0180106 -0.0145835
v -0.03342 0.0178266 -0.0134245
v -0.03342 0.0176566 -0.0121965
v -0.03179 0.0202126 -0.0145835
v -0.033302 0.0178266 -0.0121965
v -0.031593 0.0202126 -0.0121965
v -0.0378 0.00827955 -0.00981049
v -0.037001 0.0106666 -0.00981049
v -0.03796 0.00827955 -0.00742349
v -0.037084 0.0106666 -0.00742349
v -0.038139 0.00827955 -0.00503649
v -0.037253 0.0106666 -0.00503649
v -0.037455 0.0106666 -0.00264949
v -0.036005 0.0130526 -0.00981049
v -0.035807 0.0134736 -0.00981049
v -0.034752 0.0154396 -0.00981049
v -0.036025 0.0130526 -0.00742349
v -0.035807 0.0135176 -0.00742349
v -0.034823 0.0154396 -0.00742349
v -0.03342 0.0175846 -0.00981049
v -0.03342 0.0178226 -0.00742349
v -0.033264 0.0178266 -0.00981049
v -0.031622 0.0202126 -0.00981049
v -0.033418 0.0178266 -0.00742349
v -0.031784 0.0202126 -0.00742349
v -0.036169 0.0130526 -0.00503649
v -0.035807 0.0138156 -0.00503649
v -0.034971 0.0154396 -0.00503649
v -0.036333 0.0130526 -0.00264949
v -0.035807 0.0141176 -0.00264949
v -0.035113 0.0154396 -0.00264949
v -0.033572 0.0178266 -0.00503649
v -0.03342 0.0178266 -0.00739549
v -0.03342 0.0180706 -0.00503649
v -0.033696 0.0178266 -0.00264949
v -0.03342 0.0182656 -0.00264949
v -0.031914 0.0202126 -0.00503649
v -0.032031 0.0202126 -0.00264949
v -0.031033 0.0218886 -0.0193565
v -0.030471 0.0225996 -0.0193565
v -0.028646 0.0245876 -0.0193565
v -0.031033 0.0216386 -0.0169705
v -0.030312 0.0225996 -0.0169705
v -0.028646 0.0244816 -0.0169705
v -0.031033 0.0212416 -0.0145835
v -0.02996 0.0225996 -0.0145835
v -0.028646 0.0240886 -0.0145835
v -0.031033 0.0209666 -0.0121965
v -0.029681 0.0225996 -0.0121965
v -0.028646 0.0237376 -0.0121965
v -0.028226 0.0249866 -0.0193565
v -0.028128 0.0249866 -0.0169705
v -0.02626 0.0266956 -0.0193565
v -0.025392 0.0273726 -0.0193565
v -0.023873 0.0284606 -0.0193565
v -0.02626 0.0266386 -0.0169705
v -0.025333 0.0273726 -0.0169705
v -0.023873 0.0284386 -0.0169705
v -0.021907 0.0297596 -0.0193565
v -0.021908 0.0297596 -0.0169705
v -0.027771 0.0249866 -0.0145835
v -0.02744 0.0249866 -0.0121965
v -0.02626 0.0264056 -0.0145835
v -0.025118 0.0273726 -0.0145835
v -0.023873 0.0283256 -0.0145835
v -0.02626 0.0261386 -0.0121965
v -0.024886 0.0273726 -0.0121965
v -0.023873 0.0281756 -0.0121965
v -0.021788 0.0297596 -0.0145835
v -0.02159 0.0297596 -0.0121965
v -0.021486 0.0300276 -0.0193565
v -0.0191 0.0315026 -0.0193565
v -0.021486 0.0300286 -0.0169705
v -0.0191 0.0314496 -0.0169705
v -0.021486 0.0299506 -0.0145835
v -0.0191 0.0313586 -0.0145835
v -0.021486 0.0298256 -0.0121965
v -0.0191 0.0312706 -0.0121965
v -0.031033 0.0210296 -0.00981049
v -0.02976 0.0225996 -0.00981049
v -0.028646 0.0238136 -0.00981049
v -0.031033 0.0212436 -0.00742349
v -0.029966 0.0225996 -0.00742349
v -0.028646 0.0240836 -0.00742349
v -0.031033 0.0213586 -0.00503649
v -0.030022 0.0225996 -0.00503649
v -0.028646 0.0241406 -0.00503649
v -0.031033 0.0214396 -0.00264949
v -0.029999 0.0225996 -0.00264949
v -0.028646 0.0240266 -0.00264949
v -0.027479 0.0249866 -0.00981049
v -0.027749 0.0249866 -0.00742349
v -0.02626 0.0261306 -0.00981049
v -0.024804 0.0273726 -0.00981049
v -0.023873 0.0280796 -0.00981049
v -0.02626 0.0263156 -0.00742349
v -0.024895 0.0273726 -0.00742349
v -0.023873 0.0280956 -0.00742349
v -0.021486 0.0297596 -0.0109765
v -0.021486 0.0297216 -0.00981049
v -0.021428 0.0297596 -0.00981049
v -0.021486 0.0297146 -0.00742349
v -0.021416 0.0297596 -0.00742349
v -0.027798 0.0249866 -0.00503649
v -0.02768 0.0249866 -0.00264949
v -0.02626 0.0263246 -0.00503649
v -0.024873 0.0273726 -0.00503649
v -0.023873 0.0280826 -0.00503649
v -0.02626 0.0262806 -0.00264949
v -0.024917 0.0273726 -0.00264949
v -0.023873 0.0281756 -0.00264949
v -0.021486 0.0297466 -0.00503649
v -0.021466 0.0297596 -0.00503649
v -0.021486 0.0297596 -0.00463349
v -0.021758 0.0297596 -0.00264949
v -0.0191 0.0311976 -0.00981049
v -0.0191 0.0312016 -0.00742349
v -0.0191 0.0313046 -0.00503649
v -0.021486 0.0299516 -0.00264949
v -0.0191 0.0315315 -0.00264949
v -0.017826 0.0321465 -0.0193565
v -0.016713 0.0326195 -0.0193565
v -0.014326 0.0335256 -0.0193565
v -0.017618 0.0321465 -0.0169705
v -0.016713 0.0325106 -0.0169705
v -0.014326 0.0334126 -0.0169705
v -0.01194 0.0345336 -0.0214515
v -0.01194 0.0343956 -0.0193565
v -0.011554 0.0345336 -0.0193565
v -0.01194 0.0343206 -0.0169705
v -0.011374 0.0345336 -0.0169705
v -0.009553 0.0352326 -0.0193565
v -0.009553 0.0352136 -0.0169705
v -0.017459 0.0321465 -0.0145835
v -0.016713 0.0324646 -0.0145835
v -0.014326 0.0334526 -0.0145835
v -0.017447 0.0321465 -0.0121965
v -0.016713 0.0325066 -0.0121965
v -0.014326 0.0336356 -0.0121965
v -0.01194 0.0344525 -0.0145835
v -0.011744 0.0345336 -0.0145835
v -0.01194 0.0345336 -0.0137385
v -0.012265 0.0345336 -0.0121965
v -0.009553 0.0353845 -0.0145835
v -0.01194 0.0346666 -0.0121965
v -0.009553 0.0355576 -0.0121965
v -0.007166 0.0360185 -0.0193565
v -0.00478 0.0366486 -0.0193565
v -0.007166 0.0361035 -0.0169705
v -0.00478 0.0367676 -0.0169705
v -0.003362 0.0369196 -0.0193565
v -0.002393 0.0370696 -0.0193565
v -6.00293e-06 0.0373466 -0.0193565
v -0.003938 0.0369196 -0.0169705
v -0.002393 0.0371356 -0.0169705
v -6.00293e-06 0.0373985 -0.0169705
v -0.007166 0.0362026 -0.0145835
v -0.00478 0.0368296 -0.0145835
v -0.007166 0.0362796 -0.0121965
v -0.00478 0.0368436 -0.0121965
v -0.004342 0.0369196 -0.0145835
v -0.002393 0.0372716 -0.0145835
v -6.00293e-06 0.0376256 -0.0145835
v -0.004407 0.0369196 -0.0121965
v -0.002393 0.0373226 -0.0121965
v -6.00293e-06 0.0377656 -0.0121965
v -0.017419 0.0321465 -0.00981049
v -0.016713 0.0325336 -0.00981049
v -0.014326 0.0338045 -0.00981049
v -0.017479 0.0321465 -0.00742349
v -0.016713 0.0325886 -0.00742349
v -0.014326 0.0339416 -0.00742349
v -0.0127 0.0345336 -0.00981049
v -0.013097 0.0345336 -0.00742349
v -0.01194 0.0348286 -0.00981049
v -0.009553 0.0356586 -0.00981049
v -0.01194 0.0350066 -0.00742349
v -0.009553 0.0358395 -0.00742349
v -0.017684 0.0321465 -0.00503649
v -0.016713 0.0327056 -0.00503649
v -0.014326 0.0340726 -0.00503649
v -0.018019 0.0321465 -0.00264949
v -0.016713 0.0328526 -0.00264949
v -0.014326 0.0341716 -0.00264949
v -0.013425 0.0345336 -0.00503649
v -0.013634 0.0345336 -0.00264949
v -0.01194 0.0351985 -0.00503649
v -0.009553 0.0360906 -0.00503649
v -0.01194 0.0353376 -0.00264949
v -0.009553 0.0362776 -0.00264949
v -0.007166 0.0363756 -0.00981049
v -0.00478 0.0368996 -0.00981049
v -0.007166 0.0365586 -0.00742349
v -0.00555 0.0369196 -0.00742349
v -0.00478 0.0369196 -0.00934148
v -0.00478 0.0370495 -0.00742349
v -0.004659 0.0369196 -0.00981049
v -0.002393 0.0372846 -0.00981049
v -6.00293e-06 0.0376596 -0.00981049
v -0.002393 0.0373326 -0.00742349
v -6.00293e-06 0.0375566 -0.00742349
v -0.007166 0.0368206 -0.00503649
v -0.006768 0.0369196 -0.00503649
v -0.00478 0.0372966 -0.00503649
v -0.007166 0.0369196 -0.00395349
v -0.007446 0.0369196 -0.00264949
v -0.007166 0.0369936 -0.00264949
v -0.00478 0.0374905 -0.00264949
v -0.002393 0.0375246 -0.00503649
v -6.00293e-06 0.0376356 -0.00503649
v -0.002393 0.0377416 -0.00264949
v -6.00293e-06 0.0378095 -0.00264949
v -0.039121 0.00350655 -0.000263485
v -0.038826 0.00589255 -0.000263485
v -0.038958 0.00350655 0.00212351
v -0.038693 0.00589255 0.00212351
v -0.038367 0.00827955 -0.000263485
v -0.038193 0.00891055 -0.000263485
v -0.038226 0.00827955 0.00212351
v -0.038193 0.00839655 0.00212351
v -0.038831 0.00350655 0.00451052
v -0.038472 0.00589255 0.00451052
v -0.038717 0.00350655 0.00689652
v -0.038261 0.00589255 0.00689652
v -0.038193 0.00724255 0.00451052
v -0.038193 0.00827955 0.00240252
v -0.038193 0.00621655 0.00689652
v -0.03861 0.00350655 0.00928351
v -0.038206 0.00589255 0.00928351
v -0.038549 0.00350655 0.0116705
v -0.038279 0.00589255 0.0116705
v -0.038193 0.00596655 0.00928351
v -0.038193 0.00653455 0.0116705
v -0.038494 0.00350655 0.0140565
v -0.038256 0.00589255 0.0140565
v -0.038455 0.00350655 0.0164435
v -0.038193 0.00589255 0.0153465
v -0.038193 0.00551655 0.0164435
v -0.038193 0.00646955 0.0140565
v -0.038502 0.00350655 0.0188305
v -0.038193 0.00570355 0.0188305
v -0.038603 0.00350655 0.0212175
v -0.038193 0.00589255 0.0193485
v -0.038303 0.00589255 0.0212175
v -0.038193 0.00654555 0.0212175
v -0.038657 0.00350655 0.0236035
v -0.038351 0.00589255 0.0236035
v -0.038686 0.00350655 0.0259905
v -0.038339 0.00589255 0.0259905
v -0.038193 0.00671755 0.0236035
v -0.038193 0.00658255 0.0259905
v -0.03882 0.00350655 0.0283775
v -0.038423 0.00589255 0.0283775
v -0.038996 0.00350655 0.0307635
v -0.038502 0.00589255 0.0307635
v -0.038193 0.00680155 0.0283775
v -0.038193 0.00689555 0.0307635
v -0.039076 0.00350655 0.0331505
v -0.038523 0.00589255 0.0331505
v -0.03905 0.00350655 0.0355375
v -0.038511 0.00589255 0.0355375
v -0.038193 0.00688155 0.0331505
v -0.038193 0.00689055 0.0355375
v -0.03755 0.0106666 -0.000263485
v -0.037388 0.0106666 0.00212351
v -0.037915 0.00827955 0.00451052
v -0.037092 0.0106666 0.00451052
v -0.037695 0.00827955 0.00689652
v -0.036988 0.0106666 0.00689652
v -0.03642 0.0130526 -0.000263485
v -0.035807 0.0142966 -0.000263485
v -0.035214 0.0154396 -0.000263485
v -0.036325 0.0130526 0.00212351
v -0.035807 0.0141546 0.00212351
v -0.035149 0.0154396 0.00212351
v -0.033774 0.0178266 -0.000263485
v -0.03342 0.0183716 -0.000263485
v -0.033707 0.0178266 0.00212351
v -0.03342 0.0182646 0.00212351
v -0.032079 0.0202126 -0.000263485
v -0.031979 0.0202126 0.00212351
v -0.036135 0.0130526 0.00451052
v -0.035807 0.0138076 0.00451052
v -0.034995 0.0154396 0.00451052
v -0.03611 0.0130526 0.00689652
v -0.035807 0.0137636 0.00689652
v -0.034965 0.0154396 0.00689652
v -0.033547 0.0178266 0.00451052
v -0.03342 0.0180206 0.00451052
v -0.033461 0.0178266 0.00689652
v -0.03342 0.0178876 0.00689652
v -0.031814 0.0202126 0.00451052
v -0.031718 0.0202126 0.00689652
v -0.03774 0.00827955 0.00928351
v -0.037121 0.0106666 0.00928351
v -0.037891 0.00827955 0.0116705
v -0.037262 0.0106666 0.0116705
v -0.03815 0.00589255 0.0164435
v -0.037925 0.00827955 0.0140565
v -0.037352 0.0106666 0.0140565
v -0.037839 0.00827955 0.0164435
v -0.037339 0.0106666 0.0164435
v -0.036247 0.0130526 0.00928351
v -0.035807 0.0140356 0.00928351
v -0.035057 0.0154396 0.00928351
v -0.03639 0.0130526 0.0116705
v -0.035807 0.0143516 0.0116705
v -0.03521 0.0154396 0.0116705
v -0.033475 0.0178266 0.00928351
v -0.03342 0.0179056 0.00928351
v -0.03355 0.0178266 0.0116705
v -0.03342 0.0180026 0.0116705
v -0.031689 0.0202126 0.00928351
v -0.031699 0.0202126 0.0116705
v -0.036535 0.0130526 0.0140565
v -0.035807 0.0146916 0.0140565
v -0.035395 0.0154396 0.0140565
v -0.036571 0.0130526 0.0164435
v -0.035807 0.0147856 0.0164435
v -0.035452 0.0154396 0.0164435
v -0.033689 0.0178266 0.0140565
v -0.03342 0.0181706 0.0140565
v -0.033801 0.0178266 0.0164435
v -0.03342 0.0183316 0.0164435
v -0.0318 0.0202126 0.0140565
v -0.031976 0.0202126 0.0164435
v -0.031033 0.0214656 -0.000263485
v -0.029962 0.0225996 -0.000263485
v -0.028646 0.0239256 -0.000263485
v -0.031033 0.0213576 0.00212351
v -0.029888 0.0225996 0.00212351
v -0.028646 0.0238616 0.00212351
v -0.031033 0.0211976 0.00451052
v -0.029809 0.0225996 0.00451052
v -0.028646 0.0238196 0.00451052
v -0.031033 0.0210916 0.00689652
v -0.029726 0.0225996 0.00689652
v -0.028646 0.0237436 0.00689652
v -0.027614 0.0249866 -0.000263485
v -0.027554 0.0249866 0.00212351
v -0.02626 0.0263596 -0.000263485
v -0.025156 0.0273726 -0.000263485
v -0.023873 0.0284636 -0.000263485
v -0.02626 0.0263336 0.00212351
v -0.025192 0.0273726 0.00212351
v -0.023873 0.0285566 0.00212351
v -0.02225 0.0297596 -0.000263485
v -0.022418 0.0297596 0.00212351
v -0.02749 0.0249866 0.00451052
v -0.027443 0.0249866 0.00689652
v -0.02626 0.0262146 0.00451052
v -0.025046 0.0273726 0.00451052
v -0.023873 0.0284276 0.00451052
v -0.02626 0.0261906 0.00689652
v -0.025019 0.0273726 0.00689652
v -0.023873 0.0283786 0.00689652
v -0.022278 0.0297596 0.00451052
v -0.022156 0.0297596 0.00689652
v -0.021486 0.0303126 -0.000263485
v -0.0191 0.0318156 -0.000263485
v -0.021486 0.0304506 0.00212351
v -0.0191 0.0319506 0.00212351
v -0.021486 0.0303586 0.00451052
v -0.0191 0.0319346 0.00451052
v -0.021486 0.0302566 0.00689652
v -0.0191 0.0318816 0.00689652
v -0.031033 0.0210346 0.00928351
v -0.029644 0.0225996 0.00928351
v -0.028646 0.0236586 0.00928351
v -0.031033 0.0210416 0.0116705
v -0.029674 0.0225996 0.0116705
v -0.028646 0.0237196 0.0116705
v -0.031033 0.0211916 0.0140565
v -0.029864 0.0225996 0.0140565
v -0.028646 0.0239806 0.0140565
v -0.031033 0.0214346 0.0164435
v -0.030078 0.0225996 0.0164435
v -0.028646 0.0242326 0.0164435
v -0.027418 0.0249866 0.00928351
v -0.027491 0.0249866 0.0116705
v -0.02626 0.0262186 0.00928351
v -0.025039 0.0273726 0.00928351
v -0.023873 0.0283506 0.00928351
v -0.02626 0.0262866 0.0116705
v -0.025083 0.0273726 0.0116705
v -0.023873 0.0283476 0.0116705
v -0.022024 0.0297596 0.00928351
v -0.021925 0.0297596 0.0116705
v -0.027722 0.0249866 0.0140565
v -0.027947 0.0249866 0.0164435
v -0.02626 0.0264826 0.0140565
v -0.025282 0.0273726 0.0140565
v -0.023873 0.0285016 0.0140565
v -0.02626 0.0266426 0.0164435
v -0.025421 0.0273726 0.0164435
v -0.023873 0.0286046 0.0164435
v -0.022067 0.0297596 0.0140565
v -0.022245 0.0297596 0.0164435
v -0.021486 0.0301416 0.00928351
v -0.0191 0.0317636 0.00928351
v -0.021486 0.0300556 0.0116705
v -0.0191 0.0316246 0.0116705
v -0.021486 0.0301286 0.0140565
v -0.0191 0.0316136 0.0140565
v -0.021486 0.0302506 0.0164435
v -0.0191 0.0317166 0.0164435
v -0.018468 0.0321465 -0.000263485
v -0.016713 0.0330316 -0.000263485
v -0.014326 0.0342496 -0.000263485
v -0.01873 0.0321465 0.00212351
v -0.016713 0.0331806 0.00212351
v -0.014326 0.0343276 0.00212351
v -0.013753 0.0345336 -0.000263485
v -0.01386 0.0345336 0.00212351
v -0.01194 0.0353856 -0.000263485
v -0.009553 0.0363306 -0.000263485
v -0.01194 0.0353636 0.00212351
v -0.009553 0.0362965 0.00212351
v -0.018725 0.0321465 0.00451052
v -0.016713 0.0332476 0.00451052
v -0.014326 0.0344236 0.00451052
v -0.018655 0.0321465 0.00689652
v -0.016713 0.0332576 0.00689652
v -0.014326 0.0344906 0.00689652
v -0.014073 0.0345336 0.00451052
v -0.014233 0.0345336 0.00689652
v -0.01194 0.0354075 0.00451052
v -0.009553 0.0362766 0.00451052
v -0.01194 0.0354675 0.00689652
v -0.009553 0.0362536 0.00689652
v -0.007516 0.0369196 -0.000263485
v -0.007166 0.0370066 -0.000263485
v -0.00478 0.0375316 -0.000263485
v -0.00738 0.0369196 0.00212351
v -0.007166 0.0369706 0.00212351
v -0.00478 0.0374675 0.00212351
v -0.002393 0.0378616 -0.000263485
v -6.00293e-06 0.0379356 -0.000263485
v -0.002393 0.0378075 0.00212351
v -6.00293e-06 0.0379066 0.00212351
v -0.007216 0.0369196 0.00451052
v -0.007166 0.0369306 0.00451052
v -0.00478 0.0373746 0.00451052
v -0.007166 0.0369196 0.00499252
v -0.007166 0.0368766 0.00689652
v -0.006962 0.0369196 0.00689652
v -0.00478 0.0373066 0.00689652
v -0.002393 0.0376736 0.00451052
v -6.00293e-06 0.0378136 0.00451052
v -0.002393 0.0375825 0.00689652
v -6.00293e-06 0.0377426 0.00689652
v -0.018472 0.0321465 0.00928351
v -0.016713 0.0331586 0.00928351
v -0.014326 0.0343905 0.00928351
v -0.018228 0.0321465 0.0116705
v -0.016713 0.0329915 0.0116705
v -0.014326 0.0341975 0.0116705
v -0.014005 0.0345336 0.00928351
v -0.01356 0.0345336 0.0116705
v -0.01194 0.0353455 0.00928351
v -0.009553 0.0361175 0.00928351
v -0.01194 0.0351665 0.0116705
v -0.009553 0.0359405 0.0116705
v -0.018155 0.0321465 0.0140565
v -0.016713 0.0329126 0.0140565
v -0.014326 0.0341256 0.0140565
v -0.018316 0.0321465 0.0164435
v -0.016713 0.0329906 0.0164435
v -0.014326 0.0342275 0.0164435
v -0.013433 0.0345336 0.0140565
v -0.013674 0.0345336 0.0164435
v -0.01194 0.0351316 0.0140565
v -0.009553 0.0358796 0.0140565
v -0.01194 0.0352246 0.0164435
v -0.009553 0.0359116 0.0164435
v -0.007166 0.0367555 0.00928351
v -0.006402 0.0369196 0.00928351
v -0.00478 0.0372026 0.00928351
v -0.007166 0.0365806 0.0116705
v -0.005618 0.0369196 0.0116705
v -0.00478 0.0370756 0.0116705
v -0.002393 0.0374736 0.00928351
v -6.00293e-06 0.0376375 0.00928351
v -0.002393 0.0374156 0.0116705
v -6.00293e-06 0.0376176 0.0116705
v -0.007166 0.0365066 0.0140565
v -0.005443 0.0369196 0.0140565
v -0.00478 0.0370666 0.0140565
v -0.007166 0.0365106 0.0164435
v -0.005577 0.0369196 0.0164435
v -0.00478 0.0371185 0.0164435
v -0.002393 0.0375096 0.0140565
v -6.00293e-06 0.0377376 0.0140565
v -0.002393 0.0376026 0.0164435
v -6.00293e-06 0.0377906 0.0164435
v -0.038167 0.00589255 0.0188305
v -0.037772 0.00827955 0.0188305
v -0.037183 0.0106666 0.0188305
v -0.037799 0.00827955 0.0212175
v -0.03703 0.0106666 0.0212175
v -0.037782 0.00827955 0.0236035
v -0.03692 0.0106666 0.0236035
v -0.037718 0.00827955 0.0259905
v -0.036821 0.0106666 0.0259905
v -0.03637 0.0130526 0.0188305
v -0.035807 0.0143896 0.0188305
v -0.035277 0.0154396 0.0188305
v -0.036097 0.0130526 0.0212175
v -0.035807 0.0137476 0.0212175
v -0.035014 0.0154396 0.0212175
v -0.03378 0.0178266 0.0188305
v -0.03342 0.0183606 0.0188305
v -0.033665 0.0178266 0.0212175
v -0.03342 0.0182266 0.0212175
v -0.032074 0.0202126 0.0188305
v -0.032016 0.0202126 0.0212175
v -0.035918 0.0130526 0.0236035
v -0.035807 0.0133096 0.0236035
v -0.034797 0.0154396 0.0236035
v -0.035807 0.0130526 0.0256055
v -0.035807 0.0130076 0.0259905
v -0.035786 0.0130526 0.0259905
v -0.034629 0.0154396 0.0259905
v -0.033477 0.0178266 0.0236035
v -0.03342 0.0179226 0.0236035
v -0.03342 0.0178266 0.0242595
v -0.03342 0.0176546 0.0259905
v -0.031818 0.0202126 0.0236035
v -0.03332 0.0178266 0.0259905
v -0.031656 0.0202126 0.0259905
v -0.037701 0.00827955 0.0283775
v -0.036697 0.0106666 0.0283775
v -0.037657 0.00827955 0.0307635
v -0.036578 0.0106666 0.0307635
v -0.037656 0.00827955 0.0331505
v -0.036627 0.0106666 0.0331505
v -0.03771 0.00827955 0.0355375
v -0.036758 0.0106666 0.0355375
v -0.035807 0.0126676 0.0283775
v -0.035633 0.0130526 0.0283775
v -0.034499 0.0154396 0.0283775
v -0.035807 0.0124276 0.0307635
v -0.035533 0.0130526 0.0307635
v -0.034427 0.0154396 0.0307635
v -0.03342 0.0175396 0.0283775
v -0.03342 0.0174326 0.0307635
v -0.03326 0.0178266 0.0283775
v -0.031635 0.0202126 0.0283775
v -0.0332 0.0178266 0.0307635
v -0.031583 0.0202126 0.0307635
v -0.035807 0.0125366 0.0331505
v -0.035572 0.0130526 0.0331505
v -0.034398 0.0154396 0.0331505
v -0.035807 0.0127526 0.0355375
v -0.03566 0.0130526 0.0355375
v -0.034367 0.0154396 0.0355375
v -0.03342 0.0172766 0.0331505
v -0.03342 0.0170796 0.0355375
v -0.033102 0.0178266 0.0331505
v -0.031461 0.0202126 0.0331505
v -0.032971 0.0178266 0.0355375
v -0.031355 0.0202126 0.0355375
v -0.031033 0.0215406 0.0188305
v -0.030138 0.0225996 0.0188305
v -0.028646 0.0242816 0.0188305
v -0.031033 0.0214296 0.0212175
v -0.030011 0.0225996 0.0212175
v -0.028646 0.0241146 0.0212175
v -0.031033 0.0211696 0.0236035
v -0.029763 0.0225996 0.0236035
v -0.028646 0.0238336 0.0236035
v -0.031033 0.0209726 0.0259905
v -0.029597 0.0225996 0.0259905
v -0.028646 0.0236726 0.0259905
v -0.027994 0.0249866 0.0188305
v -0.027846 0.0249866 0.0212175
v -0.02626 0.0266736 0.0188305
v -0.025441 0.0273726 0.0188305
v -0.023873 0.0286296 0.0188305
v -0.02626 0.0266036 0.0212175
v -0.025421 0.0273726 0.0212175
v -0.023873 0.0286746 0.0212175
v -0.022352 0.0297596 0.0188305
v -0.022435 0.0297596 0.0212175
v -0.027603 0.0249866 0.0236035
v -0.027474 0.0249866 0.0259905
v -0.02626 0.0264036 0.0236035
v -0.025245 0.0273726 0.0236035
v -0.023873 0.0285576 0.0236035
v -0.02626 0.0262266 0.0259905
v -0.024982 0.0273726 0.0259905
v -0.023873 0.0282946 0.0259905
v -0.022305 0.0297596 0.0236035
v -0.021989 0.0297596 0.0259905
v -0.021486 0.0303496 0.0188305
v -0.0191 0.0318696 0.0188305
v -0.021486 0.0304116 0.0212175
v -0.0191 0.0319536 0.0212175
v -0.021486 0.0303296 0.0236035
v -0.0191 0.0318766 0.0236035
v -0.021486 0.0301206 0.0259905
v -0.0191 0.0317306 0.0259905
v -0.031033 0.0209576 0.0283775
v -0.029606 0.0225996 0.0283775
v -0.028646 0.0236966 0.0283775
v -0.031033 0.0209116 0.0307635
v -0.029609 0.0225996 0.0307635
v -0.028646 0.0237216 0.0307635
v -0.031033 0.0207746 0.0331505
v -0.029567 0.0225996 0.0331505
v -0.028646 0.0237096 0.0331505
v -0.031033 0.0206646 0.0355375
v -0.02958 0.0225996 0.0355375
v -0.028646 0.0237556 0.0355375
v -0.027492 0.0249866 0.0283775
v -0.027519 0.0249866 0.0307635
v -0.02626 0.0261926 0.0283775
v -0.024836 0.0273726 0.0283775
v -0.023873 0.0281146 0.0283775
v -0.02626 0.0262236 0.0307635
v -0.024853 0.0273726 0.0307635
v -0.023873 0.0280926 0.0307635
v -0.021697 0.0297596 0.0283775
v -0.021561 0.0297596 0.0307635
v -0.027516 0.0249866 0.0331505
v -0.027534 0.0249866 0.0355375
v -0.02626 0.0262246 0.0331505
v -0.024869 0.0273726 0.0331505
v -0.023873 0.0281016 0.0331505
v -0.02626 0.0261916 0.0355375
v -0.024783 0.0273726 0.0355375
v -0.023873 0.0280356 0.0355375
v -0.021504 0.0297596 0.0331505
v -0.021486 0.0297596 0.0338275
v -0.021486 0.0297406 0.0355375
v -0.021458 0.0297596 0.0355375
v -0.021486 0.0299126 0.0283775
v -0.0191 0.0315976 0.0283775
v -0.021486 0.0298126 0.0307635
v -0.0191 0.0315006 0.0307635
v -0.021486 0.0297716 0.0331505
v -0.0191 0.0313966 0.0331505
v -0.0191 0.0313576 0.0355375
v -0.018618 0.0321465 0.0188305
v -0.016713 0.0331976 0.0188305
v -0.014326 0.0344135 0.0188305
v -0.018771 0.0321465 0.0212175
v -0.016713 0.0332866 0.0212175
v -0.014326 0.0344236 0.0212175
v -0.014062 0.0345336 0.0188305
v -0.014059 0.0345336 0.0212175
v -0.01194 0.0353365 0.0188305
v -0.009553 0.0359405 0.0188305
v -0.01194 0.0352765 0.0212175
v -0.009553 0.0358866 0.0212175
v -0.018631 0.0321465 0.0236035
v -0.016713 0.0331556 0.0236035
v -0.014326 0.0342156 0.0236035
v -0.018396 0.0321465 0.0259905
v -0.016713 0.0330285 0.0259905
v -0.014326 0.0340525 0.0259905
v -0.013481 0.0345336 0.0236035
v -0.012985 0.0345336 0.0259905
v -0.01194 0.0350546 0.0236035
v -0.009553 0.0357486 0.0236035
v -0.01194 0.0348806 0.0259905
v -0.009553 0.0356206 0.0259905
v -0.007166 0.0364936 0.0188305
v -0.005462 0.0369196 0.0188305
v -0.00478 0.0370856 0.0188305
v -0.007166 0.0364446 0.0212175
v -0.005023 0.0369196 0.0212175
v -0.00478 0.0369686 0.0212175
v -0.002393 0.0375396 0.0188305
v -6.00293e-06 0.0377176 0.0188305
v -0.002393 0.0373665 0.0212175
v -6.00293e-06 0.0376186 0.0212175
v -0.007166 0.0363626 0.0236035
v -0.00478 0.0369196 0.0221735
v -0.00478 0.0368596 0.0236035
v -0.007166 0.0362796 0.0259905
v -0.00478 0.0367796 0.0259905
v -0.00442 0.0369196 0.0236035
v -0.002393 0.0372186 0.0236035
v -6.00293e-06 0.0375076 0.0236035
v -0.003893 0.0369196 0.0259905
v -0.002393 0.0371255 0.0259905
v -6.00293e-06 0.0373996 0.0259905
v -0.018236 0.0321465 0.0283775
v -0.016713 0.0329996 0.0283775
v -0.014326 0.0340836 0.0283775
v -0.018121 0.0321465 0.0307635
v -0.016713 0.0329876 0.0307635
v -0.014326 0.0341646 0.0307635
v -0.013088 0.0345336 0.0283775
v -0.013371 0.0345336 0.0307635
v -0.01194 0.0349045 0.0283775
v -0.009553 0.0356126 0.0283775
v -0.01194 0.0350076 0.0307635
v -0.009553 0.0356846 0.0307635
v -0.017949 0.0321465 0.0331505
v -0.016713 0.0329045 0.0331505
v -0.014326 0.0341526 0.0331505
v -0.017868 0.0321465 0.0355375
v -0.016713 0.0328495 0.0355375
v -0.014326 0.0341096 0.0355375
v -0.013388 0.0345336 0.0331505
v -0.013305 0.0345336 0.0355375
v -0.01194 0.0350366 0.0331505
v -0.009553 0.0357276 0.0331505
v -0.01194 0.0350236 0.0355375
v -0.009553 0.0357296 0.0355375
v -0.007166 0.0362575 0.0283775
v -0.00478 0.0367625 0.0283775
v -0.007166 0.0363026 0.0307635
v -0.00478 0.0368436 0.0307635
v -0.003807 0.0369196 0.0283775
v -0.002393 0.0371176 0.0283775
v -6.00293e-06 0.0373825 0.0283775
v -0.004374 0.0369196 0.0307635
v -0.002393 0.0372236 0.0307635
v -6.00293e-06 0.0374506 0.0307635
v -0.007166 0.0363145 0.0331505
v -0.00478 0.0368596 0.0331505
v -0.007166 0.0362595 0.0355375
v -0.00478 0.0367395 0.0355375
v -0.004495 0.0369196 0.0331505
v -0.002393 0.0372815 0.0331505
v -6.00293e-06 0.0375026 0.0331505
v -0.003873 0.0369196 0.0355375
v -0.002393 0.0371906 0.0355375
v -6.00293e-06 0.0374896 0.0355375
v -0.038947 0.00350655 0.0379235
v -0.038452 0.00589255 0.0379235
v -0.038857 0.00350655 0.0403105
v -0.038429 0.00589255 0.0403105
v -0.038193 0.00683655 0.0379235
v -0.038193 0.00690655 0.0403105
v -0.038869 0.00350655 0.0426975
v -0.038477 0.00589255 0.0426975
v -0.038915 0.00350655 0.0450845
v -0.038485 0.00589255 0.0450845
v -0.038193 0.00708755 0.0426975
v -0.038193 0.00703955 0.0450845
v -0.03883 0.00350655 0.0474705
v -0.038361 0.00589255 0.0474705
v -0.038637 0.00350655 0.0498575
v -0.038193 0.00589255 0.0495375
v -0.038193 0.00577455 0.0498575
v -0.038193 0.00657855 0.0474705
v -0.038466 0.00350655 0.0522445
v -0.038193 0.00483555 0.0522445
v -0.03829 0.00350655 0.0546305
v -0.038193 0.00396355 0.0546305
v -0.038193 0.00277155 0.0570175
v -0.038193 0.00350655 0.0557855
v -0.037746 0.00827955 0.0379235
v -0.036821 0.0106666 0.0379235
v -0.037788 0.00827955 0.0403105
v -0.036828 0.0106666 0.0403105
v -0.037818 0.00827955 0.0426975
v -0.036828 0.0106666 0.0426975
v -0.037801 0.00827955 0.0450845
v -0.036852 0.0106666 0.0450845
v -0.035807 0.0128516 0.0379235
v -0.035706 0.0130526 0.0379235
v -0.034377 0.0154396 0.0379235
v -0.035807 0.0128666 0.0403105
v -0.035718 0.0130526 0.0403105
v -0.034457 0.0154396 0.0403105
v -0.03342 0.0170416 0.0379235
v -0.03342 0.0172256 0.0403105
v -0.032938 0.0178266 0.0379235
v -0.031356 0.0202126 0.0379235
v -0.033054 0.0178266 0.0403105
v -0.031469 0.0202126 0.0403105
v -0.035807 0.0129156 0.0426975
v -0.035745 0.0130526 0.0426975
v -0.034561 0.0154396 0.0426975
v -0.035807 0.0130336 0.0450845
v -0.035798 0.0130526 0.0450845
v -0.034646 0.0154396 0.0450845
v -0.03342 0.0174496 0.0426975
v -0.03342 0.0175836 0.0450845
v -0.03319 0.0178266 0.0426975
v -0.031565 0.0202126 0.0426975
v -0.033267 0.0178266 0.0450845
v -0.031562 0.0202126 0.0450845
v -0.038167 0.00589255 0.0498575
v -0.037696 0.00827955 0.0474705
v -0.036794 0.0106666 0.0474705
v -0.037518 0.00827955 0.0498575
v -0.036627 0.0106666 0.0498575
v -0.037945 0.00589255 0.0522445
v -0.037716 0.00589255 0.0546305
v -0.037253 0.00827955 0.0522445
v -0.036395 0.0106666 0.0522445
v -0.036997 0.00827955 0.0546305
v -0.036177 0.0106666 0.0546305
v -0.035807 0.0130116 0.0474705
v -0.035789 0.0130526 0.0474705
v -0.034674 0.0154396 0.0474705
v -0.035807 0.0127366 0.0498575
v -0.035683 0.0130526 0.0498575
v -0.034604 0.0154396 0.0498575
v -0.03342 0.0176026 0.0474705
v -0.03342 0.0174636 0.0498575
v -0.033275 0.0178266 0.0474705
v -0.03151 0.0202126 0.0474705
v -0.033181 0.0178266 0.0498575
v -0.031457 0.0202126 0.0498575
v -0.035807 0.0122506 0.0522445
v -0.035502 0.0130526 0.0522445
v -0.034413 0.0154396 0.0522445
v -0.035807 0.0117046 0.0546305
v -0.035286 0.0130526 0.0546305
v -0.034166 0.0154396 0.0546305
v -0.03342 0.0171436 0.0522445
v -0.03342 0.0167876 0.0546305
v -0.032975 0.0178266 0.0522445
v -0.03135 0.0202126 0.0522445
v -0.032785 0.0178266 0.0546305
v -0.031252 0.0202126 0.0546305
v -0.031033 0.0206926 0.0379235
v -0.029676 0.0225996 0.0379235
v -0.028646 0.0238936 0.0379235
v -0.031033 0.0208486 0.0403105
v -0.029747 0.0225996 0.0403105
v -0.028646 0.0239476 0.0403105
v -0.031033 0.0209366 0.0426975
v -0.029705 0.0225996 0.0426975
v -0.028646 0.0238246 0.0426975
v -0.031033 0.0208896 0.0450845
v -0.029608 0.0225996 0.0450845
v -0.028646 0.0236926 0.0450845
v -0.02764 0.0249866 0.0379235
v -0.027695 0.0249866 0.0403105
v -0.02626 0.0262406 0.0379235
v -0.024776 0.0273726 0.0379235
v -0.023873 0.0280106 0.0379235
v -0.02626 0.0263156 0.0403105
v -0.024871 0.0273726 0.0403105
v -0.023873 0.0280476 0.0403105
v -0.021486 0.0297166 0.0379235
v -0.021424 0.0297596 0.0379235
v -0.021486 0.0296566 0.0403105
v -0.021336 0.0297596 0.0403105
v -0.027564 0.0249866 0.0426975
v -0.027416 0.0249866 0.0450845
v -0.02626 0.0262326 0.0426975
v -0.024834 0.0273726 0.0426975
v -0.023873 0.0280306 0.0426975
v -0.02626 0.0260966 0.0450845
v -0.024742 0.0273726 0.0450845
v -0.023873 0.0280116 0.0450845
v -0.021486 0.0296416 0.0426975
v -0.021318 0.0297596 0.0426975
v -0.021486 0.0296976 0.0450845
v -0.021398 0.0297596 0.0450845
v -0.0191 0.0313896 0.0379235
v -0.0191 0.0313556 0.0403105
v -0.0191 0.0313766 0.0426975
v -0.0191 0.0314575 0.0450845
v -0.031033 0.0208036 0.0474705
v -0.029509 0.0225996 0.0474705
v -0.028646 0.0235866 0.0474705
v -0.031033 0.0207616 0.0498575
v -0.029496 0.0225996 0.0498575
v -0.028646 0.0235646 0.0498575
v -0.031033 0.0206696 0.0522445
v -0.029538 0.0225996 0.0522445
v -0.028646 0.0236356 0.0522445
v -0.031033 0.0205506 0.0546305
v -0.029557 0.0225996 0.0546305
v -0.028646 0.0237076 0.0546305
v -0.02733 0.0249866 0.0474705
v -0.027338 0.0249866 0.0498575
v -0.02626 0.0260356 0.0474705
v -0.024752 0.0273726 0.0474705
v -0.023873 0.0280676 0.0474705
v -0.02626 0.0261026 0.0498575
v -0.024917 0.0273726 0.0498575
v -0.023873 0.0282386 0.0498575
v -0.021486 0.0297546 0.0474705
v -0.021479 0.0297596 0.0474705
v -0.021486 0.0297596 0.0476345
v -0.021679 0.0297596 0.0498575
v -0.027428 0.0249866 0.0522445
v -0.027499 0.0249866 0.0546305
v -0.02626 0.0262336 0.0522445
v -0.025098 0.0273726 0.0522445
v -0.023873 0.0284166 0.0522445
v -0.02626 0.0262726 0.0546305
v -0.025118 0.0273726 0.0546305
v -0.023873 0.0284556 0.0546305
v -0.021917 0.0297596 0.0522445
v -0.022039 0.0297596 0.0546305
v -0.0191 0.0314575 0.0474705
v -0.021486 0.0298786 0.0498575
v -0.0191 0.0314596 0.0498575
v -0.021486 0.0300136 0.0522445
v -0.0191 0.0314436 0.0522445
v -0.021486 0.0300866 0.0546305
v -0.0191 0.0314246 0.0546305
v -0.017943 0.0321465 0.0379235
v -0.016713 0.0328815 0.0379235
v -0.014326 0.0340895 0.0379235
v -0.017931 0.0321465 0.0403105
v -0.016713 0.0328806 0.0403105
v -0.014326 0.0340805 0.0403105
v -0.013234 0.0345336 0.0379235
v -0.013163 0.0345336 0.0403105
v -0.01194 0.0349906 0.0379235
v -0.009553 0.0356546 0.0379235
v -0.01194 0.0349246 0.0403105
v -0.009553 0.0354986 0.0403105
v -0.017965 0.0321465 0.0426975
v -0.016713 0.0328966 0.0426975
v -0.014326 0.0340735 0.0426975
v -0.018104 0.0321465 0.0450845
v -0.016713 0.0329866 0.0450845
v -0.014326 0.0341276 0.0450845
v -0.013069 0.0345336 0.0426975
v -0.013188 0.0345336 0.0450845
v -0.01194 0.0348596 0.0426975
v -0.009553 0.0354026 0.0426975
v -0.01194 0.0348986 0.0450845
v -0.009553 0.0354826 0.0450845
v -0.007166 0.0361476 0.0379235
v -0.00478 0.0366135 0.0379235
v -0.007166 0.0360136 0.0403105
v -0.00478 0.0365535 0.0403105
v -0.003172 0.0369196 0.0379235
v -0.002393 0.0370596 0.0379235
v -6.00293e-06 0.0373956 0.0379235
v -0.002675 0.0369196 0.0403105
v -0.002393 0.0369575 0.0403105
v -6.00293e-06 0.0371956 0.0403105
v -0.007166 0.0359686 0.0426975
v -0.00478 0.0365416 0.0426975
v -0.007166 0.0360606 0.0450845
v -0.00478 0.0365706 0.0450845
v -0.002393 0.0369196 0.0413395
v -0.002393 0.0368716 0.0426975
v -0.001578 0.0369196 0.0426975
v -6.00293e-06 0.0369766 0.0426975
v -0.002393 0.0368216 0.0450845
v -6.00293e-06 0.0369196 0.0435155
v -6.00293e-06 0.0368565 0.0450845
v -0.018134 0.0321465 0.0474705
v -0.016713 0.0330566 0.0474705
v -0.014326 0.0342416 0.0474705
v -0.01809 0.0321465 0.0498575
v -0.016713 0.0330226 0.0498575
v -0.014326 0.0342525 0.0498575
v -0.013546 0.0345336 0.0474705
v -0.013625 0.0345336 0.0498575
v -0.01194 0.0350446 0.0474705
v -0.009553 0.0356806 0.0474705
v -0.01194 0.0351226 0.0498575
v -0.009553 0.0358436 0.0498575
v -0.017946 0.0321465 0.0522445
v -0.016713 0.0328806 0.0522445
v -0.014326 0.0341416 0.0522445
v -0.01781 0.0321465 0.0546305
v -0.016713 0.0327656 0.0546305
v -0.014326 0.0340336 0.0546305
v -0.013414 0.0345336 0.0522445
v -0.013208 0.0345336 0.0546305
v -0.01194 0.0350905 0.0522445
v -0.009553 0.0358766 0.0522445
v -0.01194 0.0350306 0.0546305
v -0.009553 0.0358216 0.0546305
v -0.007166 0.0362496 0.0474705
v -0.00478 0.0366666 0.0474705
v -0.007166 0.0364216 0.0498575
v -0.00478 0.0367625 0.0498575
v -0.002393 0.0368315 0.0474705
v -6.00293e-06 0.0368236 0.0474705
v -0.002393 0.0368766 0.0498575
v -6.00293e-06 0.0368466 0.0498575
v -0.007166 0.0364665 0.0522445
v -0.00478 0.0368056 0.0522445
v -0.007166 0.0364356 0.0546305
v -0.00478 0.0368545 0.0546305
v -0.003273 0.0369196 0.0522445
v -0.002393 0.0369196 0.0513085
v -6.00293e-06 0.0369196 0.0521545
v -0.002393 0.0369536 0.0522445
v -6.00293e-06 0.0369235 0.0522445
v -0.004263 0.0369196 0.0546305
v -0.002393 0.0370616 0.0546305
v -6.00293e-06 0.0370116 0.0546305
v -0.038091 0.00350655 0.0570175
v -0.037594 0.00589255 0.0570175
v -0.037886 0.00350655 0.0594045
v -0.037459 0.00589255 0.0594045
v -0.036916 0.00827955 0.0570175
v -0.036085 0.0106666 0.0570175
v -0.036885 0.00827955 0.0594045
v -0.036104 0.0106666 0.0594045
v -0.037631 0.00350655 0.0617905
v -0.037188 0.00589255 0.0617905
v -0.037376 0.00350655 0.0641775
v -0.036908 0.00589255 0.0641775
v -0.036728 0.00827955 0.0617905
v -0.03612 0.0106666 0.0617905
v -0.036486 0.00827955 0.0641775
v -0.036007 0.0106666 0.0641775
v -0.035807 0.0114066 0.0570175
v -0.035137 0.0130526 0.0570175
v -0.034018 0.0154396 0.0570175
v -0.035807 0.0114526 0.0594045
v -0.035151 0.0130526 0.0594045
v -0.034062 0.0154396 0.0594045
v -0.03342 0.0166186 0.0570175
v -0.03342 0.0168076 0.0594045
v -0.032765 0.0178266 0.0570175
v -0.031351 0.0202126 0.0570175
v -0.032924 0.0178266 0.0594045
v -0.031592 0.0202126 0.0594045
v -0.035807 0.0116386 0.0617905
v -0.035272 0.0130526 0.0617905
v -0.03421 0.0154396 0.0617905
v -0.035807 0.0114616 0.0641775
v -0.035295 0.0130526 0.0641775
v -0.034263 0.0154396 0.0641775
v -0.03342 0.0171496 0.0617905
v -0.03342 0.0171866 0.0641775
v -0.033096 0.0178266 0.0617905
v -0.031759 0.0202126 0.0617905
v -0.033097 0.0178266 0.0641775
v -0.031723 0.0202126 0.0641775
v -0.037148 0.00350655 0.0665645
v -0.036673 0.00589255 0.0665645
v -0.036796 0.00350655 0.0689515
v -0.036341 0.00589255 0.0689515
v -0.036197 0.00827955 0.0665645
v -0.035807 0.0106666 0.0659615
v -0.035807 0.0102326 0.0665645
v -0.035713 0.0106666 0.0665645
v -0.035807 0.00827955 0.0688575
v -0.035807 0.00819155 0.0689515
v -0.035786 0.00827955 0.0689515
v -0.035161 0.0106666 0.0689515
v -0.036 0.00350655 0.0713375
v -0.035807 0.00474355 0.0713375
v -0.035807 0.00589255 0.0707975
v -0.035558 0.00589255 0.0713375
v -0.035807 0.00350655 0.0717065
v -0.034181 0.00350655 0.0737245
v -0.0335 0.00589255 0.0737245
v -0.034843 0.00827955 0.0713375
v -0.033997 0.0106666 0.0713375
v -0.03342 0.00612855 0.0737245
v -0.03342 0.00827955 0.0730245
v -0.03342 0.0106666 0.0720935
v -0.032563 0.00827955 0.0737245
v -0.031727 0.0106666 0.0737245
v -0.035027 0.0130526 0.0665645
v -0.034034 0.0154396 0.0665645
v -0.034363 0.0130526 0.0689515
v -0.033422 0.0154396 0.0689515
v -0.03342 0.0167306 0.0665645
v -0.03342 0.0154446 0.0689515
v -0.032865 0.0178266 0.0665645
v -0.031479 0.0202126 0.0665645
v -0.032356 0.0178266 0.0689515
v -0.031048 0.0202126 0.0689515
v -0.03342 0.0124006 0.0713375
v -0.03342 0.0130526 0.0709855
v -0.03342 0.0154396 0.0689575
v -0.033207 0.0130526 0.0713375
v -0.032368 0.0154396 0.0713375
v -0.031232 0.0130526 0.0737245
v -0.031033 0.0140586 0.0737245
v -0.031033 0.0154396 0.0733125
v -0.030682 0.0154396 0.0737245
v -0.031455 0.0178266 0.0713375
v -0.031033 0.0188156 0.0713375
v -0.031033 0.0202126 0.0690145
v -0.03029 0.0202126 0.0713375
v -0.031033 0.0178266 0.0721435
v -0.029931 0.0178266 0.0737245
v -0.028832 0.0202126 0.0737245
v -0.031033 0.0207166 0.0570175
v -0.029681 0.0225996 0.0570175
v -0.028646 0.0238546 0.0570175
v -0.031033 0.0210776 0.0594045
v -0.029892 0.0225996 0.0594045
v -0.028646 0.0240626 0.0594045
v -0.031033 0.0212976 0.0617905
v -0.030021 0.0225996 0.0617905
v -0.028646 0.0241636 0.0617905
v -0.031033 0.0212326 0.0641775
v -0.029942 0.0225996 0.0641775
v -0.028646 0.0240296 0.0641775
v -0.027624 0.0249866 0.0570175
v -0.027803 0.0249866 0.0594045
v -0.02626 0.0263856 0.0570175
v -0.025224 0.0273726 0.0570175
v -0.023873 0.0285506 0.0570175
v -0.02626 0.0265806 0.0594045
v -0.025426 0.0273726 0.0594045
v -0.023873 0.0286806 0.0594045
v -0.022229 0.0297596 0.0570175
v -0.022361 0.0297596 0.0594045
v -0.027875 0.0249866 0.0617905
v -0.027736 0.0249866 0.0641775
v -0.02626 0.0266246 0.0617905
v -0.025452 0.0273726 0.0617905
v -0.023873 0.0286306 0.0617905
v -0.02626 0.0264686 0.0641775
v -0.025252 0.0273726 0.0641775
v -0.023873 0.0284346 0.0641775
v -0.022188 0.0297596 0.0617905
v -0.021865 0.0297596 0.0641775
v -0.021486 0.0302146 0.0570175
v -0.0191 0.0315256 0.0570175
v -0.021486 0.0302996 0.0594045
v -0.0191 0.0316025 0.0594045
v -0.021486 0.0301846 0.0617905
v -0.0191 0.0315386 0.0617905
v -0.021486 0.0299906 0.0641775
v -0.0191 0.0314046 0.0641775
v -0.031033 0.0208746 0.0665645
v -0.029656 0.0225996 0.0665645
v -0.028646 0.0237086 0.0665645
v -0.031033 0.0202356 0.0689515
v -0.029202 0.0225996 0.0689515
v -0.028646 0.0232116 0.0689515
v -0.028646 0.0225996 0.0707705
v -0.028646 0.0223506 0.0713375
v -0.028646 0.0205186 0.0737245
v -0.027438 0.0249866 0.0665645
v -0.026957 0.0249866 0.0689515
v -0.02626 0.0261606 0.0665645
v -0.024877 0.0273726 0.0665645
v -0.023873 0.0281466 0.0665645
v -0.02626 0.0256836 0.0689515
v -0.024346 0.0273726 0.0689515
v -0.023873 0.0277426 0.0689515
v -0.021501 0.0297596 0.0665645
v -0.021486 0.0293926 0.0689515
v -0.021486 0.0297596 0.0666425
v -0.020878 0.0297596 0.0689515
v -0.028415 0.0225996 0.0713375
v -0.02626 0.0249866 0.0710405
v -0.02626 0.0248526 0.0713375
v -0.026132 0.0249866 0.0713375
v -0.026921 0.0225996 0.0737245
v -0.02626 0.0232596 0.0737245
v -0.024431 0.0249866 0.0737245
v -0.023873 0.0270476 0.0713375
v -0.023873 0.0273726 0.0704145
v -0.023873 0.0254396 0.0737245
v -0.023432 0.0273726 0.0713375
v -0.021486 0.0286246 0.0713375
v -0.019486 0.0297596 0.0713375
v -0.021486 0.0273726 0.0733015
v -0.021486 0.0269646 0.0737245
v -0.020702 0.0273726 0.0737245
v -0.0191 0.0281466 0.0737245
v -0.0191 0.0297596 0.0717405
v -0.021486 0.0297686 0.0665645
v -0.0191 0.0311976 0.0665645
v -0.0191 0.0308106 0.0689515
v -0.0191 0.0299776 0.0713375
v -0.017899 0.0321465 0.0570175
v -0.016713 0.0327596 0.0570175
v -0.014326 0.0339585 0.0570175
v -0.017984 0.0321465 0.0594045
v -0.016713 0.0327526 0.0594045
v -0.014326 0.0338996 0.0594045
v -0.013037 0.0345336 0.0570175
v -0.012925 0.0345336 0.0594045
v -0.01194 0.0349706 0.0570175
v -0.009553 0.0357896 0.0570175
v -0.01194 0.0349446 0.0594045
v -0.009553 0.0358506 0.0594045
v -0.017899 0.0321465 0.0617905
v -0.016713 0.0327146 0.0617905
v -0.014326 0.0338516 0.0617905
v -0.017718 0.0321465 0.0641775
v -0.016713 0.0326475 0.0641775
v -0.014326 0.0338025 0.0641775
v -0.012849 0.0345336 0.0617905
v -0.012747 0.0345336 0.0641775
v -0.01194 0.0349376 0.0617905
v -0.009553 0.0359286 0.0617905
v -0.01194 0.0348946 0.0641775
v -0.009553 0.0359096 0.0641775
v -0.007166 0.0364525 0.0570175
v -0.00478 0.0369196 0.0570175
v -0.007166 0.0365465 0.0594045
v -0.005156 0.0369196 0.0594045
v -0.00478 0.0369196 0.0570445
v -0.00478 0.0369736 0.0594045
v -0.004776 0.0369196 0.0570175
v -0.002393 0.0371505 0.0570175
v -6.00293e-06 0.0371056 0.0570175
v -0.002393 0.0371996 0.0594045
v -6.00293e-06 0.0372105 0.0594045
v -0.007166 0.0366596 0.0617905
v -0.005818 0.0369196 0.0617905
v -0.00478 0.0370725 0.0617905
v -0.007166 0.0367196 0.0641775
v -0.006332 0.0369196 0.0641775
v -0.00478 0.0372086 0.0641775
v -0.002393 0.0373156 0.0617905
v -6.00293e-06 0.0373686 0.0617905
v -0.002393 0.0375056 0.0641775
v -6.00293e-06 0.0375786 0.0641775
v -0.016713 0.0297596 0.0733975
v -0.016713 0.0293516 0.0737245
v -0.015957 0.0297596 0.0737245
v -0.017377 0.0321465 0.0665645
v -0.016713 0.0324935 0.0665645
v -0.014326 0.0336846 0.0665645
v -0.016797 0.0321465 0.0689515
v -0.016713 0.0321925 0.0689515
v -0.014326 0.0333475 0.0689515
v -0.012445 0.0345336 0.0665645
v -0.01194 0.0345336 0.0681305
v -0.01194 0.0343625 0.0689515
v -0.011537 0.0345336 0.0689515
v -0.01194 0.0347485 0.0665645
v -0.009553 0.0357696 0.0665645
v -0.009553 0.0354026 0.0689515
v -0.016713 0.0314056 0.0713375
v -0.016713 0.0321465 0.0691915
v -0.01521 0.0321465 0.0713375
v -0.014326 0.0324966 0.0713375
v -0.014326 0.0305376 0.0737245
v -0.014326 0.0321465 0.0719385
v -0.01194 0.0334736 0.0713375
v -0.009574 0.0345336 0.0713375
v -0.01194 0.0321465 0.0731575
v -0.01194 0.0315116 0.0737245
v -0.010489 0.0321465 0.0737245
v -0.009553 0.0325306 0.0737245
v -0.009553 0.0345336 0.0713555
v -0.009553 0.0345426 0.0713375
v -0.007166 0.0366676 0.0665645
v -0.006224 0.0369196 0.0665645
v -0.00478 0.0372035 0.0665645
v -0.007166 0.0363106 0.0689515
v -0.00478 0.0369196 0.0685085
v -0.00478 0.0368036 0.0689515
v -0.002393 0.0375036 0.0665645
v -6.00293e-06 0.0375825 0.0665645
v -0.003808 0.0369196 0.0689515
v -0.002393 0.0370536 0.0689515
v -6.00293e-06 0.0371296 0.0689515
v -0.007166 0.0345336 0.0724065
v -0.007166 0.0330936 0.0737245
v -0.00478 0.0345336 0.0726385
v -0.00478 0.0331266 0.0737245
v -0.002393 0.0345336 0.0728075
v -0.002393 0.0331676 0.0737245
v -6.00293e-06 0.0345336 0.0728605
v -6.00293e-06 0.0331736 0.0737245
v -0.007166 0.0352916 0.0713375
v -0.00478 0.0356416 0.0713375
v -0.002393 0.0359015 0.0713375
v -0.002393 0.0369196 0.0693555
v -6.00293e-06 0.0369196 0.0695735
v -6.00293e-06 0.0360045 0.0713375
v -0.03342 0.00350655 0.0743055
v -0.03342 0.00589255 0.0737845
v -0.031033 0.00350655 0.0752945
v -0.028646 0.00350655 0.0757065
v -0.031033 0.00589255 0.0750215
v -0.028646 0.00589255 0.0755405
v -0.031033 0.00827955 0.0746375
v -0.028646 0.00827955 0.0753675
v -0.031033 0.0106666 0.0742305
v -0.028646 0.0106666 0.0752975
v -0.02626 0.00350655 0.0758915
v -0.023873 0.00350655 0.0759545
v -0.02626 0.00589255 0.0757555
v -0.023873 0.00589255 0.0759255
v -0.021486 0.00350655 0.0760105
v -0.0191 0.00350655 0.0759595
v -0.021486 0.00589255 0.0760915
v -0.0191 0.00589255 0.0760605
v -0.02626 0.00827955 0.0757065
v -0.023873 0.00827955 0.0759565
v -0.02626 0.0106666 0.0757855
v -0.023873 0.0106666 0.0760525
v -0.021486 0.00638555 0.0761115
v -0.02221 0.00827955 0.0761115
v -0.0191 0.00684155 0.0761115
v -0.023118 0.0106666 0.0761115
v -0.021486 0.00827955 0.0761625
v -0.0191 0.00827955 0.0761465
v -0.021486 0.0106666 0.0761905
v -0.0191 0.0106666 0.0761275
v -0.031033 0.0130526 0.0739125
v -0.028646 0.0130526 0.0753445
v -0.028646 0.0154396 0.0752325
v -0.028646 0.0178266 0.0748515
v -0.028646 0.0202126 0.0739385
v -0.02626 0.0130526 0.0759315
v -0.023873 0.0117896 0.0761115
v -0.024789 0.0130526 0.0761115
v -0.02626 0.0154396 0.0759305
v -0.024983 0.0154396 0.0761115
v -0.023873 0.0130526 0.0761745
v -0.023873 0.0154396 0.0762005
v -0.021486 0.0130526 0.0762225
v -0.0191 0.0130526 0.0761135
v -0.021486 0.0154396 0.0762405
v -0.0191 0.0154396 0.0761345
v -0.02626 0.0178266 0.0757735
v -0.023873 0.0173596 0.0761115
v -0.023873 0.0178266 0.0760775
v -0.02626 0.0202126 0.0754385
v -0.023873 0.0202126 0.0758115
v -0.023297 0.0178266 0.0761115
v -0.0191 0.0177426 0.0761115
v -0.0191 0.0178266 0.0761095
v -0.019144 0.0178266 0.0761115
v -0.021486 0.0184946 0.0761115
v -0.021486 0.0202126 0.0759335
v -0.0191 0.0202126 0.0760095
v -0.021486 0.0178266 0.0761595
v -0.016713 0.00350655 0.0757415
v -0.014326 0.00350655 0.0755125
v -0.016713 0.00589255 0.0757975
v -0.014326 0.00589255 0.0755055
v -0.01194 0.00350655 0.0752395
v -0.009553 0.00350655 0.0748085
v -0.01194 0.00589255 0.0752075
v -0.009553 0.00589255 0.0748495
v -0.016713 0.00827955 0.0758725
v -0.018665 0.00827955 0.0761115
v -0.014326 0.00827955 0.0755535
v -0.016713 0.0106666 0.0758725
v -0.018901 0.0106666 0.0761115
v -0.014326 0.0106666 0.0756295
v -0.01194 0.00827955 0.0752605
v -0.009553 0.00827955 0.0749785
v -0.01194 0.0106666 0.0754515
v -0.009553 0.0106666 0.0752695
v -0.007166 0.00350655 0.0743485
v -0.00478 0.00350655 0.0740655
v -0.007166 0.00589255 0.0744955
v -0.00478 0.00589255 0.0741845
v -0.002393 0.00350655 0.0739925
v -6.00293e-06 0.00350655 0.0740215
v -0.002393 0.00589255 0.0740365
v -6.00293e-06 0.00589255 0.0740515
v -0.007166 0.00827955 0.0747515
v -0.00478 0.00827955 0.0745125
v -0.007166 0.0106666 0.0751445
v -0.00478 0.0106666 0.0750085
v -0.002393 0.00827955 0.0743205
v -6.00293e-06 0.00827955 0.0742485
v -0.002393 0.0106666 0.0747805
v -6.00293e-06 0.0106666 0.0745795
v -0.016713 0.0130526 0.0759325
v -0.019071 0.0130526 0.0761115
v -0.014326 0.0130526 0.0758465
v -0.016713 0.0154396 0.0760365
v -0.018734 0.0154396 0.0761115
v -0.014326 0.0154396 0.0760905
v -0.01194 0.0130526 0.0758075
v -0.009553 0.0130526 0.0756885
v -0.01194 0.0150776 0.0761115
v -0.013932 0.0154396 0.0761115
v -0.009553 0.0154396 0.0760995
v -0.009839 0.0154396 0.0761115
v -0.01194 0.0154396 0.0761555
v -0.016713 0.0178266 0.0760625
v -0.014326 0.0157406 0.0761115
v -0.015036 0.0178266 0.0761115
v -0.016713 0.0202126 0.0760215
v -0.014326 0.0190216 0.0761115
v -0.014326 0.0202126 0.0760465
v -0.014326 0.0178266 0.0761525
v -0.009553 0.0155226 0.0761115
v -0.01194 0.0201086 0.0761115
v -0.01194 0.0202126 0.0761005
v -0.011478 0.0202126 0.0761115
v -0.01194 0.0178266 0.0762545
v -0.009553 0.0178266 0.0762835
v -0.009553 0.0202126 0.0761665
v -0.007166 0.0130526 0.0755815
v -0.00478 0.0130526 0.0754585
v -0.007166 0.0154396 0.0759945
v -0.00478 0.0154396 0.0758325
v -0.002393 0.0130526 0.0752025
v -6.00293e-06 0.0130526 0.0749465
v -0.002393 0.0154396 0.0755955
v -6.00293e-06 0.0154396 0.0753675
v -0.007166 0.0162366 0.0761115
v -0.00478 0.0175536 0.0761115
v -0.007166 0.0178266 0.0762575
v -0.00478 0.0178266 0.0761405
v -0.007166 0.0202126 0.0762355
v -0.00478 0.0202126 0.0762535
v -0.002393 0.0178266 0.0759935
v -0.004339 0.0178266 0.0761115
v -6.00293e-06 0.0178266 0.0758445
v -0.002393 0.0186736 0.0761115
v -6.00293e-06 0.0193786 0.0761115
v -0.002393 0.0202126 0.0762445
v -6.00293e-06 0.0202126 0.0762145
v -0.02626 0.0225996 0.0743415
v -0.023873 0.0225996 0.0752965
v -0.023873 0.0249866 0.0741095
v -0.021486 0.0225996 0.0755825
v -0.0191 0.0225996 0.0757985
v -0.021486 0.0249866 0.0749515
v -0.0191 0.0249866 0.0753595
v -0.0191 0.0273726 0.0743315
v -0.016713 0.0225996 0.0758885
v -0.014326 0.0225996 0.0758805
v -0.016713 0.0249866 0.0755375
v -0.014326 0.0249866 0.0755825
v -0.01194 0.0225996 0.0758855
v -0.009553 0.0207516 0.0761115
v -0.009553 0.0225996 0.0759075
v -0.01194 0.0249866 0.0756285
v -0.009553 0.0249866 0.0756495
v -0.016713 0.0273726 0.0748455
v -0.014326 0.0273726 0.0751155
v -0.014326 0.0297596 0.0742385
v -0.01194 0.0273726 0.0752945
v -0.009553 0.0273726 0.0754005
v -0.01194 0.0297596 0.0747105
v -0.009553 0.0297596 0.0749955
v -0.007166 0.0225996 0.0760035
v -0.007166 0.0216286 0.0761115
v -0.005424 0.0225996 0.0761115
v -0.007166 0.0249866 0.0757515
v -0.00478 0.0230886 0.0761115
v -0.00478 0.0249866 0.0759535
v -0.00478 0.0225996 0.0761475
v -0.002458 0.0249866 0.0761115
v -0.002393 0.0225996 0.0762595
v -6.00293e-06 0.0225996 0.0763185
v -0.002393 0.0249866 0.0761145
v -6.00293e-06 0.0249866 0.0761785
v -0.007166 0.0273726 0.0755235
v -0.00478 0.0273726 0.0756945
v -0.007166 0.0297596 0.0751265
v -0.00478 0.0297596 0.0751835
v -0.002393 0.0273726 0.0758165
v -0.002393 0.0250256 0.0761115
v -6.00293e-06 0.0256116 0.0761115
v -6.00293e-06 0.0273726 0.0758465
v -0.002393 0.0297596 0.0752295
v -6.00293e-06 0.0297596 0.0752275
v -0.009553 0.0321465 0.0739925
v -0.007166 0.0321465 0.0742795
v -0.00478 0.0321465 0.0742625
v -0.002393 0.0321465 0.0742585
v -6.00293e-06 0.0321465 0.0742475
v 0.001829 -0.0370674 -0.155398
v 0.004767 -0.0275214 -0.165675
v 0.004767 -0.0302414 -0.164945
v 0.009541 -0.0275214 -0.165355
v 0.009541 -0.0291864 -0.164945
v 0.013477 -0.0275214 -0.164945
v 0.011927 -0.0282394 -0.164945
v 0.009541 -0.0227474 -0.16602
v 0.009541 -0.0179744 -0.166515
v 0.014314 -0.0227474 -0.165735
v 0.014314 -0.0270334 -0.164945
v 0.019087 -0.0227474 -0.165208
v 0.019087 -0.0240764 -0.164945
v 0.014314 -0.0179744 -0.166286
v 0.019087 -0.0179744 -0.165874
v 0.002381 -0.0322944 -0.164193
v 0.002381 -0.0344934 -0.162558
v 0.004767 -0.0322944 -0.164026
v 0.004767 -0.0342724 -0.162558
v 0.002381 -0.0346814 -0.162371
v 0.002381 -0.0361624 -0.160172
v 0.004767 -0.0346814 -0.162142
v 0.004767 -0.0359705 -0.160172
v 0.007154 -0.0322944 -0.163774
v 0.007154 -0.0338604 -0.162558
v 0.009541 -0.0322944 -0.163457
v 0.009541 -0.0333494 -0.162558
v 0.007154 -0.0346814 -0.161624
v 0.007154 -0.0355155 -0.160172
v 0.009541 -0.0346814 -0.160738
v 0.009541 -0.0349485 -0.160172
v 0.009541 -0.0299074 -0.164706
v 0.002381 -0.0368994 -0.157785
v 0.004767 -0.0366595 -0.157785
v 0.002381 -0.0370254 -0.155398
v 0.004767 -0.0367484 -0.155398
v 0.007154 -0.0361624 -0.157785
v 0.009541 -0.0355704 -0.157785
v 0.007154 -0.0362825 -0.155398
v 0.009541 -0.0356995 -0.155398
v 0.011927 -0.0322944 -0.163009
v 0.011927 -0.0327744 -0.162558
v 0.013479 -0.0322944 -0.162558
v 0.010663 -0.0346814 -0.160172
v 0.011927 -0.0343704 -0.160172
v 0.014314 -0.0322944 -0.162245
v 0.014314 -0.0336674 -0.160172
v 0.016701 -0.0322944 -0.160843
v 0.016701 -0.0326734 -0.160172
v 0.017437 -0.0322944 -0.160172
v 0.011927 -0.0299074 -0.164406
v 0.014314 -0.0299074 -0.163973
v 0.014314 -0.0319804 -0.162558
v 0.014314 -0.0275214 -0.164838
v 0.016701 -0.0299074 -0.163256
v 0.016701 -0.0308374 -0.162558
v 0.018207 -0.0299074 -0.162558
v 0.016701 -0.0275214 -0.164416
v 0.019087 -0.0275214 -0.163759
v 0.019087 -0.0293124 -0.162558
v 0.019087 -0.0299074 -0.162021
v 0.019087 -0.0312995 -0.160172
v 0.011927 -0.0346814 -0.159319
v 0.011927 -0.0350015 -0.157785
v 0.013237 -0.0346814 -0.157785
v 0.014314 -0.0343854 -0.157785
v 0.011927 -0.0351194 -0.155398
v 0.013776 -0.0346814 -0.155398
v 0.014314 -0.0345454 -0.155398
v 0.016701 -0.0335194 -0.157785
v 0.019031 -0.0322944 -0.157785
v 0.016701 -0.0337624 -0.155398
v 0.019087 -0.0322944 -0.157648
v 0.019087 -0.0325695 -0.155398
v 0.019087 -0.0322595 -0.157785
v 0.019087 -0.0251344 -0.164679
v 0.020669 -0.0227474 -0.164945
v 0.023861 -0.0179744 -0.165269
v 0.023861 -0.0197794 -0.164945
v 0.02532 -0.0179744 -0.164945
v 0.021474 -0.0275214 -0.162677
v 0.021474 -0.0276614 -0.162558
v 0.02167 -0.0275214 -0.162558
v 0.021063 -0.0299074 -0.160172
v 0.021474 -0.0296054 -0.160172
v 0.023861 -0.0275214 -0.160672
v 0.023861 -0.0278194 -0.160172
v 0.02424 -0.0275214 -0.160172
v 0.019549 -0.0322944 -0.155398
v 0.021474 -0.0299074 -0.159595
v 0.021474 -0.0305634 -0.157785
v 0.022327 -0.0299074 -0.157785
v 0.023861 -0.0287144 -0.157785
v 0.021474 -0.0309104 -0.155398
v 0.022728 -0.0299074 -0.155398
v 0.023861 -0.0289984 -0.155398
v 0.025308 -0.0275214 -0.157785
v 0.025599 -0.0275214 -0.155398
v 0.021474 -0.0251344 -0.164056
v 0.023861 -0.0251344 -0.16301
v 0.023861 -0.0257834 -0.162558
v 0.021474 -0.0227474 -0.16479
v 0.023861 -0.0227474 -0.164158
v 0.024581 -0.0251344 -0.162558
v 0.026248 -0.0227474 -0.163064
v 0.026248 -0.0235234 -0.162558
v 0.026986 -0.0227474 -0.162558
v 0.026248 -0.0251344 -0.161059
v 0.026248 -0.0257634 -0.160172
v 0.026891 -0.0251344 -0.160172
v 0.028634 -0.0227474 -0.160858
v 0.028634 -0.0232724 -0.160172
v 0.023861 -0.0203604 -0.164825
v 0.026248 -0.0203604 -0.164138
v 0.028634 -0.0203604 -0.16283
v 0.028634 -0.0207994 -0.162558
v 0.026248 -0.0179744 -0.164658
v 0.028634 -0.0179744 -0.163895
v 0.026248 -0.0266834 -0.157785
v 0.027857 -0.0251344 -0.157785
v 0.028634 -0.0243404 -0.157785
v 0.026248 -0.0269284 -0.155398
v 0.028123 -0.0251344 -0.155398
v 0.028634 -0.0246334 -0.155398
v 0.029079 -0.0227474 -0.160172
v 0.028971 -0.0203604 -0.162558
v 0.030628 -0.0179744 -0.162558
v 0.03091 -0.0203604 -0.160172
v 0.031021 -0.0179744 -0.162193
v 0.031021 -0.0202074 -0.160172
v 0.032519 -0.0179744 -0.160172
v 0.030059 -0.0227474 -0.157785
v 0.030422 -0.0227474 -0.155398
v 0.031021 -0.0203604 -0.159974
v 0.031021 -0.0215474 -0.157785
v 0.03192 -0.0203604 -0.157785
v 0.033408 -0.0179744 -0.158099
v 0.033408 -0.0181404 -0.157785
v 0.031021 -0.0220524 -0.155398
v 0.032397 -0.0203604 -0.155398
v 0.033408 -0.0189434 -0.155398
v 0.033505 -0.0179744 -0.157785
v 0.034013 -0.0179744 -0.155398
v 0.009541 -0.00842745 -0.167235
v 0.019087 -0.0132004 -0.166334
v 0.019087 -0.00842745 -0.166602
v 0.009541 0.00111955 -0.16751
v 0.019087 0.00111955 -0.166835
v 0.023861 -0.0132004 -0.165829
v 0.028634 -0.0132004 -0.164962
v 0.028634 -0.0133174 -0.164945
v 0.023861 -0.00842745 -0.166126
v 0.028634 -0.00842745 -0.165465
v 0.028702 -0.0132004 -0.164945
v 0.030574 -0.00842745 -0.164945
v 0.029769 -0.0108144 -0.164945
v 0.028634 -0.00365445 -0.165703
v 0.028634 0.00111955 -0.165772
v 0.031249 -0.00365445 -0.164945
v 0.031537 0.00111955 -0.164945
v 0.028634 -0.0155874 -0.164537
v 0.031021 -0.0155874 -0.163358
v 0.031021 -0.0173564 -0.162558
v 0.032015 -0.0155874 -0.162558
v 0.031021 -0.0132004 -0.164216
v 0.033015 -0.0132004 -0.162558
v 0.033408 -0.0155874 -0.16081
v 0.033408 -0.0163664 -0.160172
v 0.033408 -0.0132004 -0.162114
v 0.033763 -0.0155874 -0.160172
v 0.034615 -0.0132004 -0.160172
v 0.031021 -0.0108144 -0.164495
v 0.033408 -0.0108144 -0.162892
v 0.033408 -0.0119734 -0.162558
v 0.031021 -0.00842745 -0.164776
v 0.033408 -0.00842745 -0.163328
v 0.03371 -0.0108144 -0.162558
v 0.034175 -0.00842745 -0.162558
v 0.035211 -0.0108144 -0.160172
v 0.035696 -0.00842745 -0.160172
v 0.034707 -0.0155874 -0.157785
v 0.035505 -0.0132004 -0.157785
v 0.035194 -0.0155874 -0.155398
v 0.035794 -0.0132004 -0.156536
v 0.035794 -0.0138224 -0.155398
v 0.035975 -0.0132004 -0.155398
v 0.035794 -0.0108144 -0.158742
v 0.035794 -0.0120864 -0.157785
v 0.036104 -0.0108144 -0.157785
v 0.035794 -0.00842745 -0.159966
v 0.036634 -0.00842745 -0.157785
v 0.036638 -0.0108144 -0.155398
v 0.037194 -0.00842745 -0.155398
v 0.033408 -0.00604045 -0.163589
v 0.033408 -0.00365445 -0.163802
v 0.034535 -0.00604045 -0.162558
v 0.03486 -0.00365445 -0.162558
v 0.035794 -0.00604045 -0.16078
v 0.035794 -0.00788745 -0.160172
v 0.036113 -0.00604045 -0.160172
v 0.035794 -0.00365445 -0.161382
v 0.036505 -0.00365445 -0.160172
v 0.033408 -0.00126745 -0.163964
v 0.033408 0.00111955 -0.164064
v 0.035157 -0.00126745 -0.162558
v 0.035386 0.00111955 -0.162558
v 0.035794 -0.00126745 -0.161841
v 0.036872 -0.00126745 -0.160172
v 0.035794 0.00111955 -0.16214
v 0.037165 0.00111955 -0.160172
v 0.037099 -0.00604045 -0.157785
v 0.037522 -0.00365445 -0.157785
v 0.037659 -0.00604045 -0.155398
v 0.038065 -0.00365445 -0.155398
v 0.037874 -0.00126745 -0.157785
v 0.038137 0.00111955 -0.157785
v 0.038181 -0.00126745 -0.156595
v 0.038181 -0.00280245 -0.155398
v 0.038181 0.00111955 -0.157636
v 0.038358 -0.00126745 -0.155398
v 0.038571 0.00111955 -0.155398
v 0.002381 -0.0370674 -0.125987
v 0.002381 -0.0371524 -0.124371
v 0.004481 -0.0370674 -0.124371
v 0.002381 -0.0372344 -0.121985
v 0.004767 -0.0370674 -0.123629
v 0.004767 -0.0371025 -0.121985
v 0.005139 -0.0370674 -0.121985
v 0.002381 -0.0372304 -0.119598
v 0.004767 -0.0370844 -0.119598
v 0.002381 -0.0371594 -0.117211
v 0.004767 -0.0370674 -0.11907
v 0.004007 -0.0370674 -0.117211
v 0.004934 -0.0370674 -0.119598
v 0.002381 -0.0368315 -0.153012
v 0.004767 -0.0365934 -0.153012
v 0.002381 -0.0365995 -0.150625
v 0.004767 -0.0364194 -0.150625
v 0.007154 -0.0362104 -0.153012
v 0.009541 -0.0356584 -0.153012
v 0.007154 -0.0361054 -0.150625
v 0.009541 -0.0355994 -0.150625
v 0.002381 -0.0364154 -0.148238
v 0.004767 -0.0362654 -0.148238
v 0.002381 -0.0363215 -0.145852
v 0.004767 -0.0361655 -0.145852
v 0.007154 -0.0360044 -0.148238
v 0.009541 -0.0355584 -0.148238
v 0.007154 -0.0359254 -0.145852
v 0.009541 -0.0355135 -0.145852
v 0.011927 -0.0350614 -0.153012
v 0.0135 -0.0346814 -0.153012
v 0.014314 -0.0344744 -0.153012
v 0.011927 -0.0350004 -0.150625
v 0.013166 -0.0346814 -0.150625
v 0.014314 -0.0343605 -0.150625
v 0.016701 -0.0336785 -0.153012
v 0.019087 -0.0324954 -0.153012
v 0.016701 -0.0334824 -0.150625
v 0.019083 -0.0322944 -0.150625
v 0.019087 -0.0322944 -0.150651
v 0.019087 -0.0322915 -0.150625
v 0.011927 -0.0349555 -0.148238
v 0.012903 -0.0346814 -0.148238
v 0.014314 -0.0342394 -0.148238
v 0.011927 -0.0349124 -0.145852
v 0.012717 -0.0346814 -0.145852
v 0.014314 -0.0341434 -0.145852
v 0.016701 -0.0332664 -0.148238
v 0.018664 -0.0322944 -0.148238
v 0.016701 -0.0330975 -0.145852
v 0.018313 -0.0322944 -0.145852
v 0.019087 -0.0320724 -0.148238
v 0.019087 -0.0318914 -0.145852
v 0.002381 -0.0363924 -0.143465
v 0.004767 -0.0361784 -0.143465
v 0.002381 -0.0365544 -0.141078
v 0.004767 -0.0362944 -0.141078
v 0.007154 -0.0358674 -0.143465
v 0.009541 -0.0354384 -0.143465
v 0.007154 -0.0358964 -0.141078
v 0.009541 -0.0354254 -0.141078
v 0.002381 -0.0366564 -0.138692
v 0.004767 -0.0364365 -0.138692
v 0.002381 -0.0366974 -0.136305
v 0.004767 -0.0365464 -0.136305
v 0.007154 -0.0360424 -0.138692
v 0.009541 -0.0355324 -0.138692
v 0.007154 -0.0361955 -0.136305
v 0.009541 -0.0356625 -0.136305
v 0.011927 -0.0348565 -0.143465
v 0.012545 -0.0346814 -0.143465
v 0.014314 -0.0340984 -0.143465
v 0.011927 -0.0348475 -0.141078
v 0.01253 -0.0346814 -0.141078
v 0.014314 -0.0341055 -0.141078
v 0.016701 -0.0330464 -0.143465
v 0.018201 -0.0322944 -0.143465
v 0.016701 -0.0330655 -0.141078
v 0.018255 -0.0322944 -0.141078
v 0.019087 -0.0318255 -0.143465
v 0.019087 -0.0318564 -0.141078
v 0.011927 -0.0348994 -0.138692
v 0.012666 -0.0346814 -0.138692
v 0.014314 -0.0341174 -0.138692
v 0.011927 -0.0349625 -0.136305
v 0.012791 -0.0346814 -0.136305
v 0.014314 -0.0341244 -0.136305
v 0.016701 -0.0330624 -0.138692
v 0.018287 -0.0322944 -0.138692
v 0.016701 -0.0330655 -0.136305
v 0.018315 -0.0322944 -0.136305
v 0.019087 -0.0318864 -0.138692
v 0.019087 -0.0319035 -0.136305
v 0.019438 -0.0322944 -0.153012
v 0.021474 -0.0308824 -0.153012
v 0.022713 -0.0299074 -0.153012
v 0.023861 -0.0289814 -0.153012
v 0.021474 -0.0307374 -0.150625
v 0.022571 -0.0299074 -0.150625
v 0.023861 -0.0288724 -0.150625
v 0.02556 -0.0275214 -0.153012
v 0.02543 -0.0275214 -0.150625
v 0.021474 -0.0305754 -0.148238
v 0.022404 -0.0299074 -0.148238
v 0.023861 -0.0287674 -0.148238
v 0.021474 -0.0304274 -0.145852
v 0.022237 -0.0299074 -0.145852
v 0.023861 -0.0286764 -0.145852
v 0.025313 -0.0275214 -0.148238
v 0.025211 -0.0275214 -0.145852
v 0.026248 -0.0268874 -0.153012
v 0.02807 -0.0251344 -0.153012
v 0.028634 -0.0245854 -0.153012
v 0.026248 -0.0267664 -0.150625
v 0.027929 -0.0251344 -0.150625
v 0.028634 -0.0244464 -0.150625
v 0.026248 -0.0266514 -0.148238
v 0.027788 -0.0251344 -0.148238
v 0.028634 -0.0242844 -0.148238
v 0.026248 -0.0265404 -0.145852
v 0.027639 -0.0251344 -0.145852
v 0.028634 -0.0240814 -0.145852
v 0.030459 -0.0227474 -0.153012
v 0.030355 -0.0227474 -0.150625
v 0.031021 -0.0221314 -0.153012
v 0.032501 -0.0203604 -0.153012
v 0.033408 -0.0191014 -0.153012
v 0.031021 -0.0220314 -0.150625
v 0.032366 -0.0203604 -0.150625
v 0.033408 -0.0187634 -0.150625
v 0.034113 -0.0179744 -0.153012
v 0.033861 -0.0179744 -0.150625
v 0.030111 -0.0227474 -0.148238
v 0.029807 -0.0227474 -0.145852
v 0.031021 -0.0217064 -0.148238
v 0.032053 -0.0203604 -0.148238
v 0.033408 -0.0182304 -0.148238
v 0.031021 -0.0212274 -0.145852
v 0.031674 -0.0203604 -0.145852
v 0.033408 -0.0179744 -0.146656
v 0.033347 -0.0179744 -0.145852
v 0.033551 -0.0179744 -0.148238
v 0.021474 -0.0303584 -0.143465
v 0.022153 -0.0299074 -0.143465
v 0.023861 -0.0286404 -0.143465
v 0.021474 -0.0304044 -0.141078
v 0.022236 -0.0299074 -0.141078
v 0.023861 -0.0287204 -0.141078
v 0.025169 -0.0275214 -0.143465
v 0.02525 -0.0275214 -0.141078
v 0.021474 -0.0304834 -0.138692
v 0.022371 -0.0299074 -0.138692
v 0.023861 -0.0288104 -0.138692
v 0.021474 -0.0305274 -0.136305
v 0.022458 -0.0299074 -0.136305
v 0.023861 -0.0288804 -0.136305
v 0.025331 -0.0275214 -0.138692
v 0.025387 -0.0275214 -0.136305
v 0.026248 -0.0264844 -0.143465
v 0.027556 -0.0251344 -0.143465
v 0.028634 -0.0239514 -0.143465
v 0.026248 -0.0265504 -0.141078
v 0.027601 -0.0251344 -0.141078
v 0.028634 -0.0239514 -0.141078
v 0.026248 -0.0266234 -0.138692
v 0.027642 -0.0251344 -0.138692
v 0.028634 -0.0239234 -0.138692
v 0.026248 -0.0266494 -0.136305
v 0.027607 -0.0251344 -0.136305
v 0.028634 -0.0238304 -0.136305
v 0.029619 -0.0227474 -0.143465
v 0.029545 -0.0227474 -0.141078
v 0.031021 -0.0208654 -0.143465
v 0.031395 -0.0203604 -0.143465
v 0.033184 -0.0179744 -0.143465
v 0.031021 -0.0206284 -0.141078
v 0.031215 -0.0203604 -0.141078
v 0.03302 -0.0179744 -0.141078
v 0.029458 -0.0227474 -0.138692
v 0.029397 -0.0227474 -0.136305
v 0.031021 -0.0204144 -0.138692
v 0.031059 -0.0203604 -0.138692
v 0.032835 -0.0179744 -0.138692
v 0.031021 -0.0203914 -0.136305
v 0.031042 -0.0203604 -0.136305
v 0.032715 -0.0179744 -0.136305
v 0.0353 -0.0155874 -0.153012
v 0.035794 -0.0142404 -0.153012
v 0.03613 -0.0132004 -0.153012
v 0.035101 -0.0155874 -0.150625
v 0.035794 -0.0139154 -0.150625
v 0.036052 -0.0132004 -0.150625
v 0.036854 -0.0108144 -0.153012
v 0.037432 -0.00842745 -0.153012
v 0.03685 -0.0108144 -0.150625
v 0.037451 -0.00842745 -0.150625
v 0.033408 -0.0178774 -0.145852
v 0.03484 -0.0155874 -0.148238
v 0.035794 -0.0134194 -0.148238
v 0.035876 -0.0132004 -0.148238
v 0.034703 -0.0155874 -0.145852
v 0.035794 -0.0132004 -0.147208
v 0.035687 -0.0132004 -0.145852
v 0.036689 -0.0108144 -0.148238
v 0.0373 -0.00842745 -0.148238
v 0.035794 -0.0128824 -0.145852
v 0.03642 -0.0108144 -0.145852
v 0.037034 -0.00842745 -0.145852
v 0.037835 -0.00604045 -0.153012
v 0.038134 -0.00365445 -0.153012
v 0.037788 -0.00604045 -0.150625
v 0.037969 -0.00365445 -0.150625
v 0.038181 -0.00318145 -0.153012
v 0.038181 -0.00126745 -0.151096
v 0.038129 -0.00126745 -0.150625
v 0.038181 -0.000619449 -0.150625
v 0.037676 -0.00604045 -0.148238
v 0.037842 -0.00365445 -0.148238
v 0.037526 -0.00604045 -0.145852
v 0.037762 -0.00365445 -0.145852
v 0.037925 -0.00126745 -0.148238
v 0.038181 0.00111955 -0.149482
v 0.038056 0.00111955 -0.148238
v 0.037807 -0.00126745 -0.145852
v 0.037902 0.00111955 -0.145852
v 0.033408 -0.0176414 -0.143465
v 0.033408 -0.0173814 -0.141078
v 0.03455 -0.0155874 -0.143465
v 0.035443 -0.0132004 -0.143465
v 0.034327 -0.0155874 -0.141078
v 0.035204 -0.0132004 -0.141078
v 0.035794 -0.0120364 -0.143465
v 0.036139 -0.0108144 -0.143465
v 0.036781 -0.00842745 -0.143465
v 0.035794 -0.0113824 -0.141078
v 0.035973 -0.0108144 -0.141078
v 0.036671 -0.00842745 -0.141078
v 0.033408 -0.0170864 -0.138692
v 0.033408 -0.0168614 -0.136305
v 0.034184 -0.0155874 -0.138692
v 0.035175 -0.0132004 -0.138692
v 0.034112 -0.0155874 -0.136305
v 0.035246 -0.0132004 -0.136305
v 0.035794 -0.0114914 -0.138692
v 0.036022 -0.0108144 -0.138692
v 0.036739 -0.00842745 -0.138692
v 0.035794 -0.0117654 -0.136305
v 0.036114 -0.0108144 -0.136305
v 0.036825 -0.00842745 -0.136305
v 0.037346 -0.00604045 -0.143465
v 0.037666 -0.00365445 -0.143465
v 0.037267 -0.00604045 -0.141078
v 0.037672 -0.00365445 -0.141078
v 0.037783 -0.00126745 -0.143465
v 0.037901 0.00111955 -0.143465
v 0.037896 -0.00126745 -0.141078
v 0.038025 0.00111955 -0.141078
v 0.037338 -0.00604045 -0.138692
v 0.037802 -0.00365445 -0.138692
v 0.037409 -0.00604045 -0.136305
v 0.03788 -0.00365445 -0.136305
v 0.03807 -0.00126745 -0.138692
v 0.038142 0.00111955 -0.138692
v 0.038181 -0.00126745 -0.136413
v 0.038181 -0.00130645 -0.136305
v 0.038181 0.00111955 -0.137757
v 0.002381 -0.0367564 -0.133918
v 0.004767 -0.0366024 -0.133918
v 0.002381 -0.0368234 -0.131531
v 0.004767 -0.0366554 -0.131531
v 0.007154 -0.0362374 -0.133918
v 0.009541 -0.0357044 -0.133918
v 0.007154 -0.0362784 -0.131531
v 0.009541 -0.0357504 -0.131531
v 0.002381 -0.0369054 -0.129145
v 0.004767 -0.0367995 -0.129145
v 0.002381 -0.0370254 -0.126758
v 0.004767 -0.0369524 -0.126758
v 0.007154 -0.0364474 -0.129145
v 0.009541 -0.0358864 -0.129145
v 0.007154 -0.0366114 -0.126758
v 0.009541 -0.0360534 -0.126758
v 0.011927 -0.0350434 -0.133918
v 0.013066 -0.0346814 -0.133918
v 0.014314 -0.0342234 -0.133918
v 0.011927 -0.0351634 -0.131531
v 0.013573 -0.0346814 -0.131531
v 0.014314 -0.0344214 -0.131531
v 0.016701 -0.0331575 -0.133918
v 0.018478 -0.0322944 -0.133918
v 0.016701 -0.0333564 -0.131531
v 0.018815 -0.0322944 -0.131531
v 0.019087 -0.0319815 -0.133918
v 0.019087 -0.0321554 -0.131531
v 0.011927 -0.0352905 -0.129145
v 0.014024 -0.0346814 -0.129145
v 0.014314 -0.0345835 -0.129145
v 0.011927 -0.0354104 -0.126758
v 0.01426 -0.0346814 -0.126758
v 0.014314 -0.0346624 -0.126758
v 0.016701 -0.0335635 -0.129145
v 0.019087 -0.0322944 -0.129936
v 0.019087 -0.0323605 -0.129145
v 0.016701 -0.0336894 -0.126758
v 0.019087 -0.0325084 -0.126758
v 0.004767 -0.0370454 -0.124371
v 0.007154 -0.0367254 -0.124371
v 0.009541 -0.0362194 -0.124371
v 0.007154 -0.0367974 -0.121985
v 0.009541 -0.0363074 -0.121985
v 0.004767 -0.0370004 -0.117211
v 0.007154 -0.0367695 -0.119598
v 0.009541 -0.0362704 -0.119598
v 0.007154 -0.0366794 -0.117211
v 0.009541 -0.0361674 -0.117211
v 0.011927 -0.0355484 -0.124371
v 0.014314 -0.0346814 -0.126025
v 0.014314 -0.0347224 -0.124371
v 0.011927 -0.0356194 -0.121985
v 0.014314 -0.0347454 -0.121985
v 0.014425 -0.0346814 -0.124371
v 0.016701 -0.0337224 -0.124371
v 0.019087 -0.0325434 -0.124371
v 0.014477 -0.0346814 -0.121985
v 0.016701 -0.0336864 -0.121985
v 0.019087 -0.0324784 -0.121985
v 0.011927 -0.0355724 -0.119598
v 0.014314 -0.0347075 -0.119598
v 0.011927 -0.0354624 -0.117211
v 0.014314 -0.0346814 -0.118553
v 0.014212 -0.0346814 -0.117211
v 0.014314 -0.0346444 -0.117211
v 0.014382 -0.0346814 -0.119598
v 0.016701 -0.0336474 -0.119598
v 0.019087 -0.0323934 -0.119598
v 0.016701 -0.0336494 -0.117211
v 0.019087 -0.0323855 -0.117211
v 0.021474 -0.0306174 -0.133918
v 0.022623 -0.0299074 -0.133918
v 0.023861 -0.0290304 -0.133918
v 0.021474 -0.0308104 -0.131531
v 0.022905 -0.0299074 -0.131531
v 0.023861 -0.0292304 -0.131531
v 0.025543 -0.0275214 -0.133918
v 0.025792 -0.0275214 -0.131531
v 0.019219 -0.0322944 -0.129145
v 0.019508 -0.0322944 -0.126758
v 0.021474 -0.0310244 -0.129145
v 0.023152 -0.0299074 -0.129145
v 0.023861 -0.0293824 -0.129145
v 0.021474 -0.0311684 -0.126758
v 0.023316 -0.0299074 -0.126758
v 0.023861 -0.0294924 -0.126758
v 0.025994 -0.0275214 -0.129145
v 0.026091 -0.0275214 -0.126758
v 0.026248 -0.0267654 -0.133918
v 0.027634 -0.0251344 -0.133918
v 0.028634 -0.0238604 -0.133918
v 0.026248 -0.0270364 -0.131531
v 0.027853 -0.0251344 -0.131531
v 0.028634 -0.0241344 -0.131531
v 0.026248 -0.0272674 -0.129145
v 0.028139 -0.0251344 -0.129145
v 0.028634 -0.0245184 -0.129145
v 0.026248 -0.0273654 -0.126758
v 0.028309 -0.0251344 -0.126758
v 0.028634 -0.0247544 -0.126758
v 0.029466 -0.0227474 -0.133918
v 0.029676 -0.0227474 -0.131531
v 0.031021 -0.0206094 -0.133918
v 0.031193 -0.0203604 -0.133918
v 0.032709 -0.0179744 -0.133918
v 0.031021 -0.0208634 -0.131531
v 0.031357 -0.0203604 -0.131531
v 0.03276 -0.0179744 -0.131531
v 0.029956 -0.0227474 -0.129145
v 0.030214 -0.0227474 -0.126758
v 0.031021 -0.0211454 -0.129145
v 0.031512 -0.0203604 -0.129145
v 0.032915 -0.0179744 -0.129145
v 0.031021 -0.0215544 -0.126758
v 0.031776 -0.0203604 -0.126758
v 0.033227 -0.0179744 -0.126758
v 0.01958 -0.0322944 -0.124371
v 0.019456 -0.0322944 -0.121985
v 0.021474 -0.0312094 -0.124371
v 0.023359 -0.0299074 -0.124371
v 0.023861 -0.0295184 -0.124371
v 0.021474 -0.0311544 -0.121985
v 0.023274 -0.0299074 -0.121985
v 0.023861 -0.0294454 -0.121985
v 0.026092 -0.0275214 -0.124371
v 0.026014 -0.0275214 -0.121985
v 0.019276 -0.0322944 -0.119598
v 0.019253 -0.0322944 -0.117211
v 0.021474 -0.0310294 -0.119598
v 0.023149 -0.0299074 -0.119598
v 0.023861 -0.0293704 -0.119598
v 0.021474 -0.0309714 -0.117211
v 0.023096 -0.0299074 -0.117211
v 0.023861 -0.0293544 -0.117211
v 0.025968 -0.0275214 -0.119598
v 0.025977 -0.0275214 -0.117211
v 0.026248 -0.0273684 -0.124371
v 0.028388 -0.0251344 -0.124371
v 0.028634 -0.0248604 -0.124371
v 0.026248 -0.0272994 -0.121985
v 0.028411 -0.0251344 -0.121985
v 0.028634 -0.0248944 -0.121985
v 0.026248 -0.0272574 -0.119598
v 0.028383 -0.0251344 -0.119598
v 0.028634 -0.0248654 -0.119598
v 0.026248 -0.0272614 -0.117211
v 0.028373 -0.0251344 -0.117211
v 0.028634 -0.0248584 -0.117211
v 0.030393 -0.0227474 -0.124371
v 0.030445 -0.0227474 -0.121985
v 0.031021 -0.0218984 -0.124371
v 0.032107 -0.0203604 -0.124371
v 0.033408 -0.0179744 -0.125642
v 0.033408 -0.0183284 -0.124371
v 0.031021 -0.0219844 -0.121985
v 0.032238 -0.0203604 -0.121985
v 0.033408 -0.0186874 -0.121985
v 0.033607 -0.0179744 -0.124371
v 0.033837 -0.0179744 -0.121985
v 0.030414 -0.0227474 -0.119598
v 0.030431 -0.0227474 -0.117211
v 0.031021 -0.0219284 -0.119598
v 0.032186 -0.0203604 -0.119598
v 0.033408 -0.0186784 -0.119598
v 0.031021 -0.0219534 -0.117211
v 0.03218 -0.0203604 -0.117211
v 0.033408 -0.0186314 -0.117211
v 0.033866 -0.0179744 -0.119598
v 0.033843 -0.0179744 -0.117211
v 0.033408 -0.0166864 -0.133918
v 0.033408 -0.0166574 -0.131531
v 0.033986 -0.0155874 -0.133918
v 0.035171 -0.0132004 -0.133918
v 0.033931 -0.0155874 -0.131531
v 0.035083 -0.0132004 -0.131531
v 0.035794 -0.0116104 -0.133918
v 0.036063 -0.0108144 -0.133918
v 0.036795 -0.00842745 -0.133918
v 0.035794 -0.0114034 -0.131531
v 0.036002 -0.0108144 -0.131531
v 0.036784 -0.00842745 -0.131531
v 0.033408 -0.0170254 -0.129145
v 0.033408 -0.0176504 -0.126758
v 0.034109 -0.0155874 -0.129145
v 0.035171 -0.0132004 -0.129145
v 0.034417 -0.0155874 -0.126758
v 0.035358 -0.0132004 -0.126758
v 0.035794 -0.0115934 -0.129145
v 0.036087 -0.0108144 -0.129145
v 0.036935 -0.00842745 -0.129145
v 0.035794 -0.0120214 -0.126758
v 0.036262 -0.0108144 -0.126758
v 0.037154 -0.00842745 -0.126758
v 0.0374 -0.00604045 -0.133918
v 0.037884 -0.00365445 -0.133918
v 0.037431 -0.00604045 -0.131531
v 0.037927 -0.00365445 -0.131531
v 0.038181 -0.00160745 -0.133918
v 0.038181 -0.00155445 -0.131531
v 0.0376 -0.00604045 -0.129145
v 0.038034 -0.00365445 -0.129145
v 0.037791 -0.00604045 -0.126758
v 0.03811 -0.00365445 -0.126758
v 0.038181 -0.00172845 -0.129145
v 0.038181 -0.00199845 -0.126758
v 0.034706 -0.0155874 -0.124371
v 0.03555 -0.0132004 -0.124371
v 0.034948 -0.0155874 -0.121985
v 0.035774 -0.0132004 -0.121985
v 0.035794 -0.0125024 -0.124371
v 0.036432 -0.0108144 -0.124371
v 0.037312 -0.00842745 -0.124371
v 0.035794 -0.0131394 -0.121985
v 0.036619 -0.0108144 -0.121985
v 0.037431 -0.00842745 -0.121985
v 0.035131 -0.0155874 -0.119598
v 0.035794 -0.0132004 -0.121796
v 0.035794 -0.0139074 -0.119598
v 0.036044 -0.0132004 -0.119598
v 0.035246 -0.0155874 -0.117211
v 0.035794 -0.0143994 -0.117211
v 0.036263 -0.0132004 -0.117211
v 0.036846 -0.0108144 -0.119598
v 0.037569 -0.00842745 -0.119598
v 0.037045 -0.0108144 -0.117211
v 0.037699 -0.00842745 -0.117211
v 0.037906 -0.00604045 -0.124371
v 0.038153 -0.00365445 -0.124371
v 0.037987 -0.00604045 -0.121985
v 0.038181 -0.00365445 -0.123235
v 0.038181 -0.00427645 -0.121985
v 0.038181 -0.00284345 -0.124371
v 0.03807 -0.00604045 -0.119598
v 0.038181 -0.00504945 -0.119598
v 0.038143 -0.00604045 -0.117211
v 0.038181 -0.00570545 -0.117211
v 0.038366 -0.00126745 -0.153012
v 0.038562 0.00111955 -0.153012
v 0.038308 0.00111955 -0.150625
v 0.038184 -0.00126745 -0.136305
v 0.038241 0.00111955 -0.136305
v 0.038216 -0.00126745 -0.133918
v 0.038296 0.00111955 -0.133918
v 0.038201 -0.00126745 -0.131531
v 0.038254 0.00111955 -0.131531
v 0.038194 -0.00126745 -0.129145
v 0.038223 0.00111955 -0.129145
v 0.038194 -0.00126745 -0.126758
v 0.038252 0.00111955 -0.126758
v 0.038213 -0.00365445 -0.121985
v 0.038223 -0.00126745 -0.124371
v 0.038304 0.00111955 -0.124371
v 0.038287 -0.00126745 -0.121985
v 0.038363 0.00111955 -0.121985
v 0.03827 -0.00365445 -0.119598
v 0.038337 -0.00365445 -0.117211
v 0.038352 -0.00126745 -0.119598
v 0.038431 0.00111955 -0.119598
v 0.038434 -0.00126745 -0.117211
v 0.038498 0.00111955 -0.117211
v 0.002381 -0.0371005 -0.114824
v 0.003068 -0.0370674 -0.114824
v 0.002381 -0.0371304 -0.112438
v 0.00364 -0.0370674 -0.112438
v 0.002381 -0.0372105 -0.110051
v 0.004767 -0.0370674 -0.110161
v 0.004767 -0.0370734 -0.110051
v 0.002381 -0.0372524 -0.107664
v 0.004767 -0.0371395 -0.107664
v 0.004818 -0.0370674 -0.110051
v 0.005437 -0.0370674 -0.107664
v 0.002381 -0.0372795 -0.105278
v 0.004767 -0.0371555 -0.105278
v 0.002381 -0.0372874 -0.102891
v 0.004767 -0.0371434 -0.102891
v 0.005581 -0.0370674 -0.105278
v 0.005444 -0.0370674 -0.102891
v 0.002381 -0.0372294 -0.100504
v 0.004767 -0.0370734 -0.100504
v 0.002381 -0.0371274 -0.0981175
v 0.004767 -0.0370674 -0.100363
v 0.003492 -0.0370674 -0.0981175
v 0.004826 -0.0370674 -0.100504
v 0.002381 -0.0370674 -0.0965715
v 0.002381 -0.0370674 -0.0942775
v 0.002381 -0.0371174 -0.0933445
v 0.003076 -0.0370674 -0.0933445
v 0.002381 -0.0373014 -0.0909575
v 0.004431 -0.0370674 -0.0909575
v 0.002381 -0.0374694 -0.0885715
v 0.004767 -0.0370674 -0.0901315
v 0.004767 -0.0371645 -0.0885715
v 0.005283 -0.0370674 -0.0885715
v 0.002381 -0.0375774 -0.0861845
v 0.004767 -0.0372914 -0.0861845
v 0.002381 -0.0376044 -0.0837975
v 0.004767 -0.0373474 -0.0837975
v 0.005919 -0.0370674 -0.0861845
v 0.006212 -0.0370674 -0.0837975
v 0.002381 -0.0375604 -0.0814115
v 0.004767 -0.0373054 -0.0814115
v 0.002381 -0.0375104 -0.0790245
v 0.004767 -0.0372624 -0.0790245
v 0.006041 -0.0370674 -0.0814115
v 0.005845 -0.0370674 -0.0790245
v 0.004767 -0.0369344 -0.114824
v 0.004767 -0.0369654 -0.112438
v 0.007154 -0.0366004 -0.114824
v 0.009541 -0.0360614 -0.114824
v 0.007154 -0.0366054 -0.112438
v 0.009541 -0.0360434 -0.112438
v 0.007154 -0.0367145 -0.110051
v 0.009541 -0.0361554 -0.110051
v 0.007154 -0.0368144 -0.107664
v 0.009541 -0.0362895 -0.107664
v 0.011927 -0.0353435 -0.114824
v 0.013976 -0.0346814 -0.114824
v 0.014314 -0.0345714 -0.114824
v 0.011927 -0.0353065 -0.112438
v 0.013887 -0.0346814 -0.112438
v 0.014314 -0.0345474 -0.112438
v 0.016701 -0.0336664 -0.114824
v 0.019087 -0.0324894 -0.114824
v 0.016701 -0.0336844 -0.112438
v 0.019087 -0.0325715 -0.112438
v 0.011927 -0.0354084 -0.110051
v 0.014104 -0.0346814 -0.110051
v 0.014314 -0.0346114 -0.110051
v 0.011927 -0.0355525 -0.107664
v 0.014314 -0.0346814 -0.108485
v 0.014314 -0.0347214 -0.107664
v 0.016701 -0.0337114 -0.110051
v 0.019087 -0.0325715 -0.110051
v 0.014429 -0.0346814 -0.107664
v 0.016701 -0.0337884 -0.107664
v 0.019087 -0.0325884 -0.107664
v 0.007154 -0.0368455 -0.105278
v 0.009541 -0.0363544 -0.105278
v 0.007154 -0.0368334 -0.102891
v 0.009541 -0.0363725 -0.102891
v 0.004767 -0.0369604 -0.0981175
v 0.007154 -0.0367814 -0.100504
v 0.009541 -0.0363384 -0.100504
v 0.007154 -0.0366694 -0.0981175
v 0.009541 -0.0362224 -0.0981175
v 0.011927 -0.0356504 -0.105278
v 0.014314 -0.0348254 -0.105278
v 0.011927 -0.0356944 -0.102891
v 0.014314 -0.0348635 -0.102891
v 0.014714 -0.0346814 -0.105278
v 0.016701 -0.0338684 -0.105278
v 0.019087 -0.0326184 -0.105278
v 0.014804 -0.0346814 -0.102891
v 0.016701 -0.0338754 -0.102891
v 0.019087 -0.0326184 -0.102891
v 0.011927 -0.0356544 -0.100504
v 0.014314 -0.0347995 -0.100504
v 0.011927 -0.0355264 -0.0981175
v 0.014314 -0.0346814 -0.0981185
v 0.014314 -0.0346814 -0.0981175
v 0.014631 -0.0346814 -0.100504
v 0.016701 -0.0338174 -0.100504
v 0.019087 -0.0326024 -0.100504
v 0.016701 -0.0337274 -0.0981175
v 0.019087 -0.0325644 -0.0981175
v 0.019452 -0.0322944 -0.114824
v 0.019624 -0.0322944 -0.112438
v 0.021474 -0.0310694 -0.114824
v 0.023161 -0.0299074 -0.114824
v 0.023861 -0.0293804 -0.114824
v 0.021474 -0.0311714 -0.112438
v 0.023212 -0.0299074 -0.112438
v 0.023861 -0.0293844 -0.112438
v 0.025959 -0.0275214 -0.114824
v 0.025904 -0.0275214 -0.112438
v 0.019614 -0.0322944 -0.110051
v 0.019611 -0.0322944 -0.107664
v 0.021474 -0.0311494 -0.110051
v 0.023149 -0.0299074 -0.110051
v 0.023861 -0.0293164 -0.110051
v 0.021474 -0.0310914 -0.107664
v 0.023058 -0.0299074 -0.107664
v 0.023861 -0.0292454 -0.107664
v 0.025818 -0.0275214 -0.110051
v 0.025781 -0.0275214 -0.107664
v 0.026248 -0.0272394 -0.114824
v 0.028331 -0.0251344 -0.114824
v 0.028634 -0.0248104 -0.114824
v 0.026248 -0.0271824 -0.112438
v 0.028224 -0.0251344 -0.112438
v 0.028634 -0.0246744 -0.112438
v 0.026248 -0.0271014 -0.110051
v 0.028143 -0.0251344 -0.110051
v 0.028634 -0.0245914 -0.110051
v 0.026248 -0.0270824 -0.107664
v 0.028218 -0.0251344 -0.107664
v 0.028634 -0.0247034 -0.107664
v 0.030391 -0.0227474 -0.114824
v 0.030256 -0.0227474 -0.112438
v 0.031021 -0.0219214 -0.114824
v 0.032184 -0.0203604 -0.114824
v 0.033408 -0.0186054 -0.114824
v 0.031021 -0.0217924 -0.112438
v 0.032148 -0.0203604 -0.112438
v 0.033408 -0.0185914 -0.112438
v 0.033816 -0.0179744 -0.114824
v 0.0338 -0.0179744 -0.112438
v 0.030243 -0.0227474 -0.110051
v 0.030412 -0.0227474 -0.107664
v 0.031021 -0.0218084 -0.110051
v 0.032161 -0.0203604 -0.110051
v 0.033408 -0.0185944 -0.110051
v 0.031021 -0.0220004 -0.107664
v 0.032238 -0.0203604 -0.107664
v 0.033408 -0.0185654 -0.107664
v 0.033794 -0.0179744 -0.110051
v 0.033751 -0.0179744 -0.107664
v 0.019645 -0.0322944 -0.105278
v 0.019655 -0.0322944 -0.102891
v 0.021474 -0.0311004 -0.105278
v 0.023108 -0.0299074 -0.105278
v 0.023861 -0.0293054 -0.105278
v 0.021474 -0.0311414 -0.102891
v 0.023214 -0.0299074 -0.102891
v 0.023861 -0.0294024 -0.102891
v 0.025888 -0.0275214 -0.105278
v 0.025977 -0.0275214 -0.102891
v 0.01964 -0.0322944 -0.100504
v 0.019593 -0.0322944 -0.0981175
v 0.021474 -0.0311324 -0.100504
v 0.023181 -0.0299074 -0.100504
v 0.023861 -0.0293744 -0.100504
v 0.021474 -0.0311284 -0.0981175
v 0.023166 -0.0299074 -0.0981175
v 0.023861 -0.0293584 -0.0981175
v 0.025935 -0.0275214 -0.100504
v 0.025912 -0.0275214 -0.0981175
v 0.026248 -0.0271924 -0.105278
v 0.02838 -0.0251344 -0.105278
v 0.028634 -0.0248744 -0.105278
v 0.026248 -0.0272634 -0.102891
v 0.028354 -0.0251344 -0.102891
v 0.028634 -0.0248304 -0.102891
v 0.026248 -0.0272164 -0.100504
v 0.028221 -0.0251344 -0.100504
v 0.028634 -0.0246664 -0.100504
v 0.026248 -0.0271904 -0.0981175
v 0.028154 -0.0251344 -0.0981175
v 0.028634 -0.0245784 -0.0981175
v 0.03054 -0.0227474 -0.105278
v 0.030465 -0.0227474 -0.102891
v 0.031021 -0.0221364 -0.105278
v 0.032266 -0.0203604 -0.105278
v 0.033408 -0.0184194 -0.105278
v 0.031021 -0.0220614 -0.102891
v 0.032229 -0.0203604 -0.102891
v 0.033408 -0.0182184 -0.102891
v 0.033643 -0.0179744 -0.105278
v 0.033524 -0.0179744 -0.102891
v 0.030324 -0.0227474 -0.100504
v 0.030207 -0.0227474 -0.0981175
v 0.031021 -0.0219274 -0.100504
v 0.032174 -0.0203604 -0.100504
v 0.033408 -0.0180974 -0.100504
v 0.031021 -0.0217594 -0.0981175
v 0.032036 -0.0203604 -0.0981175
v 0.033408 -0.0179744 -0.0982215
v 0.033404 -0.0179744 -0.0981175
v 0.033463 -0.0179744 -0.100504
v 0.035248 -0.0155874 -0.114824
v 0.035794 -0.0144574 -0.114824
v 0.036308 -0.0132004 -0.114824
v 0.035187 -0.0155874 -0.112438
v 0.035794 -0.0143044 -0.112438
v 0.036256 -0.0132004 -0.112438
v 0.037127 -0.0108144 -0.114824
v 0.037772 -0.00842745 -0.114824
v 0.037139 -0.0108144 -0.112438
v 0.037783 -0.00842745 -0.112438
v 0.03512 -0.0155874 -0.110051
v 0.035794 -0.0141734 -0.110051
v 0.036241 -0.0132004 -0.110051
v 0.035046 -0.0155874 -0.107664
v 0.035794 -0.0141304 -0.107664
v 0.036274 -0.0132004 -0.107664
v 0.037216 -0.0108144 -0.110051
v 0.037824 -0.00842745 -0.110051
v 0.037347 -0.0108144 -0.107664
v 0.037951 -0.00842745 -0.107664
v 0.038181 -0.00604045 -0.114907
v 0.038181 -0.00604545 -0.114824
v 0.038181 -0.00604045 -0.113235
v 0.038169 -0.00604045 -0.112438
v 0.038181 -0.00593645 -0.112438
v 0.038168 -0.00604045 -0.110051
v 0.038181 -0.00593045 -0.110051
v 0.038181 -0.00604045 -0.109377
v 0.038181 -0.00658045 -0.107664
v 0.034962 -0.0155874 -0.105278
v 0.035794 -0.0140864 -0.105278
v 0.036263 -0.0132004 -0.105278
v 0.034791 -0.0155874 -0.102891
v 0.035794 -0.0138124 -0.102891
v 0.036116 -0.0132004 -0.102891
v 0.037345 -0.0108144 -0.105278
v 0.037988 -0.00842745 -0.105278
v 0.037178 -0.0108144 -0.102891
v 0.037858 -0.00842745 -0.102891
v 0.033408 -0.0179674 -0.0981175
v 0.034647 -0.0155874 -0.100504
v 0.035794 -0.0134844 -0.100504
v 0.035942 -0.0132004 -0.100504
v 0.034629 -0.0155874 -0.0981175
v 0.035794 -0.0134094 -0.0981175
v 0.035903 -0.0132004 -0.0981175
v 0.037034 -0.0108144 -0.100504
v 0.037797 -0.00842745 -0.100504
v 0.037076 -0.0108144 -0.0981175
v 0.037946 -0.00842745 -0.0981175
v 0.038181 -0.00690745 -0.105278
v 0.038181 -0.00604045 -0.102968
v 0.038178 -0.00604045 -0.102891
v 0.038181 -0.00600545 -0.102891
v 0.038181 -0.00604045 -0.101211
v 0.038181 -0.00630445 -0.100504
v 0.038181 -0.00744245 -0.0981175
v 0.002381 -0.0370514 -0.0957315
v 0.004767 -0.0368534 -0.0957315
v 0.004767 -0.0368714 -0.0933445
v 0.007154 -0.0365174 -0.0957315
v 0.009541 -0.0360464 -0.0957315
v 0.007154 -0.0364575 -0.0933445
v 0.009541 -0.0359364 -0.0933445
v 0.004767 -0.0370124 -0.0909575
v 0.007154 -0.0365484 -0.0909575
v 0.009541 -0.0359944 -0.0909575
v 0.007154 -0.0366834 -0.0885715
v 0.009541 -0.0361414 -0.0885715
v 0.011927 -0.0353724 -0.0957315
v 0.014038 -0.0346814 -0.0957315
v 0.014314 -0.0345884 -0.0957315
v 0.011927 -0.0352794 -0.0933445
v 0.013888 -0.0346814 -0.0933445
v 0.014314 -0.0345474 -0.0933445
v 0.016701 -0.0336744 -0.0957315
v 0.019087 -0.0325274 -0.0957315
v 0.016701 -0.0336625 -0.0933445
v 0.019087 -0.0325044 -0.0933445
v 0.011927 -0.0353275 -0.0909575
v 0.014023 -0.0346814 -0.0909575
v 0.014314 -0.0345884 -0.0909575
v 0.011927 -0.0354765 -0.0885715
v 0.014314 -0.0346814 -0.0888415
v 0.014314 -0.0346944 -0.0885715
v 0.016701 -0.0336744 -0.0909575
v 0.019087 -0.0325075 -0.0909575
v 0.014353 -0.0346814 -0.0885715
v 0.016701 -0.0337635 -0.0885715
v 0.019087 -0.0325945 -0.0885715
v 0.007154 -0.0368004 -0.0861845
v 0.009541 -0.0362334 -0.0861845
v 0.007154 -0.0368534 -0.0837975
v 0.009541 -0.0362394 -0.0837975
v 0.007154 -0.0368164 -0.0814115
v 0.009541 -0.0362034 -0.0814115
v 0.007154 -0.0367704 -0.0790245
v 0.009541 -0.0361674 -0.0790245
v 0.011927 -0.0355494 -0.0861845
v 0.014314 -0.0347654 -0.0861845
v 0.011927 -0.0355414 -0.0837975
v 0.014314 -0.0348054 -0.0837975
v 0.014566 -0.0346814 -0.0861845
v 0.016701 -0.0338834 -0.0861845
v 0.019087 -0.0326874 -0.0861845
v 0.014709 -0.0346814 -0.0837975
v 0.016701 -0.0339554 -0.0837975
v 0.019087 -0.0326884 -0.0837975
v 0.011927 -0.0355584 -0.0814115
v 0.014314 -0.0348694 -0.0814115
v 0.011927 -0.0355804 -0.0790245
v 0.014314 -0.0349074 -0.0790245
v 0.01491 -0.0346814 -0.0814115
v 0.016701 -0.0339994 -0.0814115
v 0.019087 -0.0326705 -0.0814115
v 0.015001 -0.0346814 -0.0790245
v 0.016701 -0.0340104 -0.0790245
v 0.019087 -0.0326894 -0.0790245
v 0.019531 -0.0322944 -0.0957315
v 0.01948 -0.0322944 -0.0933445
v 0.021474 -0.0311264 -0.0957315
v 0.023242 -0.0299074 -0.0957315
v 0.023861 -0.0294384 -0.0957315
v 0.021474 -0.0310934 -0.0933445
v 0.023227 -0.0299074 -0.0933445
v 0.023861 -0.0294384 -0.0933445
v 0.025979 -0.0275214 -0.0957315
v 0.025962 -0.0275214 -0.0933445
v 0.019498 -0.0322944 -0.0909575
v 0.019649 -0.0322944 -0.0885715
v 0.021474 -0.0311124 -0.0909575
v 0.023178 -0.0299074 -0.0909575
v 0.023861 -0.0293644 -0.0909575
v 0.021474 -0.0311414 -0.0885715
v 0.02311 -0.0299074 -0.0885715
v 0.023861 -0.0292724 -0.0885715
v 0.025807 -0.0275214 -0.0909575
v 0.02568 -0.0275214 -0.0885715
v 0.026248 -0.0272414 -0.0957315
v 0.028107 -0.0251344 -0.0957315
v 0.028634 -0.0244954 -0.0957315
v 0.026248 -0.0272124 -0.0933445
v 0.028035 -0.0251344 -0.0933445
v 0.028634 -0.0243944 -0.0933445
v 0.026248 -0.0270474 -0.0909575
v 0.027965 -0.0251344 -0.0909575
v 0.028634 -0.0243584 -0.0909575
v 0.026248 -0.0269304 -0.0885715
v 0.027975 -0.0251344 -0.0885715
v 0.028634 -0.0244354 -0.0885715
v 0.030049 -0.0227474 -0.0957315
v 0.029916 -0.0227474 -0.0933445
v 0.031021 -0.0214834 -0.0957315
v 0.031818 -0.0203604 -0.0957315
v 0.033315 -0.0179744 -0.0957315
v 0.031021 -0.0212434 -0.0933445
v 0.031655 -0.0203604 -0.0933445
v 0.033325 -0.0179744 -0.0933445
v 0.029935 -0.0227474 -0.0909575
v 0.030108 -0.0227474 -0.0885715
v 0.031021 -0.0212914 -0.0909575
v 0.031714 -0.0203604 -0.0909575
v 0.033408 -0.0179744 -0.0920445
v 0.033408 -0.0181234 -0.0909575
v 0.031021 -0.0215964 -0.0885715
v 0.031979 -0.0203604 -0.0885715
v 0.033408 -0.0184724 -0.0885715
v 0.033514 -0.0179744 -0.0909575
v 0.03376 -0.0179744 -0.0885715
v 0.019747 -0.0322944 -0.0861845
v 0.019691 -0.0322944 -0.0837975
v 0.021474 -0.0310774 -0.0861845
v 0.022956 -0.0299074 -0.0861845
v 0.023861 -0.0291474 -0.0861845
v 0.021474 -0.0309754 -0.0837975
v 0.022836 -0.0299074 -0.0837975
v 0.023861 -0.0290674 -0.0837975
v 0.025626 -0.0275214 -0.0861845
v 0.0256 -0.0275214 -0.0837975
v 0.019649 -0.0322944 -0.0814115
v 0.019692 -0.0322944 -0.0790245
v 0.021474 -0.0309494 -0.0814115
v 0.022837 -0.0299074 -0.0814115
v 0.023861 -0.0290824 -0.0814115
v 0.021474 -0.0310024 -0.0790245
v 0.022909 -0.0299074 -0.0790245
v 0.023861 -0.0291424 -0.0790245
v 0.025625 -0.0275214 -0.0814115
v 0.025677 -0.0275214 -0.0790245
v 0.026248 -0.0269144 -0.0861845
v 0.028053 -0.0251344 -0.0861845
v 0.028634 -0.0245434 -0.0861845
v 0.026248 -0.0269154 -0.0837975
v 0.028088 -0.0251344 -0.0837975
v 0.028634 -0.0245744 -0.0837975
v 0.026248 -0.0269364 -0.0814115
v 0.028092 -0.0251344 -0.0814115
v 0.028634 -0.0245694 -0.0814115
v 0.026248 -0.0269704 -0.0790245
v 0.028074 -0.0251344 -0.0790245
v 0.028634 -0.0245474 -0.0790245
v 0.030261 -0.0227474 -0.0861845
v 0.030266 -0.0227474 -0.0837975
v 0.031021 -0.0218244 -0.0861845
v 0.032177 -0.0203604 -0.0861845
v 0.033408 -0.0186824 -0.0861845
v 0.031021 -0.0218164 -0.0837975
v 0.032143 -0.0203604 -0.0837975
v 0.033408 -0.0185784 -0.0837975
v 0.03388 -0.0179744 -0.0861845
v 0.033799 -0.0179744 -0.0837975
v 0.030215 -0.0227474 -0.0814115
v 0.030191 -0.0227474 -0.0790245
v 0.031021 -0.0217004 -0.0814115
v 0.032002 -0.0203604 -0.0814115
v 0.033408 -0.0183304 -0.0814115
v 0.031021 -0.0216464 -0.0790245
v 0.031946 -0.0203604 -0.0790245
v 0.033408 -0.0182304 -0.0790245
v 0.033637 -0.0179744 -0.0814115
v 0.033571 -0.0179744 -0.0790245
v 0.033408 -0.0178074 -0.0957315
v 0.033408 -0.0178464 -0.0933445
v 0.034661 -0.0155874 -0.0957315
v 0.035794 -0.0135814 -0.0957315
v 0.036004 -0.0132004 -0.0957315
v 0.034822 -0.0155874 -0.0933445
v 0.035794 -0.0139014 -0.0933445
v 0.036168 -0.0132004 -0.0933445
v 0.037239 -0.0108144 -0.0957315
v 0.038119 -0.00842745 -0.0957315
v 0.037314 -0.0108144 -0.0933445
v 0.038147 -0.00842745 -0.0933445
v 0.035095 -0.0155874 -0.0909575
v 0.035794 -0.0142884 -0.0909575
v 0.036293 -0.0132004 -0.0909575
v 0.035275 -0.0155874 -0.0885715
v 0.035794 -0.0145084 -0.0885715
v 0.036314 -0.0132004 -0.0885715
v 0.037257 -0.0108144 -0.0909575
v 0.038011 -0.00842745 -0.0909575
v 0.03715 -0.0108144 -0.0885715
v 0.037832 -0.00842745 -0.0885715
v 0.038181 -0.00819445 -0.0957315
v 0.038181 -0.00829945 -0.0933445
v 0.038181 -0.00766945 -0.0909575
v 0.038181 -0.00653945 -0.0885715
v 0.035273 -0.0155874 -0.0861845
v 0.035794 -0.0143794 -0.0861845
v 0.036219 -0.0132004 -0.0861845
v 0.035169 -0.0155874 -0.0837975
v 0.035794 -0.0141114 -0.0837975
v 0.036116 -0.0132004 -0.0837975
v 0.037011 -0.0108144 -0.0861845
v 0.03772 -0.00842745 -0.0861845
v 0.036911 -0.0108144 -0.0837975
v 0.037669 -0.00842745 -0.0837975
v 0.035063 -0.0155874 -0.0814115
v 0.035794 -0.0140034 -0.0814115
v 0.036101 -0.0132004 -0.0814115
v 0.034996 -0.0155874 -0.0790245
v 0.035794 -0.0139124 -0.0790245
v 0.036074 -0.0132004 -0.0790245
v 0.03691 -0.0108144 -0.0814115
v 0.037653 -0.00842745 -0.0814115
v 0.036856 -0.0108144 -0.0790245
v 0.037559 -0.00842745 -0.0790245
v 0.038181 -0.00631445 -0.0861845
v 0.038181 -0.00647445 -0.0837975
v 0.038181 -0.00657345 -0.0814115
v 0.038181 -0.00632645 -0.0790245
v 0.038182 -0.00604045 -0.114824
v 0.038396 -0.00365445 -0.114824
v 0.038411 -0.00365445 -0.112438
v 0.038516 -0.00126745 -0.114824
v 0.038557 0.00111955 -0.114824
v 0.038577 -0.00126745 -0.112438
v 0.038636 0.00111955 -0.112438
v 0.038419 -0.00365445 -0.110051
v 0.038228 -0.00604045 -0.107664
v 0.03843 -0.00365445 -0.107664
v 0.03863 -0.00126745 -0.110051
v 0.038724 0.00111955 -0.110051
v 0.038656 -0.00126745 -0.107664
v 0.038752 0.00111955 -0.107664
v 0.038243 -0.00604045 -0.105278
v 0.038398 -0.00365445 -0.105278
v 0.038343 -0.00365445 -0.102891
v 0.038603 -0.00126745 -0.105278
v 0.038672 0.00111955 -0.105278
v 0.038509 -0.00126745 -0.102891
v 0.038572 0.00111955 -0.102891
v 0.038211 -0.00604045 -0.100504
v 0.038391 -0.00365445 -0.100504
v 0.038402 -0.00604045 -0.0981175
v 0.038563 -0.00365445 -0.0981175
v 0.038518 -0.00126745 -0.100504
v 0.038577 0.00111955 -0.100504
v 0.038635 -0.00126745 -0.0981175
v 0.038644 0.00111955 -0.0981175
v 0.038576 -0.00604045 -0.0957315
v 0.03869 -0.00365445 -0.0957315
v 0.038608 -0.00604045 -0.0933445
v 0.038704 -0.00365445 -0.0933445
v 0.038706 -0.00126745 -0.0957315
v 0.038697 0.00111955 -0.0957315
v 0.038732 -0.00126745 -0.0933445
v 0.038775 0.00111955 -0.0933445
v 0.038438 -0.00604045 -0.0909575
v 0.03861 -0.00365445 -0.0909575
v 0.03825 -0.00604045 -0.0885715
v 0.038537 -0.00365445 -0.0885715
v 0.038755 -0.00126745 -0.0909575
v 0.038848 0.00111955 -0.0909575
v 0.038787 -0.00126745 -0.0885715
v 0.03887 0.00111955 -0.0885715
v 0.038231 -0.00604045 -0.0861845
v 0.03862 -0.00365445 -0.0861845
v 0.038282 -0.00604045 -0.0837975
v 0.038741 -0.00365445 -0.0837975
v 0.038887 -0.00126745 -0.0861845
v 0.03891 0.00111955 -0.0861845
v 0.038983 -0.00126745 -0.0837975
v 0.038961 0.00111955 -0.0837975
v 0.038324 -0.00604045 -0.0814115
v 0.03883 -0.00365445 -0.0814115
v 0.038264 -0.00604045 -0.0790245
v 0.038824 -0.00365445 -0.0790245
v 0.039038 -0.00126745 -0.0814115
v 0.038988 0.00111955 -0.0814115
v 0.039041 -0.00126745 -0.0790245
v 0.038995 0.00111955 -0.0790245
v 0.002381 -0.0375045 -0.0766375
v 0.004767 -0.0373054 -0.0766375
v 0.002381 -0.0375174 -0.0742505
v 0.004767 -0.0373774 -0.0742505
v 0.00611 -0.0370674 -0.0766375
v 0.006558 -0.0370674 -0.0742505
v 0.002381 -0.0375124 -0.0718645
v 0.004767 -0.0373965 -0.0718645
v 0.002381 -0.0375435 -0.0694775
v 0.004767 -0.0374234 -0.0694775
v 0.006734 -0.0370674 -0.0718645
v 0.006759 -0.0370674 -0.0694775
v 0.002381 -0.0376084 -0.0670905
v 0.004767 -0.0374924 -0.0670905
v 0.002381 -0.0376324 -0.0647045
v 0.004767 -0.0375284 -0.0647045
v 0.006926 -0.0370674 -0.0670905
v 0.007093 -0.0370674 -0.0647045
v 0.002381 -0.0376544 -0.0623175
v 0.004767 -0.0375345 -0.0623175
v 0.002381 -0.0377034 -0.0599305
v 0.004767 -0.0375374 -0.0599305
v 0.007154 -0.0370674 -0.0629875
v 0.007154 -0.0370725 -0.0623175
v 0.007171 -0.0370674 -0.0623175
v 0.007154 -0.0370894 -0.0599305
v 0.007242 -0.0370674 -0.0599305
v 0.002381 -0.0377444 -0.0575445
v 0.004767 -0.0375404 -0.0575445
v 0.002381 -0.0377464 -0.0551575
v 0.004767 -0.0375324 -0.0551575
v 0.007154 -0.0371124 -0.0575445
v 0.007351 -0.0370674 -0.0575445
v 0.007154 -0.0371054 -0.0551575
v 0.00733 -0.0370674 -0.0551575
v 0.002381 -0.0376684 -0.0527705
v 0.004767 -0.0374734 -0.0527705
v 0.002381 -0.0375685 -0.0503845
v 0.004767 -0.0374014 -0.0503845
v 0.007154 -0.0370674 -0.0532105
v 0.007101 -0.0370674 -0.0527705
v 0.006889 -0.0370674 -0.0503845
v 0.002381 -0.0375104 -0.0479975
v 0.004767 -0.0373834 -0.0479975
v 0.002381 -0.0374975 -0.0456105
v 0.004767 -0.0374084 -0.0456105
v 0.006968 -0.0370674 -0.0479975
v 0.007154 -0.0370674 -0.0462495
v 0.007154 -0.0370784 -0.0456105
v 0.007207 -0.0370674 -0.0456105
v 0.002381 -0.0374434 -0.0432235
v 0.004767 -0.0373345 -0.0432235
v 0.002381 -0.0373435 -0.0408375
v 0.004767 -0.0371674 -0.0408375
v 0.007154 -0.0370674 -0.0443915
v 0.006801 -0.0370674 -0.0432235
v 0.005589 -0.0370674 -0.0408375
v 0.007154 -0.0368155 -0.0766375
v 0.009541 -0.0361824 -0.0766375
v 0.007154 -0.0369235 -0.0742505
v 0.009541 -0.0362784 -0.0742505
v 0.007154 -0.0369724 -0.0718645
v 0.009541 -0.0363515 -0.0718645
v 0.007154 -0.0369734 -0.0694775
v 0.009541 -0.0363294 -0.0694775
v 0.011927 -0.0355714 -0.0766375
v 0.014314 -0.0348475 -0.0766375
v 0.011927 -0.0355755 -0.0742505
v 0.014314 -0.0347494 -0.0742505
v 0.014792 -0.0346814 -0.0766375
v 0.016701 -0.0339304 -0.0766375
v 0.019087 -0.0326714 -0.0766375
v 0.014498 -0.0346814 -0.0742505
v 0.016701 -0.0337834 -0.0742505
v 0.019087 -0.0325564 -0.0742505
v 0.011927 -0.0355924 -0.0718645
v 0.014314 -0.0347084 -0.0718645
v 0.011927 -0.0355604 -0.0694775
v 0.014314 -0.0346884 -0.0694775
v 0.014385 -0.0346814 -0.0718645
v 0.016701 -0.0336954 -0.0718645
v 0.019087 -0.0324874 -0.0718645
v 0.014333 -0.0346814 -0.0694775
v 0.016701 -0.0337234 -0.0694775
v 0.019087 -0.0326004 -0.0694775
v 0.007154 -0.0370074 -0.0670905
v 0.009541 -0.0363044 -0.0670905
v 0.007154 -0.0370514 -0.0647045
v 0.009541 -0.0363374 -0.0647045
v 0.009541 -0.0363774 -0.0623175
v 0.009541 -0.0364254 -0.0599305
v 0.011927 -0.0355254 -0.0670905
v 0.014314 -0.0347075 -0.0670905
v 0.011927 -0.0355764 -0.0647045
v 0.014314 -0.0348175 -0.0647045
v 0.01439 -0.0346814 -0.0670905
v 0.016701 -0.0338345 -0.0670905
v 0.019087 -0.0327654 -0.0670905
v 0.014735 -0.0346814 -0.0647045
v 0.016701 -0.0339764 -0.0647045
v 0.019087 -0.0328374 -0.0647045
v 0.011927 -0.0356364 -0.0623175
v 0.014314 -0.0349034 -0.0623175
v 0.011927 -0.0356855 -0.0599305
v 0.014314 -0.0349634 -0.0599305
v 0.015022 -0.0346814 -0.0623175
v 0.016701 -0.0340715 -0.0623175
v 0.019087 -0.0328754 -0.0623175
v 0.015212 -0.0346814 -0.0599305
v 0.016701 -0.0341244 -0.0599305
v 0.019087 -0.0329124 -0.0599305
v 0.019693 -0.0322944 -0.0766375
v 0.019536 -0.0322944 -0.0742505
v 0.021474 -0.0310424 -0.0766375
v 0.022977 -0.0299074 -0.0766375
v 0.023861 -0.0292004 -0.0766375
v 0.021474 -0.0310124 -0.0742505
v 0.023004 -0.0299074 -0.0742505
v 0.023861 -0.0292424 -0.0742505
v 0.025706 -0.0275214 -0.0766375
v 0.025743 -0.0275214 -0.0742505
v 0.019443 -0.0322944 -0.0718645
v 0.019678 -0.0322944 -0.0694775
v 0.021474 -0.0310374 -0.0718645
v 0.023072 -0.0299074 -0.0718645
v 0.023861 -0.0292974 -0.0718645
v 0.021474 -0.0311904 -0.0694775
v 0.023218 -0.0299074 -0.0694775
v 0.023861 -0.0293954 -0.0694775
v 0.025825 -0.0275214 -0.0718645
v 0.025964 -0.0275214 -0.0694775
v 0.026248 -0.0269704 -0.0766375
v 0.027995 -0.0251344 -0.0766375
v 0.028634 -0.0244604 -0.0766375
v 0.026248 -0.0269924 -0.0742505
v 0.027956 -0.0251344 -0.0742505
v 0.028634 -0.0243914 -0.0742505
v 0.026248 -0.0270854 -0.0718645
v 0.028018 -0.0251344 -0.0718645
v 0.028634 -0.0244234 -0.0718645
v 0.026248 -0.0272374 -0.0694775
v 0.028155 -0.0251344 -0.0694775
v 0.028634 -0.0245684 -0.0694775
v 0.030146 -0.0227474 -0.0766375
v 0.030062 -0.0227474 -0.0742505
v 0.031021 -0.0216244 -0.0766375
v 0.031958 -0.0203604 -0.0766375
v 0.033408 -0.0182834 -0.0766375
v 0.031021 -0.0215354 -0.0742505
v 0.031924 -0.0203604 -0.0742505
v 0.033408 -0.0183114 -0.0742505
v 0.033603 -0.0179744 -0.0766375
v 0.033622 -0.0179744 -0.0742505
v 0.030024 -0.0227474 -0.0718645
v 0.030109 -0.0227474 -0.0694775
v 0.031021 -0.0214644 -0.0718645
v 0.031877 -0.0203604 -0.0718645
v 0.033408 -0.0182934 -0.0718645
v 0.031021 -0.0215454 -0.0694775
v 0.031923 -0.0203604 -0.0694775
v 0.033408 -0.0183634 -0.0694775
v 0.033614 -0.0179744 -0.0718645
v 0.033667 -0.0179744 -0.0694775
v 0.019964 -0.0322944 -0.0670905
v 0.020022 -0.0322944 -0.0647045
v 0.021474 -0.0313044 -0.0670905
v 0.023331 -0.0299074 -0.0670905
v 0.023861 -0.0294984 -0.0670905
v 0.021474 -0.0313015 -0.0647045
v 0.023361 -0.0299074 -0.0647045
v 0.023861 -0.0295374 -0.0647045
v 0.026155 -0.0275214 -0.0670905
v 0.026248 -0.0275214 -0.0652585
v 0.026248 -0.0275264 -0.0647045
v 0.026253 -0.0275214 -0.0647045
v 0.020051 -0.0322944 -0.0623175
v 0.020109 -0.0322944 -0.0599305
v 0.021474 -0.0313094 -0.0623175
v 0.023341 -0.0299074 -0.0623175
v 0.023861 -0.0295074 -0.0623175
v 0.021474 -0.0313444 -0.0599305
v 0.023336 -0.0299074 -0.0599305
v 0.023861 -0.0294854 -0.0599305
v 0.026248 -0.0275214 -0.0640945
v 0.026174 -0.0275214 -0.0623175
v 0.026079 -0.0275214 -0.0599305
v 0.026248 -0.0274294 -0.0670905
v 0.028327 -0.0251344 -0.0670905
v 0.028634 -0.0247704 -0.0670905
v 0.028461 -0.0251344 -0.0647045
v 0.028634 -0.0249314 -0.0647045
v 0.026248 -0.0274504 -0.0623175
v 0.028488 -0.0251344 -0.0623175
v 0.028634 -0.0249714 -0.0623175
v 0.026248 -0.0273584 -0.0599305
v 0.028414 -0.0251344 -0.0599305
v 0.028634 -0.0248944 -0.0599305
v 0.030296 -0.0227474 -0.0670905
v 0.030443 -0.0227474 -0.0647045
v 0.031021 -0.0217994 -0.0670905
v 0.032095 -0.0203604 -0.0670905
v 0.033408 -0.0185384 -0.0670905
v 0.031021 -0.0219834 -0.0647045
v 0.032218 -0.0203604 -0.0647045
v 0.033408 -0.0186744 -0.0647045
v 0.033781 -0.0179744 -0.0670905
v 0.033863 -0.0179744 -0.0647045
v 0.030475 -0.0227474 -0.0623175
v 0.030433 -0.0227474 -0.0599305
v 0.031021 -0.0219964 -0.0623175
v 0.032216 -0.0203604 -0.0623175
v 0.033408 -0.0187164 -0.0623175
v 0.031021 -0.0219484 -0.0599305
v 0.032187 -0.0203614 -0.0599305
v 0.033408 -0.0186834 -0.0599305
v 0.033902 -0.0179744 -0.0623175
v 0.033886 -0.0179744 -0.0599305
v 0.034945 -0.0155874 -0.0766375
v 0.035794 -0.0135714 -0.0766375
v 0.035923 -0.0132004 -0.0766375
v 0.034878 -0.0155874 -0.0742505
v 0.035794 -0.0132004 -0.0749675
v 0.035751 -0.0132004 -0.0742505
v 0.036667 -0.0108144 -0.0766375
v 0.037392 -0.00842745 -0.0766375
v 0.035794 -0.0130624 -0.0742505
v 0.0365 -0.0108144 -0.0742505
v 0.037291 -0.00842745 -0.0742505
v 0.034834 -0.0155874 -0.0718645
v 0.035654 -0.0132004 -0.0718645
v 0.034897 -0.0155874 -0.0694775
v 0.035668 -0.0132004 -0.0694775
v 0.035794 -0.0127354 -0.0718645
v 0.036397 -0.0108144 -0.0718645
v 0.037223 -0.00842745 -0.0718645
v 0.035794 -0.0127404 -0.0694775
v 0.036355 -0.0108144 -0.0694775
v 0.037166 -0.00842745 -0.0694775
v 0.038181 -0.00604045 -0.0776415
v 0.038131 -0.00604045 -0.0766375
v 0.038181 -0.00586945 -0.0766375
v 0.038078 -0.00604045 -0.0742505
v 0.038181 -0.00570445 -0.0742505
v 0.038056 -0.00604045 -0.0718645
v 0.038181 -0.00564845 -0.0718645
v 0.03801 -0.00604045 -0.0694775
v 0.038181 -0.00550645 -0.0694775
v 0.035057 -0.0155874 -0.0670905
v 0.035794 -0.0132004 -0.0676495
v 0.035794 -0.0134214 -0.0670905
v 0.035855 -0.0132004 -0.0670905
v 0.035194 -0.0155874 -0.0647045
v 0.035794 -0.0141554 -0.0647045
v 0.036137 -0.0132004 -0.0647045
v 0.036521 -0.0108144 -0.0670905
v 0.037264 -0.00842745 -0.0670905
v 0.036879 -0.0108144 -0.0647045
v 0.037522 -0.00842745 -0.0647045
v 0.035289 -0.0155874 -0.0623175
v 0.035794 -0.0145314 -0.0623175
v 0.036375 -0.0132004 -0.0623175
v 0.035338 -0.0155874 -0.0599305
v 0.035794 -0.0146984 -0.0599305
v 0.036501 -0.0132004 -0.0599305
v 0.037214 -0.0108144 -0.0623175
v 0.037771 -0.00842745 -0.0623175
v 0.037378 -0.0108144 -0.0599305
v 0.037878 -0.00842745 -0.0599305
v 0.038006 -0.00604045 -0.0670905
v 0.038181 -0.00541045 -0.0670905
v 0.038094 -0.00604045 -0.0647045
v 0.038181 -0.00564545 -0.0647045
v 0.038181 -0.00604045 -0.0629155
v 0.038181 -0.00617045 -0.0623175
v 0.038181 -0.00631745 -0.0599305
v 0.009541 -0.0365044 -0.0575445
v 0.009541 -0.0365425 -0.0551575
v 0.007154 -0.0370565 -0.0527705
v 0.009541 -0.0364924 -0.0527705
v 0.007154 -0.0370144 -0.0503845
v 0.009541 -0.0364424 -0.0503845
v 0.011927 -0.0357944 -0.0575445
v 0.014314 -0.0350655 -0.0575445
v 0.011927 -0.0358674 -0.0551575
v 0.014314 -0.0350904 -0.0551575
v 0.015448 -0.0346814 -0.0575445
v 0.016701 -0.0341694 -0.0575445
v 0.019087 -0.0328874 -0.0575445
v 0.015424 -0.0346814 -0.0551575
v 0.016701 -0.0341195 -0.0551575
v 0.019087 -0.0327654 -0.0551575
v 0.011927 -0.0358064 -0.0527705
v 0.014314 -0.0349945 -0.0527705
v 0.011927 -0.0357304 -0.0503845
v 0.014314 -0.0349005 -0.0503845
v 0.015139 -0.0346814 -0.0527705
v 0.016701 -0.0339734 -0.0527705
v 0.019087 -0.0326074 -0.0527705
v 0.014881 -0.0346814 -0.0503845
v 0.016701 -0.0338395 -0.0503845
v 0.019087 -0.0324834 -0.0503845
v 0.007154 -0.0370324 -0.0479975
v 0.009541 -0.0364904 -0.0479975
v 0.009541 -0.0365434 -0.0456105
v 0.007154 -0.0370004 -0.0432235
v 0.009541 -0.0364584 -0.0432235
v 0.007154 -0.0368094 -0.0408375
v 0.009541 -0.0362645 -0.0408375
v 0.011927 -0.0357845 -0.0479975
v 0.014314 -0.0349014 -0.0479975
v 0.011927 -0.0358404 -0.0456105
v 0.014314 -0.0349374 -0.0456105
v 0.014847 -0.0346814 -0.0479975
v 0.016701 -0.0337894 -0.0479975
v 0.019087 -0.0324194 -0.0479975
v 0.01493 -0.0346814 -0.0456105
v 0.016701 -0.0338364 -0.0456105
v 0.019087 -0.0324434 -0.0456105
v 0.011927 -0.0357514 -0.0432235
v 0.014314 -0.0348924 -0.0432235
v 0.011927 -0.0356114 -0.0408375
v 0.014314 -0.0348294 -0.0408375
v 0.014863 -0.0346814 -0.0432235
v 0.016701 -0.0338594 -0.0432235
v 0.019087 -0.0324834 -0.0432235
v 0.014715 -0.0346814 -0.0408375
v 0.016701 -0.0338185 -0.0408375
v 0.019087 -0.0324564 -0.0408375
v 0.020051 -0.0322944 -0.0575445
v 0.019846 -0.0322944 -0.0551575
v 0.021474 -0.0313164 -0.0575445
v 0.023337 -0.0299074 -0.0575445
v 0.023861 -0.0294894 -0.0575445
v 0.021474 -0.0311944 -0.0551575
v 0.023234 -0.0299074 -0.0551575
v 0.023861 -0.0294214 -0.0551575
v 0.02605 -0.0275214 -0.0575445
v 0.025974 -0.0275214 -0.0551575
v 0.019603 -0.0322944 -0.0527705
v 0.019408 -0.0322944 -0.0503845
v 0.021474 -0.0310364 -0.0527705
v 0.022997 -0.0299074 -0.0527705
v 0.023861 -0.0292244 -0.0527705
v 0.021474 -0.0309094 -0.0503845
v 0.022779 -0.0299074 -0.0503845
v 0.023861 -0.0290104 -0.0503845
v 0.025782 -0.0275214 -0.0527705
v 0.025553 -0.0275214 -0.0503845
v 0.026248 -0.0273224 -0.0575445
v 0.028314 -0.0251344 -0.0575445
v 0.028634 -0.0247804 -0.0575445
v 0.026248 -0.0272414 -0.0551575
v 0.02821 -0.0251344 -0.0551575
v 0.028634 -0.0246634 -0.0551575
v 0.026248 -0.0270624 -0.0527705
v 0.028106 -0.0251344 -0.0527705
v 0.028634 -0.0245614 -0.0527705
v 0.026248 -0.0268754 -0.0503845
v 0.028034 -0.0251344 -0.0503845
v 0.028634 -0.0245214 -0.0503845
v 0.030361 -0.0227474 -0.0575445
v 0.030286 -0.0227474 -0.0551575
v 0.031021 -0.0218794 -0.0575445
v 0.032157 -0.0203614 -0.0575445
v 0.033408 -0.0186194 -0.0575445
v 0.031021 -0.0218134 -0.0551575
v 0.032131 -0.0203614 -0.0551575
v 0.033408 -0.0185764 -0.0551575
v 0.033834 -0.0179744 -0.0575445
v 0.033798 -0.0179744 -0.0551575
v 0.030238 -0.0227474 -0.0527705
v 0.030252 -0.0227474 -0.0503845
v 0.031021 -0.0217854 -0.0527705
v 0.032124 -0.0203614 -0.0527705
v 0.033408 -0.0185504 -0.0527705
v 0.031021 -0.0218064 -0.0503845
v 0.032137 -0.0203614 -0.0503845
v 0.033408 -0.0185674 -0.0503845
v 0.033772 -0.0179744 -0.0527705
v 0.033782 -0.0179744 -0.0503845
v 0.019301 -0.0322944 -0.0479975
v 0.019333 -0.0322944 -0.0456105
v 0.021474 -0.0308744 -0.0479975
v 0.022777 -0.0299074 -0.0479975
v 0.023861 -0.0290154 -0.0479975
v 0.021474 -0.0309124 -0.0456105
v 0.022917 -0.0299074 -0.0456105
v 0.023861 -0.0291774 -0.0456105
v 0.025533 -0.0275214 -0.0479975
v 0.025707 -0.0275214 -0.0456105
v 0.019392 -0.0322944 -0.0432235
v 0.019347 -0.0322944 -0.0408375
v 0.021474 -0.0309104 -0.0432235
v 0.022917 -0.0299074 -0.0432235
v 0.023861 -0.0292034 -0.0432235
v 0.021474 -0.0308414 -0.0408375
v 0.022774 -0.0299074 -0.0408375
v 0.023861 -0.0290924 -0.0408375
v 0.025792 -0.0275214 -0.0432235
v 0.025748 -0.0275214 -0.0408375
v 0.026248 -0.0268514 -0.0479975
v 0.028016 -0.0251344 -0.0479975
v 0.028634 -0.0245104 -0.0479975
v 0.026248 -0.0269824 -0.0456105
v 0.028027 -0.0251344 -0.0456105
v 0.028634 -0.0244844 -0.0456105
v 0.026248 -0.0270674 -0.0432235
v 0.028055 -0.0251344 -0.0432235
v 0.028634 -0.0244824 -0.0432235
v 0.026248 -0.0270604 -0.0408375
v 0.028102 -0.0251344 -0.0408375
v 0.028634 -0.0245204 -0.0408375
v 0.030261 -0.0227474 -0.0479975
v 0.030196 -0.0227474 -0.0456105
v 0.031021 -0.0218144 -0.0479975
v 0.032124 -0.0203614 -0.0479975
v 0.033408 -0.0185554 -0.0479975
v 0.031021 -0.0217254 -0.0456105
v 0.032036 -0.0203614 -0.0456105
v 0.033408 -0.0184264 -0.0456105
v 0.033792 -0.0179744 -0.0479975
v 0.033716 -0.0179744 -0.0456105
v 0.030115 -0.0227474 -0.0432235
v 0.030081 -0.0227474 -0.0408375
v 0.031021 -0.0215744 -0.0432235
v 0.031892 -0.0203614 -0.0432235
v 0.033408 -0.0181784 -0.0432235
v 0.031021 -0.0214814 -0.0408375
v 0.031785 -0.0203614 -0.0408375
v 0.033408 -0.0179744 -0.0414885
v 0.033364 -0.0179744 -0.0408375
v 0.033544 -0.0179744 -0.0432235
v 0.035319 -0.0155874 -0.0575445
v 0.035794 -0.0147064 -0.0575445
v 0.036526 -0.0132004 -0.0575445
v 0.035259 -0.0155874 -0.0551575
v 0.035794 -0.0145884 -0.0551575
v 0.036465 -0.0132004 -0.0551575
v 0.037402 -0.0108144 -0.0575445
v 0.037882 -0.00842745 -0.0575445
v 0.037352 -0.0108144 -0.0551575
v 0.037868 -0.00842745 -0.0551575
v 0.035149 -0.0155874 -0.0527705
v 0.035794 -0.0142794 -0.0527705
v 0.036289 -0.0132004 -0.0527705
v 0.035104 -0.0155874 -0.0503845
v 0.035794 -0.0140634 -0.0503845
v 0.036162 -0.0132004 -0.0503845
v 0.037221 -0.0108144 -0.0527705
v 0.037819 -0.00842745 -0.0527705
v 0.037114 -0.0108144 -0.0503845
v 0.037787 -0.00842745 -0.0503845
v 0.038181 -0.00604045 -0.0578495
v 0.038176 -0.00604045 -0.0575445
v 0.038181 -0.00599645 -0.0575445
v 0.038163 -0.00604045 -0.0551575
v 0.038181 -0.00586845 -0.0551575
v 0.03817 -0.00604045 -0.0527705
v 0.038181 -0.00594745 -0.0527705
v 0.038181 -0.00604045 -0.0512675
v 0.038181 -0.00612745 -0.0503845
v 0.035193 -0.0155874 -0.0479975
v 0.035794 -0.0142724 -0.0479975
v 0.036233 -0.0132004 -0.0479975
v 0.035234 -0.0155874 -0.0456105
v 0.035794 -0.0144814 -0.0456105
v 0.036352 -0.0132004 -0.0456105
v 0.037147 -0.0108144 -0.0479975
v 0.037816 -0.00842745 -0.0479975
v 0.037227 -0.0108144 -0.0456105
v 0.037843 -0.00842745 -0.0456105
v 0.033408 -0.0179064 -0.0408375
v 0.035091 -0.0155874 -0.0432235
v 0.035794 -0.0142794 -0.0432235
v 0.03629 -0.0132004 -0.0432235
v 0.034873 -0.0155874 -0.0408375
v 0.035794 -0.0138234 -0.0408375
v 0.036066 -0.0132004 -0.0408375
v 0.037188 -0.0108144 -0.0432235
v 0.037817 -0.00842745 -0.0432235
v 0.036977 -0.0108144 -0.0408375
v 0.037677 -0.00842745 -0.0408375
v 0.038181 -0.00633145 -0.0479975
v 0.038181 -0.00641045 -0.0456105
v 0.038181 -0.00635945 -0.0432235
v 0.038181 -0.00604045 -0.0414915
v 0.038148 -0.00604045 -0.0408375
v 0.038181 -0.00582445 -0.0408375
v 0.038732 -0.00365445 -0.0766375
v 0.038704 -0.00365445 -0.0742505
v 0.038976 -0.00126745 -0.0766375
v 0.038961 0.00111955 -0.0766375
v 0.038961 -0.00126745 -0.0742505
v 0.038942 0.00111955 -0.0742505
v 0.038701 -0.00365445 -0.0718645
v 0.038658 -0.00365445 -0.0694775
v 0.038982 -0.00126745 -0.0718645
v 0.038978 0.00111955 -0.0718645
v 0.038964 -0.00126745 -0.0694775
v 0.03901 0.00111955 -0.0694775
v 0.03859 -0.00365445 -0.0670905
v 0.038582 -0.00365445 -0.0647045
v 0.03891 -0.00126745 -0.0670905
v 0.038971 0.00111955 -0.0670905
v 0.038884 -0.00126745 -0.0647045
v 0.038913 0.00111955 -0.0647045
v 0.038204 -0.00604045 -0.0623175
v 0.038622 -0.00365445 -0.0623175
v 0.03822 -0.00604045 -0.0599305
v 0.038592 -0.00365445 -0.0599305
v 0.038902 -0.00126745 -0.0623175
v 0.038902 0.00111955 -0.0623175
v 0.038891 -0.00126745 -0.0599305
v 0.038917 0.00111955 -0.0599305
v 0.03851 -0.00365445 -0.0575445
v 0.038456 -0.00365445 -0.0551575
v 0.038856 -0.00126745 -0.0575445
v 0.038957 0.00111955 -0.0575445
v 0.038825 -0.00126745 -0.0551575
v 0.039004 0.00111955 -0.0551575
v 0.038479 -0.00365445 -0.0527705
v 0.038193 -0.00604045 -0.0503845
v 0.03854 -0.00365445 -0.0503845
v 0.038841 -0.00126745 -0.0527705
v 0.039054 0.00111955 -0.0527705
v 0.03888 -0.00126745 -0.0503845
v 0.039067 0.00111955 -0.0503845
v 0.038223 -0.00604045 -0.0479975
v 0.038552 -0.00365445 -0.0479975
v 0.038231 -0.00604045 -0.0456105
v 0.038519 -0.00365445 -0.0456105
v 0.038849 -0.00126745 -0.0479975
v 0.039007 0.00111955 -0.0479975
v 0.038758 -0.00126745 -0.0456105
v 0.038882 0.00111955 -0.0456105
v 0.038226 -0.00604045 -0.0432235
v 0.038495 -0.00365445 -0.0432235
v 0.038461 -0.00365445 -0.0408375
v 0.038671 -0.00126745 -0.0432235
v 0.038721 0.00111955 -0.0432235
v 0.038641 -0.00126745 -0.0408375
v 0.038649 0.00111955 -0.0408375
v 0.002381 -0.0373275 -0.0384505
v 0.004767 -0.0371104 -0.0384505
v 0.002381 -0.0373234 -0.0360635
v 0.004767 -0.0371294 -0.0360635
v 0.005074 -0.0370674 -0.0384505
v 0.005208 -0.0370674 -0.0360635
v 0.002381 -0.0373134 -0.0336775
v 0.004767 -0.0371744 -0.0336775
v 0.002381 -0.0373284 -0.0312905
v 0.004767 -0.0372064 -0.0312905
v 0.005718 -0.0370674 -0.0336775
v 0.006069 -0.0370674 -0.0312905
v 0.002381 -0.0372944 -0.0289035
v 0.004767 -0.0371284 -0.0289035
v 0.002381 -0.0372955 -0.0265175
v 0.004767 -0.0370674 -0.0274615
v 0.004599 -0.0370674 -0.0265175
v 0.005355 -0.0370674 -0.0289035
v 0.002381 -0.0374014 -0.0241305
v 0.004767 -0.0370674 -0.0245515
v 0.004767 -0.0370844 -0.0241305
v 0.002381 -0.0375614 -0.0217435
v 0.004767 -0.0372364 -0.0217435
v 0.00487 -0.0370674 -0.0241305
v 0.005809 -0.0370674 -0.0217435
v 0.002381 -0.0376684 -0.0193565
v 0.004767 -0.0373584 -0.0193565
v 0.002381 -0.0376524 -0.0169705
v 0.004767 -0.0373205 -0.0169705
v 0.006678 -0.0370674 -0.0193565
v 0.006542 -0.0370674 -0.0169705
v 0.002381 -0.0375784 -0.0145835
v 0.004767 -0.0372234 -0.0145835
v 0.002381 -0.0375654 -0.0121965
v 0.004767 -0.0372175 -0.0121965
v 0.005872 -0.0370674 -0.0145835
v 0.005718 -0.0370674 -0.0121965
v 0.002381 -0.0376224 -0.00981049
v 0.004767 -0.0373025 -0.00981049
v 0.002381 -0.0376844 -0.00742349
v 0.004767 -0.0373774 -0.00742349
v 0.006052 -0.0370674 -0.00981049
v 0.006338 -0.0370674 -0.00742349
v 0.002381 -0.0376784 -0.00503649
v 0.004767 -0.0373334 -0.00503649
v 0.002381 -0.0375584 -0.00264949
v 0.004767 -0.0371875 -0.00264949
v 0.006165 -0.0370674 -0.00503649
v 0.0055 -0.0370674 -0.00264949
v 0.007154 -0.0366894 -0.0384505
v 0.009541 -0.0361364 -0.0384505
v 0.007154 -0.0367044 -0.0360635
v 0.009541 -0.0361784 -0.0360635
v 0.007154 -0.0368304 -0.0336775
v 0.009541 -0.0363364 -0.0336775
v 0.007154 -0.0368984 -0.0312905
v 0.009541 -0.0363764 -0.0312905
v 0.011927 -0.0355654 -0.0384505
v 0.014314 -0.0348684 -0.0384505
v 0.011927 -0.0356814 -0.0360635
v 0.014314 -0.0350134 -0.0360635
v 0.014833 -0.0346814 -0.0384505
v 0.016701 -0.0338485 -0.0384505
v 0.019087 -0.0324514 -0.0384505
v 0.015193 -0.0346814 -0.0360635
v 0.016701 -0.0339624 -0.0360635
v 0.019087 -0.0325314 -0.0360635
v 0.011927 -0.0358104 -0.0336775
v 0.014314 -0.0350964 -0.0336775
v 0.011927 -0.0357364 -0.0312905
v 0.014314 -0.0349664 -0.0312905
v 0.015355 -0.0346814 -0.0336775
v 0.016701 -0.0340134 -0.0336775
v 0.019087 -0.0325765 -0.0336775
v 0.015046 -0.0346814 -0.0312905
v 0.016701 -0.0338855 -0.0312905
v 0.019087 -0.0324514 -0.0312905
v 0.004767 -0.0370464 -0.0265175
v 0.007154 -0.0367944 -0.0289035
v 0.009541 -0.0362194 -0.0289035
v 0.007154 -0.0366534 -0.0265175
v 0.009541 -0.0360584 -0.0265175
v 0.007154 -0.0366595 -0.0241305
v 0.009541 -0.0360924 -0.0241305
v 0.007154 -0.0368344 -0.0217435
v 0.009541 -0.0363035 -0.0217435
v 0.011927 -0.0355104 -0.0289035
v 0.014314 -0.0347334 -0.0289035
v 0.011927 -0.0353354 -0.0265175
v 0.014314 -0.0346814 -0.0283175
v 0.01398 -0.0346814 -0.0265175
v 0.014314 -0.0345675 -0.0265175
v 0.014457 -0.0346814 -0.0289035
v 0.016701 -0.0336474 -0.0289035
v 0.019087 -0.0322944 -0.0298245
v 0.01891 -0.0322944 -0.0289035
v 0.016701 -0.0334914 -0.0265175
v 0.018638 -0.0322944 -0.0265175
v 0.019087 -0.0321774 -0.0289035
v 0.019087 -0.0319844 -0.0265175
v 0.011927 -0.0353575 -0.0241305
v 0.013961 -0.0346814 -0.0241305
v 0.014314 -0.0345605 -0.0241305
v 0.011927 -0.0355624 -0.0217435
v 0.014314 -0.0346814 -0.0221675
v 0.014314 -0.0347184 -0.0217435
v 0.016701 -0.0335444 -0.0241305
v 0.018804 -0.0322944 -0.0241305
v 0.014416 -0.0346814 -0.0217435
v 0.016701 -0.0337224 -0.0217435
v 0.019087 -0.0322944 -0.0222705
v 0.019087 -0.0323454 -0.0217435
v 0.019087 -0.0320994 -0.0241305
v 0.019337 -0.0322944 -0.0384505
v 0.01947 -0.0322944 -0.0360635
v 0.021474 -0.0308244 -0.0384505
v 0.022744 -0.0299074 -0.0384505
v 0.023861 -0.0290584 -0.0384505
v 0.021474 -0.0309714 -0.0360635
v 0.022975 -0.0299074 -0.0360635
v 0.023861 -0.0292194 -0.0360635
v 0.025695 -0.0275214 -0.0384505
v 0.025744 -0.0275214 -0.0360635
v 0.019552 -0.0322944 -0.0336775
v 0.019341 -0.0322944 -0.0312905
v 0.021474 -0.0310694 -0.0336775
v 0.023136 -0.0299074 -0.0336775
v 0.023861 -0.0293454 -0.0336775
v 0.021474 -0.0308834 -0.0312905
v 0.022852 -0.0299074 -0.0312905
v 0.023861 -0.0291354 -0.0312905
v 0.025834 -0.0275214 -0.0336775
v 0.02569 -0.0275214 -0.0312905
v 0.026248 -0.0270164 -0.0384505
v 0.028058 -0.0251344 -0.0384505
v 0.028634 -0.0244584 -0.0384505
v 0.026248 -0.0270044 -0.0360635
v 0.027916 -0.0251344 -0.0360635
v 0.028634 -0.0242694 -0.0360635
v 0.026248 -0.0270684 -0.0336775
v 0.027861 -0.0251344 -0.0336775
v 0.028634 -0.0241644 -0.0336775
v 0.026248 -0.0269464 -0.0312905
v 0.027814 -0.0251344 -0.0312905
v 0.028634 -0.0241254 -0.0312905
v 0.030015 -0.0227474 -0.0384505
v 0.029845 -0.0227474 -0.0360635
v 0.031021 -0.0213544 -0.0384505
v 0.031672 -0.0203614 -0.0384505
v 0.033193 -0.0179744 -0.0384505
v 0.031021 -0.0210904 -0.0360635
v 0.031492 -0.0203614 -0.0360635
v 0.033024 -0.0179744 -0.0360635
v 0.029739 -0.0227474 -0.0336775
v 0.029737 -0.0227474 -0.0312905
v 0.031021 -0.0209584 -0.0336775
v 0.03142 -0.0203614 -0.0336775
v 0.032983 -0.0179744 -0.0336775
v 0.031021 -0.0210494 -0.0312905
v 0.031513 -0.0203614 -0.0312905
v 0.03308 -0.0179744 -0.0312905
v 0.021474 -0.0305034 -0.0289035
v 0.022309 -0.0299074 -0.0289035
v 0.023861 -0.0287334 -0.0289035
v 0.021474 -0.0302344 -0.0265175
v 0.021932 -0.0299074 -0.0265175
v 0.023861 -0.0284694 -0.0265175
v 0.025289 -0.0275214 -0.0289035
v 0.025013 -0.0275214 -0.0265175
v 0.019163 -0.0322944 -0.0217435
v 0.021474 -0.0302634 -0.0241305
v 0.021936 -0.0299074 -0.0241305
v 0.023861 -0.0284164 -0.0241305
v 0.021474 -0.0304584 -0.0217435
v 0.022133 -0.0299074 -0.0217435
v 0.023861 -0.0284964 -0.0217435
v 0.024977 -0.0275214 -0.0241305
v 0.025081 -0.0275214 -0.0217435
v 0.026248 -0.0265994 -0.0289035
v 0.02764 -0.0251344 -0.0289035
v 0.028634 -0.0240214 -0.0289035
v 0.026248 -0.0263784 -0.0265175
v 0.027499 -0.0251344 -0.0265175
v 0.028634 -0.0239464 -0.0265175
v 0.026248 -0.0263874 -0.0241305
v 0.027523 -0.0251344 -0.0241305
v 0.028634 -0.0239704 -0.0241305
v 0.026248 -0.0265174 -0.0217435
v 0.027682 -0.0251344 -0.0217435
v 0.028634 -0.0241144 -0.0217435
v 0.029728 -0.0227474 -0.0289035
v 0.029731 -0.0227474 -0.0265175
v 0.031021 -0.0211464 -0.0289035
v 0.031612 -0.0203614 -0.0289035
v 0.03319 -0.0179744 -0.0289035
v 0.031021 -0.0212314 -0.0265175
v 0.031693 -0.0203614 -0.0265175
v 0.033305 -0.0179744 -0.0265175
v 0.029758 -0.0227474 -0.0241305
v 0.029826 -0.0227474 -0.0217435
v 0.031021 -0.0212824 -0.0241305
v 0.031746 -0.0203614 -0.0241305
v 0.033408 -0.0179744 -0.0244915
v 0.033408 -0.0179974 -0.0241305
v 0.031021 -0.0212834 -0.0217435
v 0.031734 -0.0203614 -0.0217435
v 0.033408 -0.0179994 -0.0217435
v 0.033422 -0.0179744 -0.0241305
v 0.033424 -0.0179744 -0.0217435
v 0.033408 -0.0176284 -0.0384505
v 0.033408 -0.0173694 -0.0360635
v 0.034664 -0.0155874 -0.0384505
v 0.035794 -0.0133224 -0.0384505
v 0.035844 -0.0132004 -0.0384505
v 0.034522 -0.0155874 -0.0360635
v 0.035794 -0.0132004 -0.0377285
v 0.035749 -0.0132004 -0.0360635
v 0.036719 -0.0108144 -0.0384505
v 0.037454 -0.00842745 -0.0384505
v 0.035794 -0.0130884 -0.0360635
v 0.036609 -0.0108144 -0.0360635
v 0.037331 -0.00842745 -0.0360635
v 0.033408 -0.0173024 -0.0336775
v 0.033408 -0.0174144 -0.0312905
v 0.034499 -0.0155874 -0.0336775
v 0.035792 -0.0132004 -0.0336775
v 0.03451 -0.0155874 -0.0312905
v 0.035794 -0.0132004 -0.0335845
v 0.035794 -0.0133014 -0.0312905
v 0.035842 -0.0132004 -0.0312905
v 0.035794 -0.0131944 -0.0336775
v 0.036658 -0.0108144 -0.0336775
v 0.037373 -0.00842745 -0.0336775
v 0.036747 -0.0108144 -0.0312905
v 0.037463 -0.00842745 -0.0312905
v 0.037989 -0.00604045 -0.0384505
v 0.038181 -0.00490545 -0.0384505
v 0.037884 -0.00604045 -0.0360635
v 0.038181 -0.00414045 -0.0360635
v 0.037909 -0.00604045 -0.0336775
v 0.038181 -0.00369945 -0.0336775
v 0.03797 -0.00604045 -0.0312905
v 0.038181 -0.00375245 -0.0312905
v 0.033408 -0.0175904 -0.0289035
v 0.033408 -0.0178034 -0.0265175
v 0.034583 -0.0155874 -0.0289035
v 0.035794 -0.0134634 -0.0289035
v 0.035925 -0.0132004 -0.0289035
v 0.034766 -0.0155874 -0.0265175
v 0.035794 -0.0137864 -0.0265175
v 0.036085 -0.0132004 -0.0265175
v 0.036855 -0.0108144 -0.0289035
v 0.037501 -0.00842745 -0.0289035
v 0.036987 -0.0108144 -0.0265175
v 0.037515 -0.00842745 -0.0265165
v 0.034912 -0.0155874 -0.0241305
v 0.035794 -0.0139824 -0.0241305
v 0.036174 -0.0132004 -0.0241305
v 0.034865 -0.0155874 -0.0217435
v 0.035794 -0.0138104 -0.0217435
v 0.036083 -0.0132004 -0.0217435
v 0.037061 -0.0108144 -0.0241305
v 0.037574 -0.00842745 -0.0241305
v 0.037016 -0.0108144 -0.0217435
v 0.037671 -0.00842745 -0.0217435
v 0.037935 -0.00604045 -0.0289035
v 0.038181 -0.00365445 -0.0293715
v 0.038168 -0.00365445 -0.0289035
v 0.037877 -0.00604045 -0.0265165
v 0.038181 -0.00365445 -0.0273075
v 0.038181 -0.00385245 -0.0265165
v 0.038181 -0.00347645 -0.0289035
v 0.038008 -0.00604045 -0.0241305
v 0.038181 -0.00513945 -0.0241305
v 0.038181 -0.00604045 -0.0223645
v 0.038181 -0.00626745 -0.0217435
v 0.007154 -0.0369894 -0.0193565
v 0.009541 -0.0364934 -0.0193565
v 0.007154 -0.0369754 -0.0169705
v 0.009541 -0.0365104 -0.0169705
v 0.007154 -0.0368775 -0.0145835
v 0.009541 -0.0363844 -0.0145835
v 0.007154 -0.0368134 -0.0121965
v 0.009541 -0.0362374 -0.0121965
v 0.011927 -0.0357694 -0.0193565
v 0.014314 -0.0348974 -0.0193565
v 0.011927 -0.0357984 -0.0169705
v 0.014314 -0.0349314 -0.0169705
v 0.014876 -0.0346814 -0.0193565
v 0.016701 -0.0338974 -0.0193565
v 0.019087 -0.0325424 -0.0193565
v 0.01498 -0.0346814 -0.0169705
v 0.016701 -0.0339714 -0.0169705
v 0.019087 -0.0326664 -0.0169705
v 0.011927 -0.0356314 -0.0145835
v 0.014314 -0.0347814 -0.0145835
v 0.011927 -0.0354515 -0.0121965
v 0.014314 -0.0346814 -0.0133875
v 0.014115 -0.0346814 -0.0121965
v 0.014314 -0.0346104 -0.0121965
v 0.014598 -0.0346814 -0.0145835
v 0.016701 -0.0338715 -0.0145835
v 0.019087 -0.0326714 -0.0145835
v 0.016701 -0.0336774 -0.0121965
v 0.019087 -0.0325305 -0.0121965
v 0.007154 -0.0368254 -0.00981049
v 0.009541 -0.0361944 -0.00981049
v 0.007154 -0.0368714 -0.00742349
v 0.009541 -0.0362324 -0.00742349
v 0.007154 -0.0368514 -0.00503649
v 0.009541 -0.0362435 -0.00503649
v 0.007154 -0.0367774 -0.00264949
v 0.009541 -0.0362374 -0.00264949
v 0.011927 -0.0354425 -0.00981049
v 0.01405 -0.0346814 -0.00981049
v 0.014314 -0.0345794 -0.00981049
v 0.011927 -0.0355074 -0.00742349
v 0.014136 -0.0346814 -0.00742349
v 0.014314 -0.0346074 -0.00742349
v 0.016701 -0.0335274 -0.00981049
v 0.019087 -0.0323005 -0.00981049
v 0.016701 -0.0334724 -0.00742349
v 0.019087 -0.0322944 -0.00974249
v 0.01889 -0.0322944 -0.00742349
v 0.019087 -0.0321844 -0.00742349
v 0.011927 -0.0355084 -0.00503649
v 0.014136 -0.0346814 -0.00503649
v 0.014314 -0.0346085 -0.00503649
v 0.011927 -0.0354975 -0.00264949
v 0.014161 -0.0346814 -0.00264949
v 0.014314 -0.0346225 -0.00264949
v 0.016701 -0.0335004 -0.00503649
v 0.018999 -0.0322944 -0.00503649
v 0.016701 -0.0335744 -0.00264949
v 0.019087 -0.0322944 -0.00391048
v 0.019087 -0.0323364 -0.00264949
v 0.019087 -0.0322464 -0.00503649
v 0.019453 -0.0322944 -0.0193565
v 0.01965 -0.0322944 -0.0169705
v 0.021474 -0.0306814 -0.0193565
v 0.022392 -0.0299074 -0.0193565
v 0.023861 -0.0286874 -0.0193565
v 0.021474 -0.0308754 -0.0169705
v 0.022627 -0.0299074 -0.0169705
v 0.023861 -0.0288484 -0.0169705
v 0.025273 -0.0275214 -0.0193565
v 0.025378 -0.0275214 -0.0169705
v 0.019707 -0.0322944 -0.0145835
v 0.019516 -0.0322944 -0.0121965
v 0.021474 -0.0309784 -0.0145835
v 0.022726 -0.0299074 -0.0145835
v 0.023861 -0.0288984 -0.0145835
v 0.021474 -0.0309604 -0.0121965
v 0.022761 -0.0299074 -0.0121965
v 0.023861 -0.0289544 -0.0121965
v 0.025389 -0.0275214 -0.0145835
v 0.025474 -0.0275214 -0.0121965
v 0.026248 -0.0266794 -0.0193565
v 0.02788 -0.0251344 -0.0193565
v 0.028634 -0.0243344 -0.0193565
v 0.026248 -0.0267354 -0.0169705
v 0.027925 -0.0251344 -0.0169705
v 0.028634 -0.0244004 -0.0169705
v 0.026248 -0.0267124 -0.0145835
v 0.02783 -0.0251344 -0.0145835
v 0.028634 -0.0242834 -0.0145835
v 0.026248 -0.0267904 -0.0121965
v 0.027872 -0.0251344 -0.0121965
v 0.028634 -0.0242944 -0.0121965
v 0.029977 -0.0227474 -0.0193565
v 0.030062 -0.0227474 -0.0169705
v 0.031021 -0.0213654 -0.0193565
v 0.031741 -0.0203614 -0.0193565
v 0.033408 -0.0179744 -0.0213025
v 0.033327 -0.0179744 -0.0193565
v 0.031021 -0.0214584 -0.0169705
v 0.031771 -0.0203614 -0.0169705
v 0.03327 -0.0179744 -0.0169705
v 0.029971 -0.0227474 -0.0145835
v 0.029927 -0.0227474 -0.0121965
v 0.031021 -0.0213714 -0.0145835
v 0.03172 -0.0203614 -0.0145835
v 0.033256 -0.0179744 -0.0145835
v 0.031021 -0.0212724 -0.0121965
v 0.03165 -0.0203614 -0.0121965
v 0.033246 -0.0179744 -0.0121965
v 0.019099 -0.0322944 -0.00981049
v 0.021474 -0.0308264 -0.00981049
v 0.022769 -0.0299074 -0.00981049
v 0.023861 -0.0290644 -0.00981049
v 0.021474 -0.0307504 -0.00742349
v 0.022786 -0.0299074 -0.00742349
v 0.023861 -0.0291644 -0.00742349
v 0.025699 -0.0275214 -0.00981049
v 0.025928 -0.0275214 -0.00742349
v 0.019165 -0.0322944 -0.00264949
v 0.021474 -0.0308224 -0.00503649
v 0.022899 -0.0299074 -0.00503649
v 0.023861 -0.0292504 -0.00503649
v 0.021474 -0.0308944 -0.00264949
v 0.022988 -0.0299074 -0.00264949
v 0.023861 -0.0292994 -0.00264949
v 0.026014 -0.0275214 -0.00503649
v 0.026015 -0.0275214 -0.00264949
v 0.026248 -0.0270194 -0.00981049
v 0.028102 -0.0251344 -0.00981049
v 0.028634 -0.0245314 -0.00981049
v 0.026248 -0.0272364 -0.00742349
v 0.028316 -0.0251344 -0.00742349
v 0.028634 -0.0247694 -0.00742349
v 0.026248 -0.0273084 -0.00503649
v 0.028407 -0.0251344 -0.00503649
v 0.028634 -0.0248814 -0.00503649
v 0.026248 -0.0273014 -0.00264949
v 0.028388 -0.0251344 -0.00264949
v 0.028634 -0.0248684 -0.00264949
v 0.030077 -0.0227474 -0.00981049
v 0.030268 -0.0227474 -0.00742349
v 0.031021 -0.0214224 -0.00981049
v 0.03173 -0.0203614 -0.00981049
v 0.033283 -0.0179744 -0.00981049
v 0.031021 -0.0216844 -0.00742349
v 0.031885 -0.0203614 -0.00742349
v 0.033335 -0.0179744 -0.00742349
v 0.030392 -0.0227474 -0.00503649
v 0.030451 -0.0227474 -0.00264949
v 0.031021 -0.0218594 -0.00503649
v 0.03197 -0.0203614 -0.00503649
v 0.033336 -0.0179744 -0.00503649
v 0.031021 -0.0219654 -0.00264949
v 0.032039 -0.0203614 -0.00264949
v 0.033377 -0.0179744 -0.00264949
v 0.033408 -0.0178364 -0.0193565
v 0.033408 -0.0177294 -0.0169705
v 0.034689 -0.0155874 -0.0193565
v 0.035794 -0.0134564 -0.0193565
v 0.035916 -0.0132004 -0.0193565
v 0.034601 -0.0155874 -0.0169705
v 0.035794 -0.0132644 -0.0169705
v 0.035823 -0.0132004 -0.0169705
v 0.036917 -0.0108144 -0.0193565
v 0.037714 -0.00842745 -0.0193565
v 0.036819 -0.0108144 -0.0169705
v 0.037665 -0.00842745 -0.0169705
v 0.033408 -0.0177164 -0.0145835
v 0.033408 -0.0177184 -0.0121965
v 0.034659 -0.0155874 -0.0145835
v 0.035794 -0.0133824 -0.0145835
v 0.035874 -0.0132004 -0.0145835
v 0.034737 -0.0155874 -0.0121965
v 0.035794 -0.0136424 -0.0121965
v 0.036 -0.0132004 -0.0121965
v 0.036832 -0.0108144 -0.0145835
v 0.037658 -0.00842745 -0.0145835
v 0.036977 -0.0108144 -0.0121965
v 0.037754 -0.00842745 -0.0121965
v 0.038181 -0.00660845 -0.0193565
v 0.038181 -0.00635445 -0.0169705
v 0.038181 -0.00622145 -0.0145835
v 0.038181 -0.00654845 -0.0121965
v 0.033408 -0.0177734 -0.00981049
v 0.033408 -0.0178494 -0.00742349
v 0.034779 -0.0155874 -0.00981049
v 0.035794 -0.0137574 -0.00981049
v 0.03606 -0.0132004 -0.00981049
v 0.034812 -0.0155874 -0.00742349
v 0.035794 -0.0138564 -0.00742349
v 0.036107 -0.0132004 -0.00742349
v 0.037011 -0.0108144 -0.00981049
v 0.037713 -0.00842745 -0.00981049
v 0.036961 -0.0108144 -0.00742349
v 0.037527 -0.00842745 -0.00742349
v 0.033408 -0.0178464 -0.00503649
v 0.033408 -0.0179164 -0.00264949
v 0.034798 -0.0155874 -0.00503649
v 0.035794 -0.0139024 -0.00503649
v 0.036145 -0.0132004 -0.00503649
v 0.03478 -0.0155874 -0.00264949
v 0.035794 -0.0138144 -0.00264949
v 0.036101 -0.0132004 -0.00264949
v 0.036987 -0.0108144 -0.00503649
v 0.037481 -0.00842745 -0.00503649
v 0.037002 -0.0108144 -0.00264949
v 0.03758 -0.00842745 -0.00264949
v 0.038181 -0.00611945 -0.00981049
v 0.038181 -0.00604045 -0.00967049
v 0.03797 -0.00604045 -0.00742349
v 0.038181 -0.00479945 -0.00742349
v 0.03788 -0.00604045 -0.00503649
v 0.038181 -0.00428145 -0.00503649
v 0.037999 -0.00604045 -0.00264949
v 0.038181 -0.00478445 -0.00264949
v 0.038366 -0.00365445 -0.0384505
v 0.038243 -0.00365445 -0.0360635
v 0.03861 -0.00126745 -0.0384505
v 0.038655 0.00111955 -0.0384505
v 0.038516 -0.00126745 -0.0360635
v 0.03863 0.00111955 -0.0360635
v 0.038185 -0.00365445 -0.0336775
v 0.038186 -0.00365445 -0.0312905
v 0.038429 -0.00126745 -0.0336775
v 0.038589 0.00111955 -0.0336775
v 0.038365 -0.00126745 -0.0312905
v 0.038501 0.00111955 -0.0312905
v 0.038208 -0.00365445 -0.0265165
v 0.038322 -0.00126745 -0.0289035
v 0.038376 0.00111955 -0.0289035
v 0.038435 -0.00126745 -0.0265165
v 0.038435 0.00111955 -0.0265165
v 0.038448 -0.00365445 -0.0241305
v 0.038232 -0.00604045 -0.0217435
v 0.038683 -0.00365445 -0.0217435
v 0.038721 -0.00126745 -0.0241305
v 0.038711 0.00111955 -0.0241305
v 0.038937 -0.00126745 -0.0217435
v 0.038933 0.00111955 -0.0217435
v 0.038299 -0.00604045 -0.0193565
v 0.038689 -0.00365445 -0.0193565
v 0.038237 -0.00604045 -0.0169705
v 0.03858 -0.00365445 -0.0169705
v 0.03894 -0.00126745 -0.0193565
v 0.038953 0.00111955 -0.0193565
v 0.038818 -0.00126745 -0.0169705
v 0.038831 0.00111955 -0.0169705
v 0.038211 -0.00604045 -0.0145835
v 0.038522 -0.00365445 -0.0145835
v 0.038267 -0.00604045 -0.0121965
v 0.038558 -0.00365445 -0.0121965
v 0.038711 -0.00126745 -0.0145835
v 0.038722 0.00111955 -0.0145835
v 0.038723 -0.00126745 -0.0121965
v 0.038752 0.00111955 -0.0121965
v 0.038194 -0.00604045 -0.00981049
v 0.038525 -0.00365445 -0.00981049
v 0.038384 -0.00365445 -0.00742349
v 0.038787 -0.00126745 -0.00981049
v 0.038874 0.00111955 -0.00981049
v 0.038781 -0.00126745 -0.00742349
v 0.038919 0.00111955 -0.00742349
v 0.038296 -0.00365445 -0.00503649
v 0.038342 -0.00365445 -0.00264949
v 0.038701 -0.00126745 -0.00503649
v 0.038839 0.00111955 -0.00503649
v 0.038672 -0.00126745 -0.00264949
v 0.038806 0.00111955 -0.00264949
v 0.002381 -0.0373754 -0.000263485
v 0.004767 -0.0370674 -0.000862486
v 0.004497 -0.0370674 -0.000263485
v 0.002381 -0.0372304 0.00212351
v 0.003744 -0.0370674 0.00212351
v 0.002381 -0.0372224 0.00451052
v 0.004312 -0.0370674 0.00451052
v 0.002381 -0.0373205 0.00689652
v 0.004767 -0.0370674 0.00515751
v 0.004767 -0.0371894 0.00689652
v 0.005806 -0.0370674 0.00689652
v 0.002381 -0.0373394 0.00928351
v 0.004767 -0.0372585 0.00928351
v 0.002381 -0.0372904 0.0116705
v 0.004767 -0.0372444 0.0116705
v 0.006338 -0.0370674 0.00928351
v 0.006379 -0.0370674 0.0116705
v 0.002381 -0.0373364 0.0140565
v 0.004767 -0.0372684 0.0140565
v 0.002381 -0.0373354 0.0164435
v 0.004767 -0.0372154 0.0164435
v 0.006414 -0.0370674 0.0140565
v 0.005928 -0.0370674 0.0164435
v 0.002381 -0.0371575 0.0188305
v 0.004767 -0.0370674 0.0182045
v 0.00404 -0.0370674 0.0188305
v 0.002381 -0.0370674 0.0200975
v 0.002033 -0.0370674 0.0236035
v 0.001853 -0.0370674 0.0259905
v 0.001557 -0.0370674 0.0283775
v 0.002381 -0.0370674 0.0304945
v 0.002381 -0.0370795 0.0307635
v 0.002552 -0.0370674 0.0307635
v 0.002381 -0.0372044 0.0331505
v 0.004551 -0.0370674 0.0331505
v 0.002381 -0.0373124 0.0355375
v 0.004767 -0.0370674 0.0334375
v 0.004767 -0.0371694 0.0355375
v 0.005776 -0.0370674 0.0355375
v 0.004767 -0.0370294 -0.000263485
v 0.004767 -0.0369424 0.00212351
v 0.007154 -0.0366714 -0.000263485
v 0.009541 -0.0361975 -0.000263485
v 0.007154 -0.0366004 0.00212351
v 0.009541 -0.0361384 0.00212351
v 0.004767 -0.0370224 0.00451052
v 0.007154 -0.0366904 0.00451052
v 0.009541 -0.0362004 0.00451052
v 0.007154 -0.0368484 0.00689652
v 0.009541 -0.0363285 0.00689652
v 0.011927 -0.0355174 -0.000263485
v 0.014306 -0.0346814 -0.000263485
v 0.014314 -0.0346784 -0.000263485
v 0.011927 -0.0355314 0.00212351
v 0.014314 -0.0346814 -0.000172484
v 0.014314 -0.0347544 0.00212351
v 0.016701 -0.0336664 -0.000263485
v 0.019087 -0.0324254 -0.000263485
v 0.014515 -0.0346814 0.00212351
v 0.016701 -0.0337635 0.00212351
v 0.019087 -0.0325334 0.00212351
v 0.011927 -0.0355804 0.00451052
v 0.014314 -0.0348184 0.00451052
v 0.011927 -0.0356524 0.00689652
v 0.014314 -0.0348214 0.00689652
v 0.014692 -0.0346814 0.00451052
v 0.016701 -0.0338334 0.00451052
v 0.019087 -0.0326034 0.00451052
v 0.014677 -0.0346814 0.00689652
v 0.016701 -0.0338005 0.00689652
v 0.019087 -0.0325844 0.00689652
v 0.007154 -0.0369194 0.00928351
v 0.009541 -0.0363544 0.00928351
v 0.007154 -0.0369255 0.0116705
v 0.009541 -0.0363125 0.0116705
v 0.007154 -0.0369214 0.0140565
v 0.009541 -0.0362735 0.0140565
v 0.007154 -0.0368304 0.0164435
v 0.009541 -0.0361885 0.0164435
v 0.011927 -0.0356124 0.00928351
v 0.014314 -0.0347325 0.00928351
v 0.011927 -0.0355074 0.0116705
v 0.014314 -0.0346814 0.0103325
v 0.014179 -0.0346814 0.0116705
v 0.014314 -0.0346304 0.0116705
v 0.014442 -0.0346814 0.00928351
v 0.016701 -0.0336794 0.00928351
v 0.019087 -0.0324924 0.00928351
v 0.016701 -0.0335764 0.0116705
v 0.019087 -0.0323714 0.0116705
v 0.011927 -0.0354515 0.0140565
v 0.01402 -0.0346814 0.0140565
v 0.014314 -0.0345684 0.0140565
v 0.011927 -0.0354004 0.0164435
v 0.013866 -0.0346814 0.0164435
v 0.014314 -0.0345024 0.0164435
v 0.016701 -0.0334944 0.0140565
v 0.019087 -0.0322944 0.0129045
v 0.01894 -0.0322944 0.0140565
v 0.016701 -0.0333674 0.0164435
v 0.018593 -0.0322944 0.0164435
v 0.019087 -0.0322104 0.0140565
v 0.019087 -0.0319834 0.0164435
v 0.019322 -0.0322944 -0.000263485
v 0.019519 -0.0322944 0.00212351
v 0.021474 -0.0309474 -0.000263485
v 0.023012 -0.0299074 -0.000263485
v 0.023861 -0.0292954 -0.000263485
v 0.021474 -0.0310654 0.00212351
v 0.023126 -0.0299074 0.00212351
v 0.023861 -0.0293514 0.00212351
v 0.025991 -0.0275214 -0.000263485
v 0.026016 -0.0275214 0.00212351
v 0.019654 -0.0322944 0.00451052
v 0.019638 -0.0322944 0.00689652
v 0.021474 -0.0311934 0.00451052
v 0.023359 -0.0299074 0.00451052
v 0.023861 -0.0295314 0.00451052
v 0.021474 -0.0312434 0.00689652
v 0.023545 -0.0299074 0.00689652
v 0.023861 -0.0296844 0.00689652
v 0.026222 -0.0275214 0.00451052
v 0.026248 -0.0275214 0.00471452
v 0.026248 -0.0277184 0.00689652
v 0.026466 -0.0275214 0.00689652
v 0.026248 -0.0272784 -0.000263485
v 0.028356 -0.0251344 -0.000263485
v 0.028634 -0.0248324 -0.000263485
v 0.026248 -0.0273074 0.00212351
v 0.028441 -0.0251344 0.00212351
v 0.028634 -0.0249254 0.00212351
v 0.026248 -0.0274974 0.00451052
v 0.028634 -0.0251344 0.00414952
v 0.028634 -0.0251804 0.00451052
v 0.028634 -0.0254094 0.00689652
v 0.030436 -0.0227474 -0.000263485
v 0.030467 -0.0227474 0.00212351
v 0.031021 -0.0219704 -0.000263485
v 0.032101 -0.0203614 -0.000263485
v 0.033408 -0.0179744 -0.00201648
v 0.033408 -0.0181804 -0.000263485
v 0.031021 -0.0220014 0.00212351
v 0.032172 -0.0203614 0.00212351
v 0.033408 -0.0184534 0.00212351
v 0.033524 -0.0179744 -0.000263485
v 0.033697 -0.0179744 0.00212351
v 0.028678 -0.0251344 0.00451052
v 0.030713 -0.0227474 0.00451052
v 0.028899 -0.0251344 0.00689652
v 0.030981 -0.0227474 0.00689652
v 0.031021 -0.0223354 0.00451052
v 0.032408 -0.0203614 0.00451052
v 0.033408 -0.0187874 0.00451052
v 0.031021 -0.0226954 0.00689652
v 0.032638 -0.0203614 0.00689652
v 0.033408 -0.0190614 0.00689652
v 0.033891 -0.0179744 0.00451052
v 0.034013 -0.0179744 0.00689652
v 0.019483 -0.0322944 0.00928351
v 0.019237 -0.0322944 0.0116705
v 0.021474 -0.0311954 0.00928351
v 0.023503 -0.0299074 0.00928351
v 0.023861 -0.0296584 0.00928351
v 0.021474 -0.0310214 0.0116705
v 0.023213 -0.0299074 0.0116705
v 0.023861 -0.0294584 0.0116705
v 0.026248 -0.0277414 0.00928351
v 0.026496 -0.0275214 0.00928351
v 0.026248 -0.0275544 0.0116705
v 0.026285 -0.0275214 0.0116705
v 0.021474 -0.0306984 0.0140565
v 0.022671 -0.0299074 0.0140565
v 0.023861 -0.0290884 0.0140565
v 0.021474 -0.0302994 0.0164435
v 0.022027 -0.0299074 0.0164435
v 0.023861 -0.0285744 0.0164435
v 0.026248 -0.0275214 0.0119475
v 0.025832 -0.0275214 0.0140565
v 0.025163 -0.0275214 0.0164435
v 0.028634 -0.0254394 0.00928351
v 0.028634 -0.0252164 0.0116705
v 0.026248 -0.0271394 0.0140565
v 0.028634 -0.0251344 0.0121725
v 0.028238 -0.0251344 0.0140565
v 0.028634 -0.0247194 0.0140565
v 0.026248 -0.0265174 0.0164435
v 0.027652 -0.0251344 0.0164435
v 0.028634 -0.0241544 0.0164435
v 0.028925 -0.0251344 0.00928351
v 0.030979 -0.0227474 0.00928351
v 0.028711 -0.0251344 0.0116705
v 0.030745 -0.0227474 0.0116705
v 0.031021 -0.0226914 0.00928351
v 0.032601 -0.0203614 0.00928351
v 0.033408 -0.0189834 0.00928351
v 0.031021 -0.0223674 0.0116705
v 0.032372 -0.0203614 0.0116705
v 0.033408 -0.0187084 0.0116705
v 0.033961 -0.0179744 0.00928351
v 0.033843 -0.0179744 0.0116705
v 0.030382 -0.0227474 0.0140565
v 0.029961 -0.0227474 0.0164435
v 0.031021 -0.0219064 0.0140565
v 0.032125 -0.0203614 0.0140565
v 0.033408 -0.0185004 0.0140565
v 0.031021 -0.0214944 0.0164435
v 0.03193 -0.0203614 0.0164435
v 0.033408 -0.0183744 0.0164435
v 0.033747 -0.0179744 0.0140565
v 0.033668 -0.0179744 0.0164435
v 0.034886 -0.0155874 -0.000263485
v 0.035794 -0.0138244 -0.000263485
v 0.03608 -0.0132004 -0.000263485
v 0.035051 -0.0155874 0.00212351
v 0.035794 -0.0140034 0.00212351
v 0.036132 -0.0132004 0.00212351
v 0.036982 -0.0108144 -0.000263485
v 0.037657 -0.00842745 -0.000263485
v 0.037027 -0.0108144 0.00212351
v 0.037731 -0.00842745 0.00212351
v 0.03522 -0.0155874 0.00451052
v 0.035794 -0.0143314 0.00451052
v 0.036246 -0.0132004 0.00451052
v 0.035317 -0.0155874 0.00689652
v 0.035794 -0.0145694 0.00689652
v 0.036339 -0.0132004 0.00689652
v 0.03708 -0.0108144 0.00451052
v 0.037765 -0.00842745 0.00451052
v 0.037079 -0.0108144 0.00689652
v 0.037702 -0.00842745 0.00689652
v 0.038154 -0.00604045 -0.000263485
v 0.038181 -0.00587545 -0.000263485
v 0.038181 -0.00604045 0.000261516
v 0.038181 -0.00644545 0.00212351
v 0.038181 -0.00666945 0.00451052
v 0.038181 -0.00651845 0.00689652
v 0.035245 -0.0155874 0.00928351
v 0.035794 -0.0144124 0.00928351
v 0.036285 -0.0132004 0.00928351
v 0.035154 -0.0155874 0.0116705
v 0.035794 -0.0141744 0.0116705
v 0.036181 -0.0132004 0.0116705
v 0.037025 -0.0108144 0.00928351
v 0.037613 -0.00842745 0.00928351
v 0.036959 -0.0108144 0.0116705
v 0.037569 -0.00842745 0.0116705
v 0.035116 -0.0155874 0.0140565
v 0.035794 -0.0140864 0.0140565
v 0.036144 -0.0132004 0.0140565
v 0.035019 -0.0155874 0.0164435
v 0.035794 -0.0138774 0.0164435
v 0.036071 -0.0132004 0.0164435
v 0.036967 -0.0108144 0.0140565
v 0.037635 -0.00842745 0.0140565
v 0.036957 -0.0108144 0.0164435
v 0.037702 -0.00842745 0.0164435
v 0.038181 -0.00612745 0.00928351
v 0.038181 -0.00604045 0.00971152
v 0.038119 -0.00604045 0.0116705
v 0.038181 -0.00574745 0.0116705
v 0.038145 -0.00604045 0.0140565
v 0.038181 -0.00583645 0.0140565
v 0.038181 -0.00604045 0.0150655
v 0.038181 -0.00628845 0.0164435
v 0.004767 -0.0369995 0.0188305
v 0.002381 -0.0370424 0.0212175
v 0.004767 -0.0368344 0.0212175
v 0.007154 -0.0366184 0.0188305
v 0.009541 -0.0360374 0.0188305
v 0.007154 -0.0364264 0.0212175
v 0.009541 -0.0358774 0.0212175
v 0.002381 -0.0370565 0.0236035
v 0.004767 -0.0368204 0.0236035
v 0.002381 -0.0370394 0.0259905
v 0.004767 -0.0368225 0.0259905
v 0.007154 -0.0363994 0.0236035
v 0.009541 -0.0358535 0.0236035
v 0.007154 -0.0365164 0.0259905
v 0.009541 -0.0360625 0.0259905
v 0.011927 -0.0353065 0.0188305
v 0.013612 -0.0346814 0.0188305
v 0.014314 -0.0343874 0.0188305
v 0.011927 -0.0352114 0.0212175
v 0.013441 -0.0346814 0.0212175
v 0.014314 -0.0343164 0.0212175
v 0.016701 -0.0331774 0.0188305
v 0.018218 -0.0322944 0.0188305
v 0.016701 -0.0330684 0.0212175
v 0.018029 -0.0322944 0.0212175
v 0.019087 -0.0317324 0.0188305
v 0.019087 -0.0316255 0.0212175
v 0.011927 -0.0352285 0.0236035
v 0.013626 -0.0346814 0.0236035
v 0.014314 -0.0344124 0.0236035
v 0.011927 -0.0354234 0.0259905
v 0.014142 -0.0346814 0.0259905
v 0.014314 -0.0346155 0.0259905
v 0.016701 -0.0331884 0.0236035
v 0.018239 -0.0322944 0.0236035
v 0.016701 -0.0334664 0.0259905
v 0.018773 -0.0322944 0.0259905
v 0.019087 -0.0317834 0.0236035
v 0.019087 -0.0321145 0.0259905
v 0.002381 -0.0370175 0.0283775
v 0.004767 -0.0368284 0.0283775
v 0.004767 -0.0369114 0.0307635
v 0.007154 -0.0366455 0.0283775
v 0.009541 -0.0362904 0.0283775
v 0.007154 -0.0366964 0.0307635
v 0.009541 -0.0362844 0.0307635
v 0.004767 -0.0370514 0.0331505
v 0.007154 -0.0367404 0.0331505
v 0.009541 -0.0361994 0.0331505
v 0.007154 -0.0368455 0.0355375
v 0.009541 -0.0362744 0.0355375
v 0.011927 -0.0356305 0.0283775
v 0.014314 -0.0346814 0.0267285
v 0.014314 -0.0347984 0.0283775
v 0.011927 -0.0356114 0.0307635
v 0.014314 -0.0348374 0.0307635
v 0.014626 -0.0346814 0.0283775
v 0.016701 -0.0337684 0.0283775
v 0.019087 -0.0322944 0.0271825
v 0.019087 -0.0324644 0.0283775
v 0.014782 -0.0346814 0.0307635
v 0.016701 -0.0339454 0.0307635
v 0.019087 -0.0326964 0.0307635
v 0.011927 -0.0355135 0.0331505
v 0.014314 -0.0348034 0.0331505
v 0.011927 -0.0355775 0.0355375
v 0.014314 -0.0348385 0.0355375
v 0.014715 -0.0346814 0.0331505
v 0.016701 -0.0339744 0.0331505
v 0.019087 -0.0327625 0.0331505
v 0.014787 -0.0346814 0.0355375
v 0.016701 -0.0339414 0.0355375
v 0.019087 -0.0326994 0.0355375
v 0.021474 -0.0300114 0.0188305
v 0.021617 -0.0299074 0.0188305
v 0.023861 -0.0281884 0.0188305
v 0.021474 -0.0299774 0.0212175
v 0.021573 -0.0299074 0.0212175
v 0.023861 -0.0281734 0.0212175
v 0.024671 -0.0275214 0.0188305
v 0.024665 -0.0275214 0.0212175
v 0.021474 -0.0302054 0.0236035
v 0.021904 -0.0299074 0.0236035
v 0.023861 -0.0284184 0.0236035
v 0.021474 -0.0306014 0.0259905
v 0.02245 -0.0299074 0.0259905
v 0.023861 -0.0287604 0.0259905
v 0.024938 -0.0275214 0.0236035
v 0.025209 -0.0275214 0.0259905
v 0.026248 -0.0261334 0.0188305
v 0.027343 -0.0251344 0.0188305
v 0.028634 -0.0238754 0.0188305
v 0.026248 -0.0261624 0.0212175
v 0.027402 -0.0251344 0.0212175
v 0.028634 -0.0239244 0.0212175
v 0.026248 -0.0263424 0.0236035
v 0.02753 -0.0251344 0.0236035
v 0.028634 -0.0240104 0.0236035
v 0.026248 -0.0264964 0.0259905
v 0.027599 -0.0251344 0.0259905
v 0.028634 -0.0240214 0.0259905
v 0.029684 -0.0227474 0.0188305
v 0.029676 -0.0227474 0.0212175
v 0.031021 -0.0212164 0.0188305
v 0.031749 -0.0203614 0.0188305
v 0.033408 -0.0182094 0.0188305
v 0.031021 -0.0210874 0.0212175
v 0.031597 -0.0203614 0.0212175
v 0.033408 -0.0179744 0.0209205
v 0.033382 -0.0179744 0.0212175
v 0.033561 -0.0179744 0.0188305
v 0.029712 -0.0227474 0.0236035
v 0.02968 -0.0227474 0.0259905
v 0.031021 -0.0209944 0.0236035
v 0.031469 -0.0203614 0.0236035
v 0.03314 -0.0179744 0.0236035
v 0.031021 -0.0208654 0.0259905
v 0.031352 -0.0203614 0.0259905
v 0.03292 -0.0179744 0.0259905
v 0.019382 -0.0322944 0.0283775
v 0.019744 -0.0322944 0.0307635
v 0.021474 -0.0309434 0.0283775
v 0.022863 -0.0299074 0.0283775
v 0.023861 -0.0290474 0.0283775
v 0.021474 -0.0311054 0.0307635
v 0.023039 -0.0299074 0.0307635
v 0.023861 -0.0292124 0.0307635
v 0.025435 -0.0275214 0.0283775
v 0.02566 -0.0275214 0.0307635
v 0.019848 -0.0322944 0.0331505
v 0.019752 -0.0322944 0.0355375
v 0.021474 -0.0311744 0.0331505
v 0.023177 -0.0299074 0.0331505
v 0.023861 -0.0293594 0.0331505
v 0.021474 -0.0311304 0.0355375
v 0.023169 -0.0299074 0.0355375
v 0.023861 -0.0293744 0.0355375
v 0.025862 -0.0275214 0.0331505
v 0.025904 -0.0275214 0.0355375
v 0.026248 -0.0266904 0.0283775
v 0.027757 -0.0251344 0.0283775
v 0.028634 -0.0241684 0.0283775
v 0.026248 -0.0269334 0.0307635
v 0.027987 -0.0251344 0.0307635
v 0.028634 -0.0244104 0.0307635
v 0.026248 -0.0271274 0.0331505
v 0.028094 -0.0251344 0.0331505
v 0.028634 -0.0245014 0.0331505
v 0.026248 -0.0271594 0.0355375
v 0.028045 -0.0251344 0.0355375
v 0.028634 -0.0244194 0.0355375
v 0.029765 -0.0227474 0.0283775
v 0.029926 -0.0227474 0.0307635
v 0.031021 -0.0209184 0.0283775
v 0.031374 -0.0203614 0.0283775
v 0.032886 -0.0179744 0.0283775
v 0.031021 -0.0211304 0.0307635
v 0.031523 -0.0203614 0.0307635
v 0.03304 -0.0179744 0.0307635
v 0.029973 -0.0227474 0.0331505
v 0.02991 -0.0227474 0.0355375
v 0.031021 -0.0212154 0.0331505
v 0.031592 -0.0203614 0.0331505
v 0.033121 -0.0179744 0.0331505
v 0.031021 -0.0211254 0.0355375
v 0.031515 -0.0203614 0.0355375
v 0.033053 -0.0179744 0.0355375
v 0.033408 -0.0179344 0.0212175
v 0.034888 -0.0155874 0.0188305
v 0.035794 -0.0135754 0.0188305
v 0.035951 -0.0132004 0.0188305
v 0.034758 -0.0155874 0.0212175
v 0.035794 -0.0133314 0.0212175
v 0.035849 -0.0132004 0.0212175
v 0.036867 -0.0108144 0.0188305
v 0.037644 -0.00842745 0.0188305
v 0.036778 -0.0108144 0.0212175
v 0.037546 -0.00842745 0.0212175
v 0.033408 -0.0175534 0.0236035
v 0.033408 -0.0171784 0.0259905
v 0.034549 -0.0155874 0.0236035
v 0.035794 -0.0132004 0.0223685
v 0.035712 -0.0132004 0.0236035
v 0.03432 -0.0155874 0.0259905
v 0.035533 -0.0132004 0.0259905
v 0.035794 -0.0130064 0.0236035
v 0.036659 -0.0108144 0.0236035
v 0.037456 -0.00842745 0.0236035
v 0.035794 -0.0125904 0.0259905
v 0.036493 -0.0108144 0.0259905
v 0.037347 -0.00842745 0.0259905
v 0.038181 -0.00619945 0.0188305
v 0.038181 -0.00604045 0.0196945
v 0.038134 -0.00604045 0.0212175
v 0.038181 -0.00580945 0.0212175
v 0.038099 -0.00604045 0.0236035
v 0.038181 -0.00569945 0.0236035
v 0.038072 -0.00604045 0.0259905
v 0.038181 -0.00561945 0.0259905
v 0.033408 -0.0170904 0.0283775
v 0.033408 -0.0173164 0.0307635
v 0.034243 -0.0155874 0.0283775
v 0.035435 -0.0132004 0.0283775
v 0.034309 -0.0155874 0.0307635
v 0.035446 -0.0132004 0.0307635
v 0.035794 -0.0123394 0.0283775
v 0.036379 -0.0108144 0.0283775
v 0.037245 -0.00842745 0.0283775
v 0.035794 -0.0123504 0.0307635
v 0.03637 -0.0108144 0.0307635
v 0.037208 -0.00842745 0.0307635
v 0.033408 -0.0174544 0.0331505
v 0.033408 -0.0173844 0.0355375
v 0.034365 -0.0155874 0.0331505
v 0.035479 -0.0132004 0.0331505
v 0.034415 -0.0155874 0.0355375
v 0.035534 -0.0132004 0.0355375
v 0.035794 -0.0124284 0.0331505
v 0.036401 -0.0108144 0.0331505
v 0.037206 -0.00842745 0.0331505
v 0.035794 -0.0125324 0.0355375
v 0.036423 -0.0108144 0.0355375
v 0.037195 -0.00842745 0.0355375
v 0.037991 -0.00604045 0.0283775
v 0.038181 -0.00526945 0.0283775
v 0.037906 -0.00604045 0.0307635
v 0.038181 -0.00468345 0.0307635
v 0.037822 -0.00604045 0.0331505
v 0.038181 -0.00369745 0.0331505
v 0.037742 -0.00604045 0.0355375
v 0.038181 -0.00365445 0.0332245
v 0.038061 -0.00365445 0.0355375
v 0.038181 0.000864551 0.0331505
v 0.038181 0.00111955 0.0328155
v 0.038156 0.00111955 0.0331505
v 0.038181 -0.00126745 0.0348645
v 0.038143 -0.00126745 0.0355375
v 0.037998 0.00111955 0.0355375
v 0.038492 -0.00365445 -0.000263485
v 0.038261 -0.00604045 0.00212351
v 0.038614 -0.00365445 0.00212351
v 0.038767 -0.00126745 -0.000263485
v 0.038904 0.00111955 -0.000263485
v 0.038842 -0.00126745 0.00212351
v 0.038966 0.00111955 0.00212351
v 0.038315 -0.00604045 0.00451052
v 0.038674 -0.00365445 0.00451052
v 0.038296 -0.00604045 0.00689652
v 0.038724 -0.00365445 0.00689652
v 0.038848 -0.00126745 0.00451052
v 0.038923 0.00111955 0.00451052
v 0.038893 -0.00126745 0.00689652
v 0.038889 0.00111955 0.00689652
v 0.038203 -0.00604045 0.00928351
v 0.038678 -0.00365445 0.00928351
v 0.038543 -0.00365445 0.0116705
v 0.038875 -0.00126745 0.00928351
v 0.038811 0.00111955 0.00928351
v 0.038708 -0.00126745 0.0116705
v 0.038599 0.00111955 0.0116705
v 0.038482 -0.00365445 0.0140565
v 0.038223 -0.00604045 0.0164435
v 0.038511 -0.00365445 0.0164435
v 0.038592 -0.00126745 0.0140565
v 0.038468 0.00111955 0.0140565
v 0.03862 -0.00126745 0.0164435
v 0.038561 0.00111955 0.0164435
v 0.038211 -0.00604045 0.0188305
v 0.038545 -0.00365445 0.0188305
v 0.038577 -0.00365445 0.0212175
v 0.038727 -0.00126745 0.0188305
v 0.038741 0.00111955 0.0188305
v 0.038851 -0.00126745 0.0212175
v 0.038853 0.00111955 0.0212175
v 0.03863 -0.00365445 0.0236035
v 0.038622 -0.00365445 0.0259905
v 0.038961 -0.00126745 0.0236035
v 0.038906 0.00111955 0.0236035
v 0.038948 -0.00126745 0.0259905
v 0.038841 0.00111955 0.0259905
v 0.038495 -0.00365445 0.0283775
v 0.038331 -0.00365445 0.0307635
v 0.038726 -0.00126745 0.0283775
v 0.038577 0.00111955 0.0283775
v 0.038478 -0.00126745 0.0307635
v 0.038332 0.00111955 0.0307635
v 0.038186 -0.00365445 0.0331505
v 0.038298 -0.00126745 0.0331505
v 0.002381 -0.0374585 0.0379235
v 0.004767 -0.0372944 0.0379235
v 0.002381 -0.0376784 0.0403105
v 0.004767 -0.0374844 0.0403105
v 0.006612 -0.0370674 0.0379235
v 0.007154 -0.0370674 0.0396625
v 0.007154 -0.0371054 0.0403105
v 0.007327 -0.0370674 0.0403105
v 0.002381 -0.0378605 0.0426975
v 0.004767 -0.0376305 0.0426975
v 0.002381 -0.0379475 0.0450845
v 0.004767 -0.0376634 0.0450845
v 0.007154 -0.0372144 0.0426975
v 0.007771 -0.0370674 0.0426975
v 0.007154 -0.0372614 0.0450845
v 0.008005 -0.0370674 0.0450845
v 0.002381 -0.0379484 0.0474705
v 0.004767 -0.0376474 0.0474705
v 0.002381 -0.0378075 0.0498575
v 0.004767 -0.0375345 0.0498575
v 0.007154 -0.0372495 0.0474705
v 0.007985 -0.0370674 0.0474705
v 0.007154 -0.0371374 0.0498575
v 0.007485 -0.0370674 0.0498575
v 0.002381 -0.0375934 0.0522445
v 0.004767 -0.0373034 0.0522445
v 0.002381 -0.0374725 0.0546305
v 0.004767 -0.0371325 0.0546305
v 0.007154 -0.0370674 0.0507165
v 0.006318 -0.0370674 0.0522445
v 0.005209 -0.0370674 0.0546305
v 0.002381 -0.0374174 0.0570175
v 0.004767 -0.0371165 0.0570175
v 0.002381 -0.0373334 0.0594045
v 0.004767 -0.0371604 0.0594045
v 0.005132 -0.0370674 0.0570175
v 0.00562 -0.0370674 0.0594045
v 0.002381 -0.0373144 0.0617905
v 0.004767 -0.0372335 0.0617905
v 0.002381 -0.0373924 0.0641775
v 0.004767 -0.0372834 0.0641775
v 0.006208 -0.0370674 0.0617905
v 0.006324 -0.0370674 0.0641775
v 0.002381 -0.0372464 0.0665645
v 0.004767 -0.0370684 0.0665645
v 0.002381 -0.0370674 0.0675025
v 0.004767 -0.0370674 0.0665665
v 0.00477 -0.0370674 0.0665645
v 0.007154 -0.0369715 0.0379235
v 0.009541 -0.0364054 0.0379235
v 0.009541 -0.0364814 0.0403105
v 0.009541 -0.0365524 0.0426975
v 0.009541 -0.0366214 0.0450845
v 0.011927 -0.0356774 0.0379235
v 0.014314 -0.0348504 0.0379235
v 0.011927 -0.0356804 0.0403105
v 0.014314 -0.0347625 0.0403105
v 0.014756 -0.0346814 0.0379235
v 0.016701 -0.0338185 0.0379235
v 0.019087 -0.0324694 0.0379235
v 0.014508 -0.0346814 0.0403105
v 0.016701 -0.0335924 0.0403105
v 0.019087 -0.0322944 0.0391745
v 0.018841 -0.0322944 0.0403105
v 0.019087 -0.0321364 0.0403105
v 0.011927 -0.0356614 0.0426975
v 0.014314 -0.0346814 0.0419385
v 0.014232 -0.0346814 0.0426975
v 0.014314 -0.0346444 0.0426975
v 0.011927 -0.0356625 0.0450845
v 0.014039 -0.0346814 0.0450845
v 0.014314 -0.0345504 0.0450845
v 0.016701 -0.0333884 0.0426975
v 0.018502 -0.0322944 0.0426975
v 0.016701 -0.0332925 0.0450845
v 0.01842 -0.0322944 0.0450845
v 0.019087 -0.0319154 0.0426975
v 0.019087 -0.0318754 0.0450845
v 0.009541 -0.0366274 0.0474705
v 0.009541 -0.0365114 0.0498575
v 0.007154 -0.0369114 0.0522445
v 0.009541 -0.0362844 0.0522445
v 0.007154 -0.0367264 0.0546305
v 0.009541 -0.0361004 0.0546305
v 0.011927 -0.0356305 0.0474705
v 0.013865 -0.0346814 0.0474705
v 0.014314 -0.0344615 0.0474705
v 0.011927 -0.0355135 0.0498575
v 0.013605 -0.0346814 0.0498575
v 0.014314 -0.0343244 0.0498575
v 0.016701 -0.0332154 0.0474705
v 0.018372 -0.0322944 0.0474705
v 0.016701 -0.0330924 0.0498575
v 0.018267 -0.0322944 0.0498575
v 0.019087 -0.0318744 0.0474705
v 0.019087 -0.0318564 0.0498575
v 0.011927 -0.0353194 0.0522445
v 0.013292 -0.0346814 0.0522445
v 0.014314 -0.0341894 0.0522445
v 0.011927 -0.0352134 0.0546305
v 0.013233 -0.0346814 0.0546305
v 0.014314 -0.0342234 0.0546305
v 0.016701 -0.0330265 0.0522445
v 0.018255 -0.0322944 0.0522445
v 0.016701 -0.0331345 0.0546305
v 0.018472 -0.0322944 0.0546305
v 0.019087 -0.0318764 0.0522445
v 0.019087 -0.0319745 0.0546305
v 0.019366 -0.0322944 0.0379235
v 0.021474 -0.0308434 0.0379235
v 0.022778 -0.0299074 0.0379235
v 0.023861 -0.0290954 0.0379235
v 0.021474 -0.0304634 0.0403105
v 0.02225 -0.0299074 0.0403105
v 0.023861 -0.0287264 0.0403105
v 0.02569 -0.0275214 0.0379235
v 0.025366 -0.0275214 0.0403105
v 0.021474 -0.0302374 0.0426975
v 0.02194 -0.0299074 0.0426975
v 0.023861 -0.0285114 0.0426975
v 0.021474 -0.0302204 0.0450845
v 0.021917 -0.0299074 0.0450845
v 0.023861 -0.0284704 0.0450845
v 0.025136 -0.0275214 0.0426975
v 0.025063 -0.0275214 0.0450845
v 0.026248 -0.0269584 0.0379235
v 0.027899 -0.0251344 0.0379235
v 0.028634 -0.0242564 0.0379235
v 0.026248 -0.0266984 0.0403105
v 0.027735 -0.0251344 0.0403105
v 0.028634 -0.0240964 0.0403105
v 0.026248 -0.0265294 0.0426975
v 0.027627 -0.0251344 0.0426975
v 0.028634 -0.0240094 0.0426975
v 0.026248 -0.0264734 0.0450845
v 0.027605 -0.0251344 0.0450845
v 0.028634 -0.0240154 0.0450845
v 0.029808 -0.0227474 0.0379235
v 0.029713 -0.0227474 0.0403105
v 0.031021 -0.0210094 0.0379235
v 0.03145 -0.0203614 0.0379235
v 0.033085 -0.0179744 0.0379235
v 0.031021 -0.0209784 0.0403105
v 0.03146 -0.0203614 0.0403105
v 0.033166 -0.0179744 0.0403105
v 0.029679 -0.0227474 0.0426975
v 0.029702 -0.0227474 0.0450845
v 0.031021 -0.0209934 0.0426975
v 0.031476 -0.0203614 0.0426975
v 0.033138 -0.0179744 0.0426975
v 0.031021 -0.0210164 0.0450845
v 0.031484 -0.0203614 0.0450845
v 0.033119 -0.0179744 0.0450845
v 0.021474 -0.0303314 0.0474705
v 0.022104 -0.0299074 0.0474705
v 0.023861 -0.0286224 0.0474705
v 0.021474 -0.0304454 0.0498575
v 0.02233 -0.0299074 0.0498575
v 0.023861 -0.0288314 0.0498575
v 0.025231 -0.0275214 0.0474705
v 0.02549 -0.0275214 0.0498575
v 0.021474 -0.0304844 0.0522445
v 0.02239 -0.0299074 0.0522445
v 0.023861 -0.0288834 0.0522445
v 0.021474 -0.0304894 0.0546305
v 0.022331 -0.0299074 0.0546305
v 0.023861 -0.0287874 0.0546305
v 0.025544 -0.0275214 0.0522445
v 0.025374 -0.0275214 0.0546305
v 0.026248 -0.0266174 0.0474705
v 0.027743 -0.0251344 0.0474705
v 0.028634 -0.0241374 0.0474705
v 0.026248 -0.0268444 0.0498575
v 0.027917 -0.0251344 0.0498575
v 0.028634 -0.0242644 0.0498575
v 0.026248 -0.0268744 0.0522445
v 0.027877 -0.0251344 0.0522445
v 0.028634 -0.0241634 0.0522445
v 0.026248 -0.0266764 0.0546305
v 0.027648 -0.0251344 0.0546305
v 0.028634 -0.0238924 0.0546305
v 0.029755 -0.0227474 0.0474705
v 0.029755 -0.0227474 0.0498575
v 0.031021 -0.0210274 0.0474705
v 0.031485 -0.0203614 0.0474705
v 0.03311 -0.0179744 0.0474705
v 0.031021 -0.0209354 0.0498575
v 0.031416 -0.0203614 0.0498575
v 0.033014 -0.0179744 0.0498575
v 0.02963 -0.0227474 0.0522445
v 0.029464 -0.0227474 0.0546305
v 0.031021 -0.0207314 0.0522445
v 0.031277 -0.0203614 0.0522445
v 0.032836 -0.0179744 0.0522445
v 0.031021 -0.0205304 0.0546305
v 0.031138 -0.0203614 0.0546305
v 0.032671 -0.0179744 0.0546305
v 0.033408 -0.0174884 0.0379235
v 0.033408 -0.0176104 0.0403105
v 0.034543 -0.0155874 0.0379235
v 0.03562 -0.0132004 0.0379235
v 0.034609 -0.0155874 0.0403105
v 0.035667 -0.0132004 0.0403105
v 0.035794 -0.0127214 0.0379235
v 0.036459 -0.0108144 0.0379235
v 0.037194 -0.00842745 0.0379235
v 0.035794 -0.0128434 0.0403105
v 0.036486 -0.0108144 0.0403105
v 0.037173 -0.00842745 0.0403105
v 0.033408 -0.0175534 0.0426975
v 0.033408 -0.0175234 0.0450845
v 0.034576 -0.0155874 0.0426975
v 0.035702 -0.0132004 0.0426975
v 0.034593 -0.0155874 0.0450845
v 0.035781 -0.0132004 0.0450845
v 0.035794 -0.0129584 0.0426975
v 0.036515 -0.0108144 0.0426975
v 0.037113 -0.00842745 0.0426975
v 0.035794 -0.0131664 0.0450845
v 0.036533 -0.0108144 0.0450845
v 0.037013 -0.00842745 0.0450845
v 0.037672 -0.00604045 0.0379235
v 0.03794 -0.00365445 0.0379235
v 0.037572 -0.00604045 0.0403105
v 0.037796 -0.00365445 0.0403105
v 0.038026 -0.00126745 0.0379235
v 0.037901 0.00111955 0.0379235
v 0.037917 -0.00126745 0.0403105
v 0.037804 0.00111955 0.0403105
v 0.037463 -0.00604045 0.0426975
v 0.037684 -0.00365445 0.0426975
v 0.037355 -0.00604045 0.0450845
v 0.037622 -0.00365445 0.0450845
v 0.037825 -0.00126745 0.0426975
v 0.037721 0.00111955 0.0426975
v 0.037765 -0.00126745 0.0450845
v 0.037672 0.00111955 0.0450845
v 0.033408 -0.0175094 0.0474705
v 0.033408 -0.0173264 0.0498575
v 0.034597 -0.0155874 0.0474705
v 0.035783 -0.0132004 0.0474705
v 0.034423 -0.0155874 0.0498575
v 0.035647 -0.0132004 0.0498575
v 0.035794 -0.0131714 0.0474705
v 0.036482 -0.0108144 0.0474705
v 0.036921 -0.00842745 0.0474705
v 0.035794 -0.0128374 0.0498575
v 0.036431 -0.0108144 0.0498575
v 0.036904 -0.00842745 0.0498575
v 0.033408 -0.0169494 0.0522445
v 0.033408 -0.0166144 0.0546305
v 0.034131 -0.0155874 0.0522445
v 0.035408 -0.0132004 0.0522445
v 0.033926 -0.0155874 0.0546305
v 0.035157 -0.0132004 0.0546305
v 0.035794 -0.0123694 0.0522445
v 0.036363 -0.0108144 0.0522445
v 0.036903 -0.00842745 0.0522445
v 0.035794 -0.0118294 0.0546305
v 0.036186 -0.0108144 0.0546305
v 0.036814 -0.00842745 0.0546305
v 0.037292 -0.00604045 0.0474705
v 0.037598 -0.00365445 0.0474705
v 0.037281 -0.00604045 0.0498575
v 0.037578 -0.00365445 0.0498575
v 0.037731 -0.00126745 0.0474705
v 0.037637 0.00111955 0.0474705
v 0.037712 -0.00126745 0.0498575
v 0.037664 0.00111955 0.0498575
v 0.037249 -0.00604045 0.0522445
v 0.037517 -0.00365445 0.0522445
v 0.037165 -0.00604045 0.0546305
v 0.037439 -0.00365445 0.0546305
v 0.0377 -0.00126745 0.0522445
v 0.037763 0.00111955 0.0522445
v 0.037695 -0.00126745 0.0546305
v 0.03785 0.00111955 0.0546305
v 0.007154 -0.0367484 0.0570175
v 0.009541 -0.0361614 0.0570175
v 0.007154 -0.0368484 0.0594045
v 0.009541 -0.0363204 0.0594045
v 0.007154 -0.0369114 0.0617905
v 0.009541 -0.0364024 0.0617905
v 0.007154 -0.0369124 0.0641775
v 0.009541 -0.0364084 0.0641775
v 0.011927 -0.0353174 0.0570175
v 0.013613 -0.0346814 0.0570175
v 0.014314 -0.0344124 0.0570175
v 0.011927 -0.0355004 0.0594045
v 0.014042 -0.0346814 0.0594045
v 0.014314 -0.0345765 0.0594045
v 0.016701 -0.0333845 0.0570175
v 0.018873 -0.0322944 0.0570175
v 0.016701 -0.0335564 0.0594045
v 0.019087 -0.0322944 0.0586365
v 0.019087 -0.0323244 0.0594045
v 0.019087 -0.0321745 0.0570175
v 0.011927 -0.0356384 0.0617905
v 0.014271 -0.0346814 0.0617905
v 0.014314 -0.0346635 0.0617905
v 0.011927 -0.0356824 0.0641775
v 0.014287 -0.0346814 0.0641775
v 0.014314 -0.0346685 0.0641775
v 0.016701 -0.0335545 0.0617905
v 0.019087 -0.0322944 0.0615695
v 0.019057 -0.0322944 0.0617905
v 0.016701 -0.0335065 0.0641775
v 0.018919 -0.0322944 0.0641775
v 0.019087 -0.0322775 0.0617905
v 0.019087 -0.0321944 0.0641775
v 0.002381 -0.0366595 0.0689515
v 0.004767 -0.0364744 0.0689515
v 0.007154 -0.0367215 0.0665645
v 0.009541 -0.0362764 0.0665645
v 0.007154 -0.0362485 0.0689515
v 0.009541 -0.0358594 0.0689515
v 0.002381 -0.0356554 0.0713375
v 0.004767 -0.0355654 0.0713375
v 0.002381 -0.0346814 0.0730435
v 0.004767 -0.0346814 0.0730505
v 0.002381 -0.0342065 0.0737245
v 0.004767 -0.0342514 0.0737245
v 0.007154 -0.0354355 0.0713375
v 0.009541 -0.0350084 0.0713375
v 0.007154 -0.0346814 0.0728545
v 0.009541 -0.0346814 0.0719795
v 0.007154 -0.0341164 0.0737245
v 0.009541 -0.0334254 0.0737245
v 0.011927 -0.0355424 0.0665645
v 0.013978 -0.0346814 0.0665645
v 0.014314 -0.0345344 0.0665645
v 0.011927 -0.0351124 0.0689515
v 0.013011 -0.0346814 0.0689515
v 0.014314 -0.0341565 0.0689515
v 0.016701 -0.0334354 0.0665645
v 0.018872 -0.0322944 0.0665645
v 0.016701 -0.0331304 0.0689515
v 0.01841 -0.0322944 0.0689515
v 0.019087 -0.0321684 0.0665645
v 0.019087 -0.0319244 0.0689515
v 0.011927 -0.0346814 0.0702925
v 0.010629 -0.0346814 0.0713375
v 0.011927 -0.0341924 0.0713375
v 0.014314 -0.0332574 0.0713375
v 0.011927 -0.0323014 0.0737245
v 0.014314 -0.0322944 0.0728385
v 0.011944 -0.0322944 0.0737245
v 0.016701 -0.0323434 0.0713375
v 0.016816 -0.0322944 0.0713375
v 0.016701 -0.0322944 0.0714415
v 0.014314 -0.0315385 0.0737245
v 0.019087 -0.0312294 0.0713375
v 0.016701 -0.0308994 0.0737245
v 0.019087 -0.0300804 0.0737245
v 0.019139 -0.0322944 0.0594045
v 0.021474 -0.0305724 0.0570175
v 0.022359 -0.0299074 0.0570175
v 0.023861 -0.0287094 0.0570175
v 0.021474 -0.0307094 0.0594045
v 0.02252 -0.0299074 0.0594045
v 0.023861 -0.0287984 0.0594045
v 0.025217 -0.0275214 0.0570175
v 0.02526 -0.0275214 0.0594045
v 0.021474 -0.0307244 0.0617905
v 0.022602 -0.0299074 0.0617905
v 0.023861 -0.0288924 0.0617905
v 0.021474 -0.0306354 0.0641775
v 0.022512 -0.0299074 0.0641775
v 0.023861 -0.0288484 0.0641775
v 0.025336 -0.0275214 0.0617905
v 0.025312 -0.0275214 0.0641775
v 0.026248 -0.0264904 0.0570175
v 0.027462 -0.0251344 0.0570175
v 0.028634 -0.0236874 0.0570175
v 0.026248 -0.0265024 0.0594045
v 0.027459 -0.0251344 0.0594045
v 0.028634 -0.0236834 0.0594045
v 0.026248 -0.0265674 0.0617905
v 0.027538 -0.0251344 0.0617905
v 0.028634 -0.0238314 0.0617905
v 0.026248 -0.0265624 0.0641775
v 0.027589 -0.0251344 0.0641775
v 0.028634 -0.0239694 0.0641775
v 0.029339 -0.0227474 0.0570175
v 0.029342 -0.0227474 0.0594045
v 0.031021 -0.0204194 0.0570175
v 0.031062 -0.0203614 0.0570175
v 0.032611 -0.0179744 0.0570175
v 0.031021 -0.0205004 0.0594045
v 0.031122 -0.0203614 0.0594045
v 0.032708 -0.0179744 0.0594045
v 0.029493 -0.0227474 0.0617905
v 0.029678 -0.0227474 0.0641775
v 0.031021 -0.0207804 0.0617905
v 0.031334 -0.0203614 0.0617905
v 0.032929 -0.0179744 0.0617905
v 0.031021 -0.0210894 0.0641775
v 0.031567 -0.0203614 0.0641775
v 0.033129 -0.0179744 0.0641775
v 0.021474 -0.0305904 0.0665645
v 0.022423 -0.0299074 0.0665645
v 0.023861 -0.0287684 0.0665645
v 0.021474 -0.0304174 0.0689515
v 0.022197 -0.0299074 0.0689515
v 0.023861 -0.0285964 0.0689515
v 0.025236 -0.0275214 0.0665645
v 0.02505 -0.0275214 0.0689515
v 0.021474 -0.0299074 0.0713155
v 0.021464 -0.0299074 0.0713375
v 0.021474 -0.0299014 0.0713375
v 0.023861 -0.0281754 0.0713375
v 0.019527 -0.0299074 0.0737245
v 0.021474 -0.0289674 0.0737245
v 0.023861 -0.0275214 0.0733275
v 0.023631 -0.0275214 0.0737245
v 0.024628 -0.0275214 0.0713375
v 0.026248 -0.0265024 0.0665645
v 0.027577 -0.0251344 0.0665645
v 0.028634 -0.0240144 0.0665645
v 0.026248 -0.0263244 0.0689515
v 0.027411 -0.0251344 0.0689515
v 0.028634 -0.0238384 0.0689515
v 0.023861 -0.0273424 0.0737245
v 0.026248 -0.0259604 0.0713375
v 0.027044 -0.0251344 0.0713375
v 0.028634 -0.0233244 0.0713375
v 0.026248 -0.0251574 0.0737245
v 0.026269 -0.0251344 0.0737245
v 0.028634 -0.0227474 0.0727045
v 0.028173 -0.0227474 0.0737245
v 0.028634 -0.0220694 0.0737245
v 0.029761 -0.0227474 0.0665645
v 0.029589 -0.0227474 0.0689515
v 0.031021 -0.0211974 0.0665645
v 0.031633 -0.0203614 0.0665645
v 0.033169 -0.0179744 0.0665645
v 0.031021 -0.0209424 0.0689515
v 0.031442 -0.0203614 0.0689515
v 0.033001 -0.0179744 0.0689515
v 0.029094 -0.0227474 0.0713375
v 0.031021 -0.0203614 0.0709925
v 0.030919 -0.0203614 0.0713375
v 0.031021 -0.0202204 0.0713375
v 0.032522 -0.0179744 0.0713375
v 0.029838 -0.0203614 0.0737245
v 0.031021 -0.0186964 0.0737245
v 0.031492 -0.0179744 0.0737245
v 0.033408 -0.0165284 0.0570175
v 0.033408 -0.0166914 0.0594045
v 0.033875 -0.0155874 0.0570175
v 0.034994 -0.0132004 0.0570175
v 0.033924 -0.0155874 0.0594045
v 0.034896 -0.0132004 0.0594045
v 0.035794 -0.0111734 0.0570175
v 0.035917 -0.0108144 0.0570175
v 0.036584 -0.00842745 0.0570175
v 0.035794 -0.0108144 0.0580425
v 0.035667 -0.0108144 0.0594045
v 0.035794 -0.0103514 0.0594045
v 0.03632 -0.00842745 0.0594045
v 0.033408 -0.0170834 0.0617905
v 0.033408 -0.0174614 0.0641775
v 0.034063 -0.0155874 0.0617905
v 0.034889 -0.0132004 0.0617905
v 0.034247 -0.0155874 0.0641775
v 0.035004 -0.0132004 0.0641775
v 0.035541 -0.0108144 0.0617905
v 0.035794 -0.00977745 0.0617905
v 0.036144 -0.00842745 0.0617905
v 0.035531 -0.0108144 0.0641775
v 0.035794 -0.00950045 0.0641775
v 0.036035 -0.00842745 0.0641775
v 0.037041 -0.00604045 0.0570175
v 0.037374 -0.00365445 0.0570175
v 0.036922 -0.00604045 0.0594045
v 0.037349 -0.00365445 0.0594045
v 0.03767 -0.00126745 0.0570175
v 0.037846 0.00111955 0.0570175
v 0.037631 -0.00126745 0.0594045
v 0.03776 0.00111955 0.0594045
v 0.036812 -0.00604045 0.0617905
v 0.03733 -0.00365445 0.0617905
v 0.036667 -0.00604045 0.0641775
v 0.037203 -0.00365445 0.0641775
v 0.037603 -0.00126745 0.0617905
v 0.037685 0.00111955 0.0617905
v 0.037488 -0.00126745 0.0641775
v 0.03757 0.00111955 0.0641775
v 0.033408 -0.0175414 0.0665645
v 0.033408 -0.0172144 0.0689515
v 0.034312 -0.0155874 0.0665645
v 0.035064 -0.0132004 0.0665645
v 0.034107 -0.0155874 0.0689515
v 0.034852 -0.0132004 0.0689515
v 0.035541 -0.0108144 0.0665645
v 0.035794 -0.00932645 0.0665645
v 0.035956 -0.00842745 0.0665645
v 0.03539 -0.0108144 0.0689515
v 0.035794 -0.00842745 0.0685885
v 0.035746 -0.00842745 0.0689515
v 0.033408 -0.0161514 0.0713375
v 0.033408 -0.0155874 0.0720255
v 0.032714 -0.0155874 0.0737245
v 0.033408 -0.0132004 0.0737005
v 0.033396 -0.0132004 0.0737245
v 0.033612 -0.0155874 0.0713375
v 0.03432 -0.0132004 0.0713375
v 0.033408 -0.0131434 0.0737245
v 0.034864 -0.0108144 0.0713375
v 0.035143 -0.00842745 0.0713375
v 0.033757 -0.0108144 0.0737245
v 0.033842 -0.00842745 0.0737245
v 0.036422 -0.00604045 0.0665645
v 0.036837 -0.00365445 0.0665645
v 0.035794 -0.00797145 0.0689515
v 0.03598 -0.00604045 0.0689515
v 0.036218 -0.00365445 0.0689515
v 0.037115 -0.00126745 0.0665645
v 0.037211 0.00111955 0.0665645
v 0.036479 -0.00126745 0.0689515
v 0.03661 0.00111955 0.0689515
v 0.035794 -0.00604045 0.0696575
v 0.035198 -0.00604045 0.0713375
v 0.035794 -0.00365445 0.0701775
v 0.035282 -0.00365445 0.0713375
v 0.033702 -0.00604045 0.0737245
v 0.033599 -0.00365445 0.0737245
v 0.035794 -0.00126745 0.0707815
v 0.035529 -0.00126745 0.0713375
v 0.035794 0.00111955 0.0712205
v 0.035742 0.00111955 0.0713375
v 0.03381 -0.00126745 0.0737245
v 0.034135 0.00111955 0.0737245
v 0.002381 -0.0322944 0.0754655
v 0.004767 -0.0322944 0.0755885
v 0.007154 -0.0322944 0.0754305
v 0.009541 -0.0322944 0.0746915
v 0.002381 -0.0309634 0.0761115
v 0.004767 -0.0311984 0.0761115
v 0.002381 -0.0299074 0.0764625
v 0.004767 -0.0299074 0.0764815
v 0.002381 -0.0275214 0.0769525
v 0.004767 -0.0275214 0.0768015
v 0.007154 -0.0307804 0.0761115
v 0.009541 -0.0299074 0.0758095
v 0.008371 -0.0299074 0.0761115
v 0.009541 -0.0288314 0.0761115
v 0.007154 -0.0299074 0.0763305
v 0.007154 -0.0275214 0.0766505
v 0.009541 -0.0275214 0.0764075
v 0.011927 -0.0322944 0.0737305
v 0.011927 -0.0299074 0.0752805
v 0.014314 -0.0299074 0.0750555
v 0.011927 -0.0276204 0.0761115
v 0.014314 -0.0275214 0.0760645
v 0.012357 -0.0275214 0.0761115
v 0.011927 -0.0275214 0.0761385
v 0.016701 -0.0299074 0.0748285
v 0.019087 -0.0299074 0.0740115
v 0.016701 -0.0278474 0.0761115
v 0.015463 -0.0275214 0.0761115
v 0.019087 -0.0278704 0.0761115
v 0.016701 -0.0275214 0.0762295
v 0.019087 -0.0275214 0.0763175
v 0.002381 -0.0251344 0.0771145
v 0.004767 -0.0251344 0.0768705
v 0.002381 -0.0227474 0.0771615
v 0.004767 -0.0227474 0.0769115
v 0.007154 -0.0251344 0.0767485
v 0.009541 -0.0251344 0.0766955
v 0.007154 -0.0227474 0.0767535
v 0.009541 -0.0227474 0.0766935
v 0.002381 -0.0203614 0.0772685
v 0.004767 -0.0203614 0.0770245
v 0.002381 -0.0179744 0.0772325
v 0.004767 -0.0179744 0.0769765
v 0.007154 -0.0203614 0.0767965
v 0.009541 -0.0203614 0.0766345
v 0.007154 -0.0179744 0.0767335
v 0.009541 -0.0179744 0.0765305
v 0.014314 -0.0273494 0.0761115
v 0.011927 -0.0251344 0.0765905
v 0.014314 -0.0251344 0.0765675
v 0.011927 -0.0227474 0.0766775
v 0.014314 -0.0227474 0.0767695
v 0.016701 -0.0251344 0.0768415
v 0.019087 -0.0251344 0.0772315
v 0.016701 -0.0227474 0.0771255
v 0.019087 -0.0227474 0.0776115
v 0.011927 -0.0203614 0.0765645
v 0.014314 -0.0203614 0.0766755
v 0.011927 -0.0179744 0.0763675
v 0.014314 -0.0179744 0.0764185
v 0.016701 -0.0203614 0.0770625
v 0.019087 -0.0203614 0.0775655
v 0.016701 -0.0179744 0.0767785
v 0.019087 -0.0179744 0.0772605
v 0.021474 -0.0275214 0.0757165
v 0.020436 -0.0275214 0.0761115
v 0.021474 -0.0270844 0.0761115
v 0.023861 -0.0255644 0.0761115
v 0.021474 -0.0251344 0.0772595
v 0.023861 -0.0251344 0.0764635
v 0.021474 -0.0227474 0.0778455
v 0.023861 -0.0227474 0.0775615
v 0.026248 -0.0251344 0.0737695
v 0.024381 -0.0251344 0.0761115
v 0.026248 -0.0229624 0.0761115
v 0.02638 -0.0227474 0.0761115
v 0.026248 -0.0227474 0.0762345
v 0.021474 -0.0203614 0.0778875
v 0.023861 -0.0203614 0.0778575
v 0.021474 -0.0179744 0.0776495
v 0.023861 -0.0179744 0.0778215
v 0.028634 -0.0203614 0.0753355
v 0.027839 -0.0203614 0.0761115
v 0.028634 -0.0191334 0.0761115
v 0.026248 -0.0203614 0.0771675
v 0.026248 -0.0179744 0.0775785
v 0.028634 -0.0179744 0.0766335
v 0.031021 -0.0179744 0.0744515
v 0.029409 -0.0179744 0.0761115
v 0.002381 -0.0155874 0.0769345
v 0.004767 -0.0155874 0.0766955
v 0.002381 -0.0132004 0.0765515
v 0.004767 -0.0132004 0.0763685
v 0.009541 -0.0139194 0.0761115
v 0.009541 -0.0132004 0.0760395
v 0.008037 -0.0132004 0.0761115
v 0.007154 -0.0155874 0.0764725
v 0.009541 -0.0155874 0.0762965
v 0.007154 -0.0132004 0.0761665
v 0.000439997 -0.0108144 0.0761115
v 0.004767 -0.0113514 0.0761115
v 0.004767 -0.0108144 0.0760305
v 0.003254 -0.0108144 0.0761115
v 0.002381 -0.00842745 0.0756175
v 0.002381 -0.0107004 0.0761115
v 0.004767 -0.00842745 0.0756465
v 0.002381 -0.0108144 0.0761345
v 0.007154 -0.0108144 0.0759055
v 0.007154 -0.0127284 0.0761115
v 0.009541 -0.0108144 0.0758535
v 0.007154 -0.00842745 0.0756755
v 0.009541 -0.00842745 0.0757105
v 0.011927 -0.0132004 0.0759845
v 0.011927 -0.0149854 0.0761115
v 0.014314 -0.0141204 0.0761115
v 0.014314 -0.0132004 0.0760585
v 0.011927 -0.0155874 0.0761585
v 0.014314 -0.0155874 0.0762025
v 0.015044 -0.0132004 0.0761115
v 0.016701 -0.0155874 0.0764925
v 0.019087 -0.0155874 0.0769065
v 0.016701 -0.0132004 0.0762525
v 0.019087 -0.0132004 0.0765125
v 0.011927 -0.0108144 0.0758485
v 0.014314 -0.0108144 0.0758975
v 0.011927 -0.00842745 0.0757255
v 0.014314 -0.00842745 0.0757435
v 0.016701 -0.0119974 0.0761115
v 0.016701 -0.0108144 0.0759485
v 0.019087 -0.0110644 0.0761115
v 0.019087 -0.0108144 0.0760635
v 0.016701 -0.00842745 0.0757215
v 0.019087 -0.00842745 0.0758065
v 0.002381 -0.00604045 0.0751155
v 0.004767 -0.00604045 0.0753215
v 0.002381 -0.00365445 0.0747235
v 0.004767 -0.00365445 0.0750685
v 0.007154 -0.00604045 0.0755065
v 0.009541 -0.00604045 0.0755965
v 0.007154 -0.00365445 0.0753915
v 0.009541 -0.00365445 0.0755725
v 0.002381 -0.00126745 0.0744085
v 0.004767 -0.00126745 0.0747725
v 0.002381 0.00111955 0.0742325
v 0.004767 0.00111955 0.0745405
v 0.007154 -0.00126745 0.0751725
v 0.009541 -0.00126745 0.0754845
v 0.007154 0.00111955 0.0748785
v 0.009541 0.00111955 0.0752145
v 0.011927 -0.00604045 0.0756095
v 0.014314 -0.00604045 0.0756895
v 0.011927 -0.00365445 0.0756105
v 0.014314 -0.00365445 0.0757375
v 0.016701 -0.00604045 0.0757885
v 0.019087 -0.00604045 0.0759285
v 0.016701 -0.00365445 0.0759415
v 0.019087 -0.00403945 0.0761115
v 0.018805 -0.00365445 0.0761115
v 0.019087 -0.00365445 0.0761365
v 0.011927 -0.00126745 0.0756325
v 0.014314 -0.00126745 0.0757855
v 0.011927 0.00111955 0.0755075
v 0.014314 0.00111955 0.0757835
v 0.016701 -0.00126745 0.0760085
v 0.017778 -0.00126745 0.0761115
v 0.016701 0.00111955 0.0760525
v 0.017312 0.00111955 0.0761115
v 0.019087 -0.00126745 0.0762415
v 0.019087 0.00111955 0.0762705
v 0.021474 -0.0155874 0.0773125
v 0.023861 -0.0155874 0.0775885
v 0.021474 -0.0132004 0.0768655
v 0.023861 -0.0132004 0.0772145
v 0.026248 -0.0155874 0.0776185
v 0.028634 -0.0155874 0.0772195
v 0.026248 -0.0132004 0.0774235
v 0.028634 -0.0132004 0.0773355
v 0.019573 -0.0108144 0.0761115
v 0.021212 -0.00842745 0.0761115
v 0.021474 -0.0108144 0.0764005
v 0.023861 -0.0108144 0.0768275
v 0.021474 -0.00842745 0.0761635
v 0.023861 -0.00842745 0.0765695
v 0.026248 -0.0108144 0.0771215
v 0.028634 -0.0108144 0.0771375
v 0.026248 -0.00842745 0.0767845
v 0.028634 -0.00842745 0.0767315
v 0.031021 -0.0155874 0.0759325
v 0.03081 -0.0155874 0.0761115
v 0.031021 -0.0151004 0.0761115
v 0.031541 -0.0132004 0.0761115
v 0.031021 -0.0132004 0.0764885
v 0.033408 -0.0108144 0.0742655
v 0.03161 -0.0108144 0.0761115
v 0.033408 -0.00842745 0.0742795
v 0.031046 -0.00842745 0.0761115
v 0.031021 -0.0108144 0.0764685
v 0.031021 -0.00842745 0.0761225
v 0.020641 -0.00604045 0.0761115
v 0.021474 -0.00604045 0.0762355
v 0.023861 -0.00604045 0.0765235
v 0.021474 -0.00365445 0.0764035
v 0.023861 -0.00365445 0.0766075
v 0.026248 -0.00604045 0.0765875
v 0.028634 -0.00604045 0.0763485
v 0.026248 -0.00365445 0.0765935
v 0.028634 -0.00365445 0.0762425
v 0.021474 -0.00126745 0.0765015
v 0.023861 -0.00126745 0.0767015
v 0.021474 0.00111955 0.0765055
v 0.023861 0.00111955 0.0767835
v 0.026248 -0.00126745 0.0767085
v 0.028634 -0.00126745 0.0763535
v 0.026248 0.00111955 0.0769265
v 0.028634 0.00111955 0.0766375
v 0.031021 -0.00837045 0.0761115
v 0.031021 -0.00604045 0.0756575
v 0.029687 -0.00604045 0.0761115
v 0.033408 -0.00604045 0.0740495
v 0.031021 -0.00365445 0.0754475
v 0.029139 -0.00365445 0.0761115
v 0.033408 -0.00365445 0.0739165
v 0.031021 -0.00126745 0.0755575
v 0.029506 -0.00126745 0.0761115
v 0.033408 -0.00126745 0.0741035
v 0.031021 0.00111955 0.0758395
v 0.03035 0.00111955 0.0761115
v 0.033408 0.00111955 0.0744075
v 0.009541 0.0106666 -0.167308
v 0.019087 0.0106666 -0.166607
v 0.004767 0.0202126 -0.166867
v 0.009541 0.0202126 -0.166721
v 0.014314 0.0202126 -0.166466
v 0.019087 0.0154396 -0.166395
v 0.019087 0.0202126 -0.165996
v 0.023861 0.0106666 -0.166111
v 0.028634 0.00589255 -0.16571
v 0.028634 0.0106666 -0.165416
v 0.031416 0.00589255 -0.164945
v 0.030416 0.0106666 -0.164945
v 0.023861 0.0154396 -0.165834
v 0.028158 0.0154396 -0.164945
v 0.028634 0.0146136 -0.164945
v 0.023861 0.0202126 -0.165287
v 0.025324 0.0202126 -0.164945
v 0.029377 0.0130526 -0.164945
v 0.033408 0.00350655 -0.164097
v 0.033408 0.00589255 -0.164021
v 0.035484 0.00350655 -0.162558
v 0.035349 0.00589255 -0.162558
v 0.035794 0.00350655 -0.162253
v 0.037295 0.00350655 -0.160172
v 0.035794 0.00589255 -0.162099
v 0.037131 0.00589255 -0.160172
v 0.033408 0.00827955 -0.16379
v 0.031021 0.0106666 -0.164728
v 0.033408 0.0106666 -0.163372
v 0.034934 0.00827955 -0.162558
v 0.034288 0.0106666 -0.162558
v 0.035794 0.00827955 -0.161543
v 0.036632 0.00827955 -0.160172
v 0.035794 0.0106666 -0.160373
v 0.035894 0.0106666 -0.160172
v 0.038181 0.00350655 -0.157964
v 0.038181 0.00162655 -0.157785
v 0.038028 0.00589255 -0.157785
v 0.038181 0.00453255 -0.157785
v 0.038181 0.00589255 -0.156993
v 0.037516 0.00827955 -0.157785
v 0.036745 0.0106666 -0.157785
v 0.037803 0.00827955 -0.155398
v 0.038181 0.00665655 -0.155398
v 0.037054 0.0106666 -0.155398
v 0.028634 0.0154396 -0.164818
v 0.028634 0.0178266 -0.164318
v 0.026248 0.0202126 -0.164663
v 0.028634 0.0202126 -0.163514
v 0.031021 0.0130526 -0.164331
v 0.033408 0.0130526 -0.162663
v 0.031021 0.0154396 -0.163743
v 0.032518 0.0154396 -0.162558
v 0.033408 0.0133146 -0.162558
v 0.033408 0.0154396 -0.161478
v 0.033504 0.0130526 -0.162558
v 0.035049 0.0130526 -0.160172
v 0.035794 0.0109626 -0.160172
v 0.034139 0.0154396 -0.160172
v 0.031021 0.0178266 -0.162827
v 0.031318 0.0178266 -0.162558
v 0.029839 0.0202126 -0.162558
v 0.031021 0.0183476 -0.162558
v 0.033078 0.0178266 -0.160172
v 0.033408 0.0171366 -0.160172
v 0.031021 0.0202126 -0.161206
v 0.031657 0.0202126 -0.160172
v 0.035794 0.0130526 -0.157924
v 0.035825 0.0130526 -0.157785
v 0.0349 0.0154396 -0.157785
v 0.035794 0.0131316 -0.157785
v 0.036098 0.0130526 -0.155398
v 0.035141 0.0154396 -0.155398
v 0.035794 0.0138036 -0.155398
v 0.033408 0.0178266 -0.159445
v 0.032587 0.0202126 -0.157785
v 0.033408 0.0188066 -0.157785
v 0.03289 0.0202126 -0.155398
v 0.033408 0.0193016 -0.155398
v 0.033894 0.0178266 -0.157785
v 0.034132 0.0178266 -0.155398
v 0.004767 0.0249866 -0.166423
v 0.009541 0.0249866 -0.166307
v 0.004767 0.0297596 -0.165956
v 0.009541 0.0297596 -0.165714
v 0.014314 0.0249866 -0.165981
v 0.019087 0.0249866 -0.16538
v 0.014314 0.0297596 -0.165085
v 0.015052 0.0297596 -0.164945
v 0.019087 0.0269376 -0.164945
v 0.004767 0.0332136 -0.164945
v 0.009541 0.0324466 -0.164945
v 0.010425 0.0321465 -0.164945
v 0.011927 0.0314896 -0.164945
v 0.014314 0.0302456 -0.164945
v 0.019087 0.0273736 -0.164821
v 0.016701 0.0297596 -0.164562
v 0.019087 0.0297596 -0.163778
v 0.002381 0.0345336 -0.164343
v 0.004767 0.0345336 -0.164289
v 0.007154 0.0345336 -0.164092
v 0.009541 0.0345336 -0.163744
v 0.002381 0.0367936 -0.162558
v 0.004767 0.0366315 -0.162558
v 0.002381 0.0369196 -0.162423
v 0.004767 0.0369196 -0.162227
v 0.002381 0.0384415 -0.160172
v 0.004767 0.0382396 -0.160172
v 0.007154 0.0362766 -0.162558
v 0.009541 0.0357596 -0.162558
v 0.007154 0.0369196 -0.161731
v 0.009541 0.0369196 -0.160871
v 0.007154 0.0378395 -0.160172
v 0.009541 0.0372946 -0.160172
v 0.002381 0.0392926 -0.157785
v 0.004767 0.0391196 -0.157785
v 0.002381 0.0393066 -0.157724
v 0.004767 0.0393066 -0.156811
v 0.007154 0.0387866 -0.157785
v 0.009541 0.0382996 -0.157785
v 0.006069 0.0393066 -0.155398
v 0.007154 0.0391855 -0.155398
v 0.009541 0.0387976 -0.155398
v 0.011927 0.0321465 -0.164694
v 0.014314 0.0321465 -0.164114
v 0.011927 0.0345336 -0.163138
v 0.013376 0.0345336 -0.162558
v 0.014314 0.0341215 -0.162558
v 0.014314 0.0345336 -0.162082
v 0.016701 0.0321465 -0.163195
v 0.017859 0.0321465 -0.162558
v 0.019087 0.0313506 -0.162558
v 0.016701 0.0328616 -0.162558
v 0.019087 0.0321465 -0.161668
v 0.016701 0.0345336 -0.160235
v 0.016759 0.0345336 -0.160172
v 0.019087 0.0330986 -0.160172
v 0.011927 0.0350716 -0.162558
v 0.010912 0.0369196 -0.160172
v 0.011927 0.0366046 -0.160172
v 0.014314 0.0357175 -0.160172
v 0.016701 0.0345646 -0.160172
v 0.018295 0.0345336 -0.157785
v 0.019087 0.0340365 -0.157785
v 0.019038 0.0345336 -0.155398
v 0.019087 0.0345026 -0.155398
v 0.011927 0.0369196 -0.159499
v 0.013569 0.0369196 -0.157785
v 0.014314 0.0366036 -0.157785
v 0.011927 0.0375636 -0.157785
v 0.014314 0.0369196 -0.156283
v 0.011927 0.0380746 -0.155398
v 0.014314 0.0370356 -0.155398
v 0.016701 0.0354535 -0.157785
v 0.014569 0.0369196 -0.155398
v 0.016701 0.0358886 -0.155398
v 0.021188 0.0249866 -0.164945
v 0.023861 0.0220066 -0.164945
v 0.023861 0.0225996 -0.164807
v 0.021474 0.0249866 -0.164873
v 0.023861 0.0249866 -0.164048
v 0.026248 0.0225996 -0.163885
v 0.028143 0.0225996 -0.162558
v 0.028634 0.0219516 -0.162558
v 0.026188 0.0249866 -0.162558
v 0.026248 0.0249186 -0.162558
v 0.028634 0.0225996 -0.16207
v 0.026248 0.0249866 -0.162507
v 0.028105 0.0249866 -0.160172
v 0.028634 0.0243316 -0.160172
v 0.021474 0.0273736 -0.16406
v 0.023861 0.0273736 -0.162688
v 0.021355 0.0297596 -0.162558
v 0.021474 0.0296686 -0.162558
v 0.023861 0.0275366 -0.162558
v 0.021474 0.0297596 -0.162476
v 0.023658 0.0297596 -0.160172
v 0.023861 0.0295766 -0.160172
v 0.024021 0.0273736 -0.162558
v 0.026034 0.0273736 -0.160172
v 0.026248 0.0271376 -0.160172
v 0.028634 0.0249866 -0.159123
v 0.023861 0.0297596 -0.15985
v 0.026248 0.0273736 -0.159796
v 0.027084 0.0273736 -0.157785
v 0.028634 0.0255976 -0.157785
v 0.024756 0.0297596 -0.157785
v 0.026248 0.0282666 -0.157785
v 0.02756 0.0273736 -0.155398
v 0.028634 0.0261656 -0.155398
v 0.025155 0.0297596 -0.155398
v 0.026248 0.0287086 -0.155398
v 0.029969 0.0225996 -0.160172
v 0.031021 0.0211406 -0.160172
v 0.030908 0.0225996 -0.157785
v 0.031021 0.0224456 -0.157785
v 0.029123 0.0249866 -0.157785
v 0.031021 0.0225996 -0.157331
v 0.031271 0.0225996 -0.155398
v 0.029572 0.0249866 -0.155398
v 0.031021 0.0229596 -0.155398
v 0.020515 0.0321465 -0.160172
v 0.021474 0.0314926 -0.160172
v 0.021474 0.0321465 -0.158659
v 0.021878 0.0321465 -0.157785
v 0.023861 0.0305776 -0.157785
v 0.021474 0.0324286 -0.157785
v 0.022439 0.0321465 -0.155398
v 0.023861 0.0309486 -0.155398
v 0.021474 0.0328815 -0.155398
v 0.038229 0.00350655 -0.157785
v 0.038595 0.00350655 -0.155398
v 0.038325 0.00589255 -0.155398
v 0.002381 0.0395575 -0.155398
v 0.004767 0.0394256 -0.155398
v 0.038181 0.00552755 -0.150625
v 0.038181 0.00589255 -0.151245
v 0.038131 0.00589255 -0.150625
v 0.037777 0.00827955 -0.153012
v 0.038181 0.00649855 -0.153012
v 0.037036 0.0106666 -0.153012
v 0.037649 0.00827955 -0.150625
v 0.036909 0.0106666 -0.150625
v 0.038181 0.00350655 -0.148939
v 0.038122 0.00350655 -0.148238
v 0.037938 0.00589255 -0.148238
v 0.037969 0.00350655 -0.145852
v 0.037771 0.00589255 -0.145852
v 0.037466 0.00827955 -0.148238
v 0.036746 0.0106666 -0.148238
v 0.03731 0.00827955 -0.145852
v 0.036634 0.0106666 -0.145852
v 0.0361 0.0130526 -0.153012
v 0.035119 0.0154396 -0.153012
v 0.035794 0.0138086 -0.153012
v 0.036029 0.0130526 -0.150625
v 0.035054 0.0154396 -0.150625
v 0.035794 0.0136676 -0.150625
v 0.032826 0.0202126 -0.153012
v 0.033408 0.0191376 -0.153012
v 0.03268 0.0202126 -0.150625
v 0.033408 0.0188436 -0.150625
v 0.034046 0.0178266 -0.153012
v 0.033909 0.0178266 -0.150625
v 0.035909 0.0130526 -0.148238
v 0.034955 0.0154396 -0.148238
v 0.035794 0.0133716 -0.148238
v 0.035805 0.0130526 -0.145852
v 0.034863 0.0154396 -0.145852
v 0.035794 0.0130826 -0.145852
v 0.032578 0.0202126 -0.148238
v 0.033408 0.0186386 -0.148238
v 0.032518 0.0202126 -0.145852
v 0.033408 0.0184996 -0.145852
v 0.033805 0.0178266 -0.148238
v 0.033733 0.0178266 -0.145852
v 0.037916 0.00350655 -0.143465
v 0.03767 0.00589255 -0.143465
v 0.03794 0.00350655 -0.141078
v 0.037652 0.00589255 -0.141078
v 0.037251 0.00827955 -0.143465
v 0.036653 0.0106666 -0.143465
v 0.03728 0.00827955 -0.141078
v 0.036756 0.0106666 -0.141078
v 0.037982 0.00350655 -0.138692
v 0.037709 0.00589255 -0.138692
v 0.038063 0.00350655 -0.136305
v 0.038181 0.00223555 -0.136305
v 0.037795 0.00589255 -0.136305
v 0.037367 0.00827955 -0.138692
v 0.036832 0.0106666 -0.138692
v 0.037407 0.00827955 -0.136305
v 0.036814 0.0106666 -0.136305
v 0.035856 0.0130526 -0.143465
v 0.034913 0.0154396 -0.143465
v 0.035794 0.0132266 -0.143465
v 0.035997 0.0130526 -0.141078
v 0.035019 0.0154396 -0.141078
v 0.035794 0.0136026 -0.141078
v 0.032427 0.0202126 -0.143465
v 0.033408 0.0184336 -0.143465
v 0.032312 0.0202126 -0.141078
v 0.033408 0.0183756 -0.141078
v 0.033726 0.0178266 -0.143465
v 0.033728 0.0178266 -0.141078
v 0.03607 0.0130526 -0.138692
v 0.035058 0.0154396 -0.138692
v 0.035794 0.0137796 -0.138692
v 0.036071 0.0130526 -0.136305
v 0.035083 0.0154396 -0.136305
v 0.035794 0.0138156 -0.136305
v 0.032352 0.0202126 -0.138692
v 0.033408 0.0183976 -0.138692
v 0.032558 0.0202126 -0.136305
v 0.033408 0.0186056 -0.136305
v 0.033736 0.0178266 -0.138692
v 0.033814 0.0178266 -0.136305
v 6.09971e-05 0.0393066 -0.153012
v 0.001742 0.0393066 -0.150625
v 0.006104 0.0393066 -0.153012
v 0.007154 0.0391875 -0.153012
v 0.009541 0.0388196 -0.153012
v 0.005364 0.0393066 -0.150625
v 0.007154 0.0390725 -0.150625
v 0.009541 0.0386656 -0.150625
v 0.002381 0.0393066 -0.149567
v 0.002381 0.0392096 -0.148238
v 0.004767 0.0393066 -0.149068
v 0.004767 0.0392626 -0.148238
v 0.002381 0.0390615 -0.145852
v 0.004767 0.0391246 -0.145852
v 0.007154 0.0389456 -0.148238
v 0.009541 0.0385035 -0.148238
v 0.007154 0.0388326 -0.145852
v 0.009541 0.0383506 -0.145852
v 0.019087 0.0345336 -0.15516
v 0.011927 0.0381186 -0.153012
v 0.014314 0.0371345 -0.153012
v 0.011927 0.0380206 -0.150625
v 0.014314 0.0371505 -0.150625
v 0.014819 0.0369196 -0.153012
v 0.016701 0.0360526 -0.153012
v 0.019087 0.0347025 -0.153012
v 0.014904 0.0369196 -0.150625
v 0.016701 0.0361006 -0.150625
v 0.019087 0.0346576 -0.150625
v 0.019087 0.0344416 -0.148238
v 0.019087 0.0345336 -0.149179
v 0.018958 0.0345336 -0.148238
v 0.018758 0.0345336 -0.145852
v 0.019087 0.0343125 -0.145852
v 0.011927 0.0379306 -0.148238
v 0.014314 0.0371446 -0.148238
v 0.011927 0.0377705 -0.145852
v 0.014314 0.0370156 -0.145852
v 0.014888 0.0369196 -0.148238
v 0.016701 0.0360246 -0.148238
v 0.014563 0.0369196 -0.145852
v 0.016701 0.0358625 -0.145852
v 0.002381 0.0390376 -0.143465
v 0.004767 0.0390315 -0.143465
v 0.002381 0.0390856 -0.141078
v 0.004767 0.0389936 -0.141078
v 0.007154 0.0387576 -0.143465
v 0.009541 0.0382636 -0.143465
v 0.007154 0.0387026 -0.141078
v 0.009541 0.0382356 -0.141078
v 0.002381 0.0390606 -0.138692
v 0.004767 0.0390085 -0.138692
v 0.002381 0.0389605 -0.136305
v 0.004767 0.0390136 -0.136305
v 0.007154 0.0387746 -0.138692
v 0.009541 0.0383316 -0.138692
v 0.007154 0.0389005 -0.136305
v 0.009541 0.0385125 -0.136305
v 0.018728 0.0345336 -0.143465
v 0.019087 0.0343066 -0.143465
v 0.018773 0.0345336 -0.141078
v 0.019087 0.0343445 -0.141078
v 0.014314 0.0368396 -0.143465
v 0.014314 0.0369196 -0.144569
v 0.014095 0.0369196 -0.143465
v 0.011927 0.0376246 -0.143465
v 0.0137 0.0369196 -0.141078
v 0.014314 0.0366896 -0.141078
v 0.011927 0.0375385 -0.141078
v 0.016701 0.0357315 -0.143465
v 0.016701 0.0356526 -0.141078
v 0.018915 0.0345336 -0.138692
v 0.019087 0.0344315 -0.138692
v 0.019053 0.0345336 -0.136305
v 0.019087 0.0345126 -0.136305
v 0.013623 0.0369196 -0.138692
v 0.014314 0.0366566 -0.138692
v 0.011927 0.0375595 -0.138692
v 0.013808 0.0369196 -0.136305
v 0.014314 0.0367216 -0.136305
v 0.011927 0.0376886 -0.136305
v 0.016701 0.0356746 -0.138692
v 0.016701 0.0357626 -0.136305
v 0.027516 0.0273736 -0.153012
v 0.028634 0.0261256 -0.153012
v 0.025074 0.0297596 -0.153012
v 0.026248 0.0286516 -0.153012
v 0.027291 0.0273736 -0.150625
v 0.028634 0.0258046 -0.150625
v 0.024941 0.0297596 -0.150625
v 0.026248 0.0284846 -0.150625
v 0.027141 0.0273736 -0.148238
v 0.028634 0.0255686 -0.148238
v 0.024891 0.0297596 -0.148238
v 0.026248 0.0283686 -0.148238
v 0.026976 0.0273736 -0.145852
v 0.028634 0.0254616 -0.145852
v 0.024753 0.0297596 -0.145852
v 0.026248 0.0281716 -0.145852
v 0.031251 0.0225996 -0.153012
v 0.029542 0.0249866 -0.153012
v 0.031021 0.0229306 -0.153012
v 0.031078 0.0225996 -0.150625
v 0.029276 0.0249866 -0.150625
v 0.031021 0.0226776 -0.150625
v 0.031021 0.0225076 -0.148238
v 0.031021 0.0225996 -0.149829
v 0.03095 0.0225996 -0.148238
v 0.029086 0.0249866 -0.148238
v 0.030924 0.0225996 -0.145852
v 0.031021 0.0224716 -0.145852
v 0.02902 0.0249866 -0.145852
v 0.02241 0.0321465 -0.153012
v 0.023861 0.0308686 -0.153012
v 0.019354 0.0345336 -0.153012
v 0.021474 0.0329345 -0.153012
v 0.022246 0.0321465 -0.150625
v 0.023861 0.0307436 -0.150625
v 0.019269 0.0345336 -0.150625
v 0.021474 0.0327945 -0.150625
v 0.022156 0.0321465 -0.148238
v 0.023861 0.0307196 -0.148238
v 0.021474 0.0326696 -0.148238
v 0.022103 0.0321465 -0.145852
v 0.023861 0.0306406 -0.145852
v 0.021474 0.0326186 -0.145852
v 0.026838 0.0273736 -0.143465
v 0.028634 0.0253866 -0.143465
v 0.024654 0.0297596 -0.143465
v 0.026248 0.0280166 -0.143465
v 0.026923 0.0273736 -0.141078
v 0.028634 0.0254776 -0.141078
v 0.024769 0.0297596 -0.141078
v 0.026248 0.0281236 -0.141078
v 0.027205 0.0273736 -0.138692
v 0.028634 0.0257586 -0.138692
v 0.025018 0.0297596 -0.138692
v 0.026248 0.0284396 -0.138692
v 0.027431 0.0273736 -0.136305
v 0.028634 0.0259846 -0.136305
v 0.025216 0.0297596 -0.136305
v 0.026248 0.0286916 -0.136305
v 0.030873 0.0225996 -0.143465
v 0.031021 0.0223956 -0.143465
v 0.028975 0.0249866 -0.143465
v 0.030832 0.0225996 -0.141078
v 0.031021 0.0223076 -0.141078
v 0.02905 0.0249866 -0.141078
v 0.030932 0.0225996 -0.138692
v 0.031021 0.0224516 -0.138692
v 0.029268 0.0249866 -0.138692
v 0.031021 0.0225996 -0.137599
v 0.031136 0.0225996 -0.136305
v 0.029449 0.0249866 -0.136305
v 0.031021 0.0227826 -0.136305
v 0.022115 0.0321465 -0.143465
v 0.023861 0.0305826 -0.143465
v 0.021474 0.0326396 -0.143465
v 0.022195 0.0321465 -0.141078
v 0.023861 0.0306876 -0.141078
v 0.021474 0.0326966 -0.141078
v 0.022323 0.0321465 -0.138692
v 0.023861 0.0308696 -0.138692
v 0.021474 0.0327886 -0.138692
v 0.022418 0.0321465 -0.136305
v 0.023861 0.0309916 -0.136305
v 0.021474 0.0328536 -0.136305
v 0.038143 0.00350655 -0.133918
v 0.038181 0.00309255 -0.133918
v 0.037857 0.00589255 -0.133918
v 0.03815 0.00350655 -0.131531
v 0.038181 0.00304355 -0.131531
v 0.037874 0.00589255 -0.131531
v 0.037374 0.00827955 -0.133918
v 0.036732 0.0106666 -0.133918
v 0.03735 0.00827955 -0.131531
v 0.036704 0.0106666 -0.131531
v 0.038181 0.00350655 -0.129359
v 0.037951 0.00589255 -0.129145
v 0.038181 0.00367155 -0.129145
v 0.038115 0.00589255 -0.126758
v 0.038181 0.00535955 -0.126758
v 0.037431 0.00827955 -0.129145
v 0.03678 0.0106666 -0.129145
v 0.037618 0.00827955 -0.126758
v 0.036926 0.0106666 -0.126758
v 0.03604 0.0130526 -0.133918
v 0.035119 0.0154396 -0.133918
v 0.035794 0.0137866 -0.133918
v 0.03603 0.0130526 -0.131531
v 0.035164 0.0154396 -0.131531
v 0.035794 0.0137846 -0.131531
v 0.032733 0.0202126 -0.133918
v 0.033408 0.0188846 -0.133918
v 0.032835 0.0202126 -0.131531
v 0.033408 0.0191016 -0.131531
v 0.033931 0.0178266 -0.133918
v 0.034039 0.0178266 -0.131531
v 0.036079 0.0130526 -0.129145
v 0.035229 0.0154396 -0.129145
v 0.035794 0.0139196 -0.129145
v 0.036179 0.0130526 -0.126758
v 0.035342 0.0154396 -0.126758
v 0.035794 0.0142076 -0.126758
v 0.032968 0.0202126 -0.129145
v 0.033408 0.0193606 -0.129145
v 0.033078 0.0202126 -0.126758
v 0.033408 0.0195936 -0.126758
v 0.034155 0.0178266 -0.129145
v 0.034285 0.0178266 -0.126758
v 0.038181 0.00589255 -0.125519
v 0.037793 0.00827955 -0.124371
v 0.038181 0.00614655 -0.124371
v 0.037109 0.0106666 -0.124371
v 0.037912 0.00827955 -0.121985
v 0.038181 0.00636155 -0.121985
v 0.037285 0.0106666 -0.121985
v 0.038022 0.00827955 -0.119598
v 0.038181 0.00707455 -0.119598
v 0.037432 0.0106666 -0.119598
v 0.038139 0.00827955 -0.117211
v 0.038181 0.00802155 -0.117211
v 0.037554 0.0106666 -0.117211
v 0.036313 0.0130526 -0.124371
v 0.03546 0.0154396 -0.124371
v 0.035794 0.0145456 -0.124371
v 0.036425 0.0130526 -0.121985
v 0.035504 0.0154396 -0.121985
v 0.035794 0.0147056 -0.121985
v 0.033034 0.0202126 -0.124371
v 0.033408 0.0195716 -0.124371
v 0.032972 0.0202126 -0.121985
v 0.033408 0.0195096 -0.121985
v 0.034358 0.0178266 -0.124371
v 0.034367 0.0178266 -0.121985
v 0.036516 0.0130526 -0.119598
v 0.035521 0.0154396 -0.119598
v 0.035794 0.0147856 -0.119598
v 0.036636 0.0130526 -0.117211
v 0.035602 0.0154396 -0.117211
v 0.035794 0.0149916 -0.117211
v 0.033056 0.0202126 -0.119598
v 0.033408 0.0196306 -0.119598
v 0.033179 0.0202126 -0.117211
v 0.033408 0.0198216 -0.117211
v 0.034401 0.0178266 -0.119598
v 0.03449 0.0178266 -0.117211
v 0.002381 0.0389656 -0.133918
v 0.004767 0.0390296 -0.133918
v 0.002381 0.0390346 -0.131531
v 0.004767 0.0390666 -0.131531
v 0.007154 0.0389446 -0.133918
v 0.009541 0.0385916 -0.133918
v 0.007154 0.0388836 -0.131531
v 0.009541 0.0384726 -0.131531
v 0.002381 0.0389866 -0.129145
v 0.004767 0.0390296 -0.129145
v 0.002381 0.0389785 -0.126758
v 0.004767 0.0390606 -0.126758
v 0.007154 0.0387566 -0.129145
v 0.009541 0.0382555 -0.129145
v 0.007154 0.0387656 -0.126758
v 0.009541 0.0381746 -0.126758
v 0.019087 0.0345336 -0.135154
v 0.019087 0.0345305 -0.131531
v 0.019087 0.0345336 -0.131801
v 0.019083 0.0345336 -0.131531
v 0.013971 0.0369196 -0.133918
v 0.014314 0.0367846 -0.133918
v 0.011927 0.0377736 -0.133918
v 0.013988 0.0369196 -0.131531
v 0.014314 0.0367976 -0.131531
v 0.011927 0.0377135 -0.131531
v 0.016701 0.0358156 -0.133918
v 0.019087 0.0345426 -0.133918
v 0.016701 0.0358185 -0.131531
v 0.019087 0.0345336 -0.129323
v 0.013658 0.0369196 -0.129145
v 0.014314 0.0366856 -0.129145
v 0.011927 0.0375376 -0.129145
v 0.013243 0.0369196 -0.126758
v 0.014314 0.0365326 -0.126758
v 0.011927 0.0373965 -0.126758
v 0.016701 0.0357426 -0.129145
v 0.019087 0.0345436 -0.129145
v 0.016701 0.0356625 -0.126758
v 0.019087 0.0346276 -0.126758
v 0.002381 0.0391516 -0.124371
v 0.004767 0.0391826 -0.124371
v 0.002381 0.0392446 -0.121985
v 0.004767 0.0391965 -0.121985
v 0.007154 0.0388746 -0.124371
v 0.009541 0.0382325 -0.124371
v 0.007154 0.0389186 -0.121985
v 0.009541 0.0383355 -0.121985
v 0.002381 0.0391356 -0.119598
v 0.004767 0.0391266 -0.119598
v 0.002381 0.0390076 -0.117211
v 0.004767 0.0391036 -0.117211
v 0.007154 0.0389116 -0.119598
v 0.009541 0.0384466 -0.119598
v 0.007154 0.0389446 -0.117211
v 0.009541 0.0385616 -0.117211
v 0.013255 0.0369196 -0.124371
v 0.014314 0.0365366 -0.124371
v 0.011927 0.0374016 -0.124371
v 0.013708 0.0369196 -0.121985
v 0.014314 0.0366996 -0.121985
v 0.011927 0.0375506 -0.121985
v 0.016701 0.0356726 -0.124371
v 0.019087 0.0346756 -0.124371
v 0.016701 0.0357366 -0.121985
v 0.019087 0.0346036 -0.121985
v 0.014314 0.0369196 -0.119599
v 0.011927 0.0377775 -0.119598
v 0.014314 0.0369196 -0.119598
v 0.011927 0.0379916 -0.117211
v 0.014314 0.0371456 -0.117211
v 0.016701 0.0358555 -0.119598
v 0.019087 0.0345896 -0.119598
v 0.014858 0.0369196 -0.117211
v 0.016701 0.0360665 -0.117211
v 0.019087 0.0347485 -0.117211
v 0.027511 0.0273736 -0.133918
v 0.028634 0.0261106 -0.133918
v 0.025245 0.0297596 -0.133918
v 0.026248 0.0287436 -0.133918
v 0.027592 0.0273736 -0.131531
v 0.028634 0.0262426 -0.131531
v 0.025228 0.0297596 -0.131531
v 0.026248 0.0287626 -0.131531
v 0.027778 0.0273736 -0.129145
v 0.028634 0.0264356 -0.129145
v 0.025383 0.0297596 -0.129145
v 0.026248 0.0289356 -0.129145
v 0.027889 0.0273736 -0.126758
v 0.028634 0.0265326 -0.126758
v 0.0256 0.0297596 -0.126758
v 0.026248 0.0291136 -0.126758
v 0.031309 0.0225996 -0.133918
v 0.029579 0.0249866 -0.133918
v 0.031021 0.0230386 -0.133918
v 0.031411 0.0225996 -0.131531
v 0.029705 0.0249866 -0.131531
v 0.031021 0.0231976 -0.131531
v 0.031541 0.0225996 -0.129145
v 0.029855 0.0249866 -0.129145
v 0.031021 0.0233916 -0.129145
v 0.031618 0.0225996 -0.126758
v 0.029921 0.0249866 -0.126758
v 0.031021 0.0234926 -0.126758
v 0.022464 0.0321465 -0.133918
v 0.023861 0.0310176 -0.133918
v 0.019103 0.0345336 -0.133918
v 0.021474 0.0328876 -0.133918
v 0.022477 0.0321465 -0.131531
v 0.023861 0.0310036 -0.131531
v 0.021474 0.0329056 -0.131531
v 0.022579 0.0321465 -0.129145
v 0.023861 0.0311136 -0.129145
v 0.019106 0.0345336 -0.129145
v 0.021474 0.0329706 -0.129145
v 0.022835 0.0321465 -0.126758
v 0.023861 0.0313346 -0.126758
v 0.019269 0.0345336 -0.126758
v 0.021474 0.0331396 -0.126758
v 0.027745 0.0273736 -0.124371
v 0.028634 0.0263466 -0.124371
v 0.025562 0.0297596 -0.124371
v 0.026248 0.0290346 -0.124371
v 0.027603 0.0273736 -0.121985
v 0.028634 0.0261876 -0.121985
v 0.025405 0.0297596 -0.121985
v 0.026248 0.0288716 -0.121985
v 0.027749 0.0273736 -0.119598
v 0.028634 0.0263676 -0.119598
v 0.025484 0.0297596 -0.119598
v 0.026248 0.0289856 -0.119598
v 0.028037 0.0273736 -0.117211
v 0.028634 0.0267026 -0.117211
v 0.025719 0.0297596 -0.117211
v 0.026248 0.0292456 -0.117211
v 0.031483 0.0225996 -0.124371
v 0.029756 0.0249866 -0.124371
v 0.031021 0.0232806 -0.124371
v 0.03136 0.0225996 -0.121985
v 0.029622 0.0249866 -0.121985
v 0.031021 0.0230966 -0.121985
v 0.031473 0.0225996 -0.119598
v 0.02977 0.0249866 -0.119598
v 0.031021 0.0232696 -0.119598
v 0.031669 0.0225996 -0.117211
v 0.030039 0.0249866 -0.117211
v 0.031021 0.0235956 -0.117211
v 0.022904 0.0321465 -0.124371
v 0.023861 0.0313666 -0.124371
v 0.01937 0.0345336 -0.124371
v 0.021474 0.0332096 -0.124371
v 0.022768 0.0321465 -0.121985
v 0.023861 0.0312306 -0.121985
v 0.019221 0.0345336 -0.121985
v 0.021474 0.0331205 -0.121985
v 0.022769 0.0321465 -0.119598
v 0.023861 0.0312546 -0.119598
v 0.01919 0.0345336 -0.119598
v 0.021474 0.0330986 -0.119598
v 0.0229 0.0321465 -0.117211
v 0.023861 0.0313966 -0.117211
v 0.019453 0.0345336 -0.117211
v 0.021474 0.0331915 -0.117211
v 0.038575 0.00350655 -0.153012
v 0.038293 0.00589255 -0.153012
v 0.038347 0.00350655 -0.150625
v 0.038189 0.00350655 -0.129145
v 0.038295 0.00350655 -0.126758
v 0.03835 0.00350655 -0.124371
v 0.038211 0.00589255 -0.124371
v 0.038357 0.00350655 -0.121985
v 0.038223 0.00589255 -0.121985
v 0.038413 0.00350655 -0.119598
v 0.038285 0.00589255 -0.119598
v 0.038501 0.00350655 -0.117211
v 0.038415 0.00589255 -0.117211
v 0.002381 0.0395026 -0.153012
v 0.004767 0.0394226 -0.153012
v 0.002381 0.0393726 -0.150625
v 0.004767 0.0393636 -0.150625
v 0.038181 0.00827955 -0.116215
v 0.037611 0.0106666 -0.114824
v 0.038181 0.00846155 -0.114824
v 0.037545 0.0106666 -0.112438
v 0.038181 0.00831155 -0.112438
v 0.038181 0.00758955 -0.110051
v 0.038181 0.00827955 -0.112273
v 0.038047 0.00827955 -0.110051
v 0.037373 0.0106666 -0.110051
v 0.037797 0.00827955 -0.107664
v 0.038181 0.00645155 -0.107664
v 0.037103 0.0106666 -0.107664
v 0.036715 0.0130526 -0.114824
v 0.03571 0.0154396 -0.114824
v 0.035794 0.0152386 -0.114824
v 0.036647 0.0130526 -0.112438
v 0.035712 0.0154396 -0.112438
v 0.035794 0.0152296 -0.112438
v 0.033251 0.0202126 -0.114824
v 0.033408 0.0199446 -0.114824
v 0.033262 0.0202126 -0.112438
v 0.033408 0.0199656 -0.112438
v 0.034588 0.0178266 -0.114824
v 0.034608 0.0178266 -0.112438
v 0.036487 0.0130526 -0.110051
v 0.035597 0.0154396 -0.110051
v 0.035794 0.0149116 -0.110051
v 0.036299 0.0130526 -0.107664
v 0.035467 0.0154396 -0.107664
v 0.035794 0.0145256 -0.107664
v 0.033255 0.0202126 -0.110051
v 0.033408 0.0199456 -0.110051
v 0.033223 0.0202126 -0.107664
v 0.033408 0.0198876 -0.107664
v 0.034543 0.0178266 -0.110051
v 0.034466 0.0178266 -0.107664
v 0.038181 0.00525355 -0.105278
v 0.038181 0.00589255 -0.106622
v 0.038062 0.00589255 -0.105278
v 0.037967 0.00589255 -0.102891
v 0.038181 0.00477855 -0.102891
v 0.037494 0.00827955 -0.105278
v 0.036793 0.0106666 -0.105278
v 0.037364 0.00827955 -0.102891
v 0.036672 0.0106666 -0.102891
v 0.038038 0.00589255 -0.100504
v 0.038181 0.00513455 -0.100504
v 0.03813 0.00589255 -0.0981175
v 0.038181 0.00558855 -0.0981175
v 0.037444 0.00827955 -0.100504
v 0.036742 0.0106666 -0.100504
v 0.037595 0.00827955 -0.0981175
v 0.036865 0.0106666 -0.0981175
v 0.036106 0.0130526 -0.105278
v 0.035359 0.0154396 -0.105278
v 0.035794 0.0141116 -0.105278
v 0.036017 0.0130526 -0.102891
v 0.035286 0.0154396 -0.102891
v 0.035794 0.0138456 -0.102891
v 0.03317 0.0202126 -0.105278
v 0.033408 0.0197946 -0.105278
v 0.033154 0.0202126 -0.102891
v 0.033408 0.0197536 -0.102891
v 0.034396 0.0178266 -0.105278
v 0.034343 0.0178266 -0.102891
v 0.036032 0.0130526 -0.100504
v 0.035246 0.0154396 -0.100504
v 0.035794 0.0138236 -0.100504
v 0.036085 0.0130526 -0.0981175
v 0.035276 0.0154396 -0.0981175
v 0.035794 0.0139456 -0.0981175
v 0.033083 0.0202126 -0.100504
v 0.033408 0.0196136 -0.100504
v 0.033012 0.0202126 -0.0981175
v 0.033408 0.0194816 -0.0981175
v 0.03427 0.0178266 -0.100504
v 0.034244 0.0178266 -0.0981175
v 0.002381 0.0390126 -0.114824
v 0.004767 0.0391426 -0.114824
v 0.002381 0.0390606 -0.112438
v 0.004767 0.0391426 -0.112438
v 0.007154 0.0390245 -0.114824
v 0.009541 0.0386736 -0.114824
v 0.007154 0.0389986 -0.112438
v 0.009541 0.0386316 -0.112438
v 0.002381 0.0389436 -0.110051
v 0.004767 0.0389846 -0.110051
v 0.002381 0.0387206 -0.107664
v 0.004767 0.0387616 -0.107664
v 0.007154 0.0387925 -0.110051
v 0.009541 0.0384146 -0.110051
v 0.007154 0.0385786 -0.107664
v 0.009541 0.0382306 -0.107664
v 0.011927 0.0381096 -0.114824
v 0.014314 0.0372916 -0.114824
v 0.011927 0.0380726 -0.112438
v 0.014314 0.0373226 -0.112438
v 0.015231 0.0369196 -0.114824
v 0.016701 0.0362586 -0.114824
v 0.019087 0.0349356 -0.114824
v 0.015396 0.0369196 -0.112438
v 0.016701 0.0363666 -0.112438
v 0.019087 0.0350526 -0.112438
v 0.011927 0.0379225 -0.110051
v 0.014314 0.0372606 -0.110051
v 0.011927 0.0377906 -0.107664
v 0.014314 0.0371686 -0.107664
v 0.015311 0.0369196 -0.110051
v 0.016701 0.0363626 -0.110051
v 0.019087 0.0350666 -0.110051
v 0.015068 0.0369196 -0.107664
v 0.016701 0.0362735 -0.107664
v 0.019087 0.0350035 -0.107664
v 0.002381 0.0385856 -0.105278
v 0.004767 0.0386595 -0.105278
v 0.002381 0.0385396 -0.102891
v 0.004767 0.0386606 -0.102891
v 0.007154 0.0385176 -0.105278
v 0.009541 0.0381916 -0.105278
v 0.007154 0.0385456 -0.102891
v 0.009541 0.0381936 -0.102891
v 0.002381 0.0385256 -0.100504
v 0.004767 0.0386396 -0.100504
v 0.002381 0.0385006 -0.0981175
v 0.004767 0.0385506 -0.0981175
v 0.007154 0.0384786 -0.100504
v 0.009541 0.0380666 -0.100504
v 0.007154 0.0382906 -0.0981175
v 0.009541 0.0378305 -0.0981175
v 0.011927 0.0377346 -0.105278
v 0.014314 0.0371056 -0.105278
v 0.011927 0.0376886 -0.102891
v 0.014314 0.0370686 -0.102891
v 0.014881 0.0369196 -0.105278
v 0.016701 0.0362006 -0.105278
v 0.019087 0.0349516 -0.105278
v 0.014793 0.0369196 -0.102891
v 0.016701 0.0361826 -0.102891
v 0.019087 0.0349266 -0.102891
v 0.011927 0.0375496 -0.100504
v 0.014314 0.0369846 -0.100504
v 0.014314 0.0368635 -0.0981175
v 0.014314 0.0369196 -0.0993255
v 0.014054 0.0369196 -0.0981175
v 0.011927 0.0373446 -0.0981175
v 0.014551 0.0369196 -0.100504
v 0.016701 0.0361306 -0.100504
v 0.019087 0.0348725 -0.100504
v 0.016701 0.0360656 -0.0981175
v 0.019087 0.0348606 -0.0981175
v 0.028182 0.0273736 -0.114824
v 0.028634 0.0268706 -0.114824
v 0.02582 0.0297596 -0.114824
v 0.026248 0.0293516 -0.114824
v 0.02809 0.0273736 -0.112438
v 0.028634 0.0267636 -0.112438
v 0.025749 0.0297596 -0.112438
v 0.026248 0.0292726 -0.112438
v 0.027963 0.0273736 -0.110051
v 0.028634 0.0266036 -0.110051
v 0.025663 0.0297596 -0.110051
v 0.026248 0.0291796 -0.110051
v 0.027909 0.0273736 -0.107664
v 0.028634 0.0265506 -0.107664
v 0.02557 0.0297596 -0.107664
v 0.026248 0.0290976 -0.107664
v 0.031756 0.0225996 -0.114824
v 0.030164 0.0249866 -0.114824
v 0.031021 0.0237436 -0.114824
v 0.031726 0.0225996 -0.112438
v 0.03007 0.0249866 -0.112438
v 0.031021 0.0236476 -0.112438
v 0.031694 0.0225996 -0.110051
v 0.029944 0.0249866 -0.110051
v 0.031021 0.0235466 -0.110051
v 0.03166 0.0225996 -0.107664
v 0.029907 0.0249866 -0.107664
v 0.031021 0.0235006 -0.107664
v 0.023002 0.0321465 -0.114824
v 0.023861 0.0314736 -0.114824
v 0.019729 0.0345336 -0.114824
v 0.021474 0.0333016 -0.114824
v 0.023011 0.0321465 -0.112438
v 0.023861 0.0314596 -0.112438
v 0.01988 0.0345336 -0.112438
v 0.021474 0.0333506 -0.112438
v 0.02294 0.0321465 -0.110051
v 0.023861 0.0313955 -0.110051
v 0.01989 0.0345336 -0.110051
v 0.021474 0.0333216 -0.110051
v 0.022899 0.0321465 -0.107664
v 0.023861 0.0313306 -0.107664
v 0.019831 0.0345336 -0.107664
v 0.021474 0.0333116 -0.107664
v 0.027792 0.0273736 -0.105278
v 0.028634 0.0264536 -0.105278
v 0.02544 0.0297596 -0.105278
v 0.026248 0.0289546 -0.105278
v 0.027683 0.0273736 -0.102891
v 0.028634 0.0263026 -0.102891
v 0.025449 0.0297596 -0.102891
v 0.026248 0.0289256 -0.102891
v 0.027737 0.0273736 -0.100504
v 0.028634 0.0262736 -0.100504
v 0.025624 0.0297596 -0.100504
v 0.026248 0.0290916 -0.100504
v 0.027875 0.0273736 -0.0981175
v 0.028634 0.0264206 -0.0981175
v 0.025779 0.0297596 -0.0981175
v 0.026248 0.0292586 -0.0981175
v 0.031606 0.0225996 -0.105278
v 0.029861 0.0249866 -0.105278
v 0.031021 0.0234376 -0.105278
v 0.031565 0.0225996 -0.102891
v 0.029739 0.0249866 -0.102891
v 0.031021 0.0233436 -0.102891
v 0.0315 0.0225996 -0.100504
v 0.029658 0.0249866 -0.100504
v 0.031021 0.0232436 -0.100504
v 0.031492 0.0225996 -0.0981175
v 0.029737 0.0249866 -0.0981175
v 0.031021 0.0232676 -0.0981175
v 0.022909 0.0321465 -0.105278
v 0.023861 0.0312855 -0.105278
v 0.019782 0.0345336 -0.105278
v 0.021474 0.0333326 -0.105278
v 0.022917 0.0321465 -0.102891
v 0.023861 0.0313066 -0.102891
v 0.019742 0.0345336 -0.102891
v 0.021474 0.0333206 -0.102891
v 0.022984 0.0321465 -0.100504
v 0.023861 0.0314196 -0.100504
v 0.019668 0.0345336 -0.100504
v 0.021474 0.0333155 -0.100504
v 0.02313 0.0321465 -0.0981175
v 0.023861 0.0315526 -0.0981175
v 0.01968 0.0345336 -0.0981175
v 0.021474 0.0333896 -0.0981175
v 0.038152 0.00589255 -0.0957315
v 0.038181 0.00569655 -0.0957315
v 0.03812 0.00589255 -0.0933445
v 0.038181 0.00552455 -0.0933445
v 0.037714 0.00827955 -0.0957315
v 0.037007 0.0106666 -0.0957315
v 0.037695 0.00827955 -0.0933445
v 0.037046 0.0106666 -0.0933445
v 0.038127 0.00589255 -0.0909575
v 0.038181 0.00561555 -0.0909575
v 0.038172 0.00589255 -0.0885715
v 0.038181 0.00584355 -0.0885715
v 0.037636 0.00827955 -0.0909575
v 0.036969 0.0106666 -0.0909575
v 0.037669 0.00827955 -0.0885715
v 0.036932 0.0106666 -0.0885715
v 0.036176 0.0130526 -0.0957315
v 0.035381 0.0154396 -0.0957315
v 0.035794 0.0142186 -0.0957315
v 0.036236 0.0130526 -0.0933445
v 0.035447 0.0154396 -0.0933445
v 0.035794 0.0144076 -0.0933445
v 0.033101 0.0202126 -0.0957315
v 0.033408 0.0196506 -0.0957315
v 0.033212 0.0202126 -0.0933445
v 0.033408 0.0198536 -0.0933445
v 0.03435 0.0178266 -0.0957315
v 0.034439 0.0178266 -0.0933445
v 0.036194 0.0130526 -0.0909575
v 0.035419 0.0154396 -0.0909575
v 0.035794 0.0143156 -0.0909575
v 0.036111 0.0130526 -0.0885715
v 0.035368 0.0154396 -0.0885715
v 0.035794 0.0140786 -0.0885715
v 0.033202 0.0202126 -0.0909575
v 0.033408 0.0198316 -0.0909575
v 0.033167 0.0202126 -0.0885715
v 0.033408 0.0197676 -0.0885715
v 0.03442 0.0178266 -0.0909575
v 0.034396 0.0178266 -0.0885715
v 0.038181 0.00589255 -0.0876465
v 0.037721 0.00827955 -0.0861845
v 0.038181 0.00594055 -0.0861845
v 0.036997 0.0106666 -0.0861845
v 0.03774 0.00827955 -0.0837975
v 0.038181 0.00601455 -0.0837975
v 0.037112 0.0106666 -0.0837975
v 0.037747 0.00827955 -0.0814115
v 0.038181 0.00604155 -0.0814115
v 0.037203 0.0106666 -0.0814115
v 0.037819 0.00827955 -0.0790245
v 0.038181 0.00644555 -0.0790245
v 0.037258 0.0106666 -0.0790245
v 0.036131 0.0130526 -0.0861845
v 0.035379 0.0154396 -0.0861845
v 0.035794 0.0141046 -0.0861845
v 0.036291 0.0130526 -0.0837975
v 0.035466 0.0154396 -0.0837975
v 0.035794 0.0144956 -0.0837975
v 0.033179 0.0202126 -0.0861845
v 0.033408 0.0197926 -0.0861845
v 0.03321 0.0202126 -0.0837975
v 0.033408 0.0198486 -0.0837975
v 0.034415 0.0178266 -0.0861845
v 0.034446 0.0178266 -0.0837975
v 0.036476 0.0130526 -0.0814115
v 0.035614 0.0154396 -0.0814115
v 0.035794 0.0149686 -0.0814115
v 0.036547 0.0130526 -0.0790245
v 0.035689 0.0154396 -0.0790245
v 0.035794 0.0151696 -0.0790245
v 0.033251 0.0202126 -0.0814115
v 0.033408 0.0199316 -0.0814115
v 0.033239 0.0202126 -0.0790245
v 0.033408 0.0199196 -0.0790245
v 0.034526 0.0178266 -0.0814115
v 0.034562 0.0178266 -0.0790245
v 0.002381 0.0384985 -0.0957315
v 0.004767 0.0384996 -0.0957315
v 0.002381 0.0385236 -0.0933445
v 0.004767 0.0384965 -0.0933445
v 0.007154 0.0381676 -0.0957315
v 0.009541 0.0376686 -0.0957315
v 0.007154 0.0381195 -0.0933445
v 0.009541 0.0376166 -0.0933445
v 0.002381 0.0384895 -0.0909575
v 0.004767 0.0384755 -0.0909575
v 0.002381 0.0384546 -0.0885715
v 0.004767 0.0384836 -0.0885715
v 0.007154 0.0380986 -0.0909575
v 0.009541 0.0376166 -0.0909575
v 0.007154 0.0381506 -0.0885715
v 0.009541 0.0376846 -0.0885715
v 0.013577 0.0369196 -0.0957315
v 0.014314 0.0367796 -0.0957315
v 0.011927 0.0372055 -0.0957315
v 0.013354 0.0369196 -0.0933445
v 0.014314 0.0367216 -0.0933445
v 0.011927 0.0371726 -0.0933445
v 0.016701 0.0360406 -0.0957315
v 0.019087 0.0348976 -0.0957315
v 0.016701 0.0359526 -0.0933445
v 0.019087 0.0348206 -0.0933445
v 0.01344 0.0369196 -0.0909575
v 0.014314 0.0367266 -0.0909575
v 0.011927 0.0371976 -0.0909575
v 0.013695 0.0369196 -0.0885715
v 0.014314 0.0367806 -0.0885715
v 0.011927 0.0372616 -0.0885715
v 0.016701 0.0359076 -0.0909575
v 0.019087 0.0347176 -0.0909575
v 0.016701 0.0359565 -0.0885715
v 0.019087 0.0346775 -0.0885715
v 0.002381 0.0384716 -0.0861845
v 0.004767 0.0384936 -0.0861845
v 0.002381 0.0384266 -0.0837975
v 0.004767 0.0384616 -0.0837975
v 0.007154 0.0382246 -0.0861845
v 0.009541 0.0378246 -0.0861845
v 0.007154 0.0382726 -0.0837975
v 0.009541 0.0379626 -0.0837975
v 0.002381 0.0383466 -0.0814115
v 0.004767 0.0384646 -0.0814115
v 0.002381 0.0383376 -0.0790245
v 0.004767 0.0385355 -0.0790245
v 0.007154 0.0383636 -0.0814115
v 0.009541 0.0381006 -0.0814115
v 0.007154 0.0385116 -0.0790245
v 0.009541 0.0382616 -0.0790245
v 0.014084 0.0369196 -0.0861845
v 0.014314 0.0368626 -0.0861845
v 0.011927 0.0373915 -0.0861845
v 0.014314 0.0369196 -0.0849885
v 0.011927 0.0375615 -0.0837975
v 0.014314 0.0369816 -0.0837975
v 0.016701 0.0360006 -0.0861845
v 0.019087 0.0345976 -0.0861845
v 0.014519 0.0369196 -0.0837975
v 0.016701 0.0360356 -0.0837975
v 0.019087 0.0345416 -0.0837975
v 0.011927 0.0377286 -0.0814115
v 0.014314 0.0371146 -0.0814115
v 0.011927 0.0378896 -0.0790245
v 0.014314 0.0372836 -0.0790245
v 0.014881 0.0369196 -0.0814115
v 0.016701 0.0361326 -0.0814115
v 0.019087 0.0346775 -0.0814115
v 0.015358 0.0369196 -0.0790245
v 0.016701 0.0363526 -0.0790245
v 0.019087 0.0350006 -0.0790245
v 0.027957 0.0273736 -0.0957315
v 0.028634 0.0265646 -0.0957315
v 0.02582 0.0297596 -0.0957315
v 0.026248 0.0293026 -0.0957315
v 0.027969 0.0273736 -0.0933445
v 0.028634 0.0266256 -0.0933445
v 0.025786 0.0297596 -0.0933445
v 0.026248 0.0292646 -0.0933445
v 0.027984 0.0273736 -0.0909575
v 0.028634 0.0266756 -0.0909575
v 0.025665 0.0297596 -0.0909575
v 0.026248 0.0291736 -0.0909575
v 0.027957 0.0273736 -0.0885715
v 0.028634 0.0266886 -0.0885715
v 0.02543 0.0297596 -0.0885715
v 0.026248 0.0290056 -0.0885715
v 0.031604 0.0225996 -0.0957315
v 0.029885 0.0249866 -0.0957315
v 0.031021 0.0234426 -0.0957315
v 0.031718 0.0225996 -0.0933445
v 0.029997 0.0249866 -0.0933445
v 0.031021 0.0236096 -0.0933445
v 0.031764 0.0225996 -0.0909575
v 0.030088 0.0249866 -0.0909575
v 0.031021 0.0237246 -0.0909575
v 0.031769 0.0225996 -0.0885715
v 0.030137 0.0249866 -0.0885715
v 0.031021 0.0237736 -0.0885715
v 0.023224 0.0321465 -0.0957315
v 0.023861 0.0316206 -0.0957315
v 0.019765 0.0345336 -0.0957315
v 0.021474 0.0334605 -0.0957315
v 0.023177 0.0321465 -0.0933445
v 0.023861 0.0315906 -0.0933445
v 0.01963 0.0345336 -0.0933445
v 0.021474 0.0333946 -0.0933445
v 0.022991 0.0321465 -0.0909575
v 0.023861 0.0314356 -0.0909575
v 0.019427 0.0345336 -0.0909575
v 0.021474 0.0332586 -0.0909575
v 0.022699 0.0321465 -0.0885715
v 0.023861 0.0311726 -0.0885715
v 0.019329 0.0345336 -0.0885715
v 0.021474 0.0330835 -0.0885715
v 0.027795 0.0273736 -0.0861845
v 0.028634 0.0265776 -0.0861845
v 0.025147 0.0297596 -0.0861845
v 0.026248 0.0287796 -0.0861845
v 0.027703 0.0273736 -0.0837975
v 0.028634 0.0265116 -0.0837975
v 0.025022 0.0297596 -0.0837975
v 0.026248 0.0286836 -0.0837975
v 0.027884 0.0273736 -0.0814115
v 0.028634 0.0266386 -0.0814115
v 0.02522 0.0297596 -0.0814115
v 0.026248 0.0288736 -0.0814115
v 0.028047 0.0273736 -0.0790245
v 0.028634 0.0267466 -0.0790245
v 0.025528 0.0297596 -0.0790245
v 0.026248 0.0291186 -0.0790245
v 0.031783 0.0225996 -0.0861845
v 0.03012 0.0249866 -0.0861845
v 0.031021 0.0237876 -0.0861845
v 0.031804 0.0225996 -0.0837975
v 0.030104 0.0249866 -0.0837975
v 0.031021 0.0238016 -0.0837975
v 0.031795 0.0225996 -0.0814115
v 0.030126 0.0249866 -0.0814115
v 0.031021 0.0237786 -0.0814115
v 0.03174 0.0225996 -0.0790245
v 0.030108 0.0249866 -0.0790245
v 0.031021 0.0236976 -0.0790245
v 0.022342 0.0321465 -0.0861845
v 0.023861 0.0308856 -0.0861845
v 0.019182 0.0345336 -0.0861845
v 0.021474 0.0328296 -0.0861845
v 0.022153 0.0321465 -0.0837975
v 0.023861 0.0307466 -0.0837975
v 0.0191 0.0345336 -0.0837975
v 0.021474 0.0326885 -0.0837975
v 0.022316 0.0321465 -0.0814115
v 0.023861 0.0308846 -0.0814115
v 0.019292 0.0345336 -0.0814115
v 0.021474 0.0328265 -0.0814115
v 0.022703 0.0321465 -0.0790245
v 0.023861 0.0311756 -0.0790245
v 0.019772 0.0345336 -0.0790245
v 0.021474 0.0331806 -0.0790245
v 0.038566 0.00350655 -0.114824
v 0.038515 0.00589255 -0.114824
v 0.038615 0.00350655 -0.112438
v 0.038511 0.00589255 -0.112438
v 0.038218 0.00827955 -0.114824
v 0.038188 0.00827955 -0.112438
v 0.038645 0.00350655 -0.110051
v 0.038432 0.00589255 -0.110051
v 0.038599 0.00350655 -0.107664
v 0.038275 0.00589255 -0.107664
v 0.038464 0.00350655 -0.105278
v 0.038382 0.00350655 -0.102891
v 0.038422 0.00350655 -0.100504
v 0.038474 0.00350655 -0.0981175
v 0.038493 0.00350655 -0.0957315
v 0.038534 0.00350655 -0.0933445
v 0.038595 0.00350655 -0.0909575
v 0.038613 0.00350655 -0.0885715
v 0.038619 0.00350655 -0.0861845
v 0.038189 0.00589255 -0.0861845
v 0.038657 0.00350655 -0.0837975
v 0.038204 0.00589255 -0.0837975
v 0.038682 0.00350655 -0.0814115
v 0.038211 0.00589255 -0.0814115
v 0.038731 0.00350655 -0.0790245
v 0.038289 0.00589255 -0.0790245
v 0.037982 0.00827955 -0.0766375
v 0.038181 0.00738855 -0.0766375
v 0.037317 0.0106666 -0.0766375
v 0.038037 0.00827955 -0.0742505
v 0.038181 0.00767155 -0.0742505
v 0.037331 0.0106666 -0.0742505
v 0.037976 0.00827955 -0.0718645
v 0.038181 0.00740755 -0.0718645
v 0.037285 0.0106666 -0.0718645
v 0.037938 0.00827955 -0.0694775
v 0.038181 0.00726855 -0.0694775
v 0.03726 0.0106666 -0.0694775
v 0.036515 0.0130526 -0.0766375
v 0.035628 0.0154396 -0.0766375
v 0.035794 0.0150186 -0.0766375
v 0.036473 0.0130526 -0.0742505
v 0.035558 0.0154396 -0.0742505
v 0.035794 0.0148446 -0.0742505
v 0.033181 0.0202126 -0.0766375
v 0.033408 0.0198146 -0.0766375
v 0.033209 0.0202126 -0.0742505
v 0.033408 0.0198406 -0.0742505
v 0.034494 0.0178266 -0.0766375
v 0.034451 0.0178266 -0.0742505
v 0.036439 0.0130526 -0.0718645
v 0.035505 0.0154396 -0.0718645
v 0.035794 0.0147276 -0.0718645
v 0.036401 0.0130526 -0.0694775
v 0.035428 0.0154396 -0.0694775
v 0.035794 0.0145646 -0.0694775
v 0.03327 0.0202126 -0.0718645
v 0.033408 0.0199306 -0.0718645
v 0.033237 0.0202126 -0.0694775
v 0.033408 0.0198436 -0.0694775
v 0.034422 0.0178266 -0.0718645
v 0.034343 0.0178266 -0.0694775
v 0.037893 0.00827955 -0.0670905
v 0.038181 0.00698055 -0.0670905
v 0.037244 0.0106666 -0.0670905
v 0.037882 0.00827955 -0.0647045
v 0.038181 0.00669755 -0.0647045
v 0.03724 0.0106666 -0.0647045
v 0.037871 0.00827955 -0.0623175
v 0.038181 0.00654255 -0.0623175
v 0.037213 0.0106666 -0.0623175
v 0.037772 0.00827955 -0.0599305
v 0.038181 0.00618555 -0.0599305
v 0.037132 0.0106666 -0.0599305
v 0.036352 0.0130526 -0.0670905
v 0.035374 0.0154396 -0.0670905
v 0.035794 0.0144166 -0.0670905
v 0.036317 0.0130526 -0.0647045
v 0.035362 0.0154396 -0.0647045
v 0.035794 0.0143506 -0.0647045
v 0.033182 0.0202126 -0.0670905
v 0.033408 0.0197466 -0.0670905
v 0.033155 0.0202126 -0.0647045
v 0.033408 0.0197276 -0.0647045
v 0.034311 0.0178266 -0.0670905
v 0.034325 0.0178266 -0.0647045
v 0.036283 0.0130526 -0.0623175
v 0.035324 0.0154396 -0.0623175
v 0.035794 0.0142726 -0.0623175
v 0.036258 0.0130526 -0.0599305
v 0.03529 0.0154396 -0.0599305
v 0.035794 0.0142206 -0.0599305
v 0.033047 0.0202126 -0.0623175
v 0.033408 0.0195516 -0.0623175
v 0.032889 0.0202126 -0.0599305
v 0.033408 0.0192956 -0.0599305
v 0.034262 0.0178266 -0.0623175
v 0.034169 0.0178266 -0.0599305
v 0.002381 0.0384546 -0.0766375
v 0.004767 0.0386626 -0.0766375
v 0.002381 0.0386396 -0.0742505
v 0.004767 0.0387786 -0.0742505
v 0.007154 0.0386176 -0.0766375
v 0.009541 0.0383386 -0.0766375
v 0.007154 0.0386246 -0.0742505
v 0.009541 0.0382786 -0.0742505
v 0.002381 0.0386516 -0.0718645
v 0.004767 0.0387145 -0.0718645
v 0.002381 0.0385696 -0.0694775
v 0.004767 0.0385806 -0.0694775
v 0.007154 0.0385215 -0.0718645
v 0.009541 0.0381686 -0.0718645
v 0.007154 0.0384226 -0.0694775
v 0.009541 0.0381126 -0.0694775
v 0.011927 0.0379635 -0.0766375
v 0.014314 0.0373895 -0.0766375
v 0.011927 0.0378726 -0.0742505
v 0.014314 0.0372846 -0.0742505
v 0.015701 0.0369196 -0.0766375
v 0.016701 0.0365145 -0.0766375
v 0.019087 0.0352526 -0.0766375
v 0.015426 0.0369196 -0.0742505
v 0.016701 0.0364275 -0.0742505
v 0.019087 0.0352125 -0.0742505
v 0.011927 0.0377106 -0.0718645
v 0.014314 0.0370635 -0.0718645
v 0.011927 0.0376176 -0.0694775
v 0.014314 0.0369246 -0.0694775
v 0.014765 0.0369196 -0.0718645
v 0.016701 0.0362196 -0.0718645
v 0.019087 0.0350756 -0.0718645
v 0.014327 0.0369196 -0.0694775
v 0.016701 0.0360976 -0.0694775
v 0.019087 0.0350226 -0.0694775
v 0.002381 0.0386646 -0.0670905
v 0.004767 0.0386205 -0.0670905
v 0.002381 0.0388196 -0.0647045
v 0.004767 0.0387305 -0.0647045
v 0.007154 0.0384236 -0.0670905
v 0.009541 0.0380846 -0.0670905
v 0.007154 0.0384196 -0.0647045
v 0.009541 0.0379926 -0.0647045
v 0.002381 0.0388036 -0.0623175
v 0.004767 0.0387206 -0.0623175
v 0.002381 0.0386626 -0.0599305
v 0.004767 0.0386546 -0.0599305
v 0.007154 0.0383576 -0.0623175
v 0.009541 0.0378596 -0.0623175
v 0.007154 0.0383116 -0.0599305
v 0.009541 0.0377446 -0.0599305
v 0.014314 0.0368356 -0.0670905
v 0.014314 0.0369196 -0.0693285
v 0.014049 0.0369196 -0.0670905
v 0.011927 0.0375446 -0.0670905
v 0.013602 0.0369196 -0.0647045
v 0.014314 0.0366956 -0.0647045
v 0.011927 0.0374055 -0.0647045
v 0.016701 0.0359746 -0.0670905
v 0.019087 0.0348885 -0.0670905
v 0.016701 0.0358046 -0.0647045
v 0.019087 0.0347086 -0.0647045
v 0.019087 0.0345066 -0.0599305
v 0.019087 0.0345336 -0.0604395
v 0.019034 0.0345336 -0.0599305
v 0.012903 0.0369196 -0.0623175
v 0.014314 0.0364806 -0.0623175
v 0.011927 0.0372125 -0.0623175
v 0.012293 0.0369196 -0.0599305
v 0.014314 0.0362846 -0.0599305
v 0.011927 0.0370356 -0.0599305
v 0.016701 0.0356465 -0.0623175
v 0.019087 0.0346126 -0.0623175
v 0.016701 0.0355096 -0.0599305
v 0.028074 0.0273736 -0.0766375
v 0.028634 0.0267666 -0.0766375
v 0.025687 0.0297596 -0.0766375
v 0.026248 0.0292216 -0.0766375
v 0.028175 0.0273736 -0.0742505
v 0.028634 0.0268876 -0.0742505
v 0.025771 0.0297596 -0.0742505
v 0.026248 0.0292996 -0.0742505
v 0.028339 0.0273736 -0.0718645
v 0.028634 0.0270596 -0.0718645
v 0.025898 0.0297596 -0.0718645
v 0.026248 0.0294326 -0.0718645
v 0.028397 0.0273736 -0.0694775
v 0.028634 0.0271146 -0.0694775
v 0.026001 0.0297596 -0.0694775
v 0.026248 0.0295276 -0.0694775
v 0.031704 0.0225996 -0.0766375
v 0.030102 0.0249866 -0.0766375
v 0.031021 0.0236656 -0.0766375
v 0.031798 0.0225996 -0.0742505
v 0.030213 0.0249866 -0.0742505
v 0.031021 0.0238216 -0.0742505
v 0.031945 0.0225996 -0.0718645
v 0.030355 0.0249866 -0.0718645
v 0.031021 0.0240406 -0.0718645
v 0.031964 0.0225996 -0.0694775
v 0.030388 0.0249866 -0.0694775
v 0.031021 0.0240886 -0.0694775
v 0.023019 0.0321465 -0.0766375
v 0.023861 0.0314116 -0.0766375
v 0.020171 0.0345336 -0.0766375
v 0.021474 0.0334896 -0.0766375
v 0.023125 0.0321465 -0.0742505
v 0.023861 0.0315105 -0.0742505
v 0.020158 0.0345336 -0.0742505
v 0.021474 0.0335326 -0.0742505
v 0.02319 0.0321465 -0.0718645
v 0.023861 0.0315856 -0.0718645
v 0.020014 0.0345336 -0.0718645
v 0.021474 0.0335096 -0.0718645
v 0.023292 0.0321465 -0.0694775
v 0.023861 0.0316746 -0.0694775
v 0.019984 0.0345336 -0.0694775
v 0.021474 0.0335506 -0.0694775
v 0.028254 0.0273736 -0.0670905
v 0.028634 0.0269516 -0.0670905
v 0.025931 0.0297596 -0.0670905
v 0.026248 0.0294506 -0.0670905
v 0.028071 0.0273736 -0.0647045
v 0.028634 0.0267386 -0.0647045
v 0.025767 0.0297596 -0.0647045
v 0.026248 0.0292826 -0.0647045
v 0.027976 0.0273736 -0.0623175
v 0.028634 0.0266236 -0.0623175
v 0.02562 0.0297596 -0.0623175
v 0.026248 0.0291506 -0.0623175
v 0.027866 0.0273726 -0.0599305
v 0.028634 0.0265036 -0.0599305
v 0.025456 0.0297596 -0.0599305
v 0.026248 0.0290106 -0.0599305
v 0.031843 0.0225996 -0.0670905
v 0.030246 0.0249866 -0.0670905
v 0.031021 0.0238866 -0.0670905
v 0.031688 0.0225996 -0.0647045
v 0.03004 0.0249866 -0.0647045
v 0.031021 0.0235986 -0.0647045
v 0.031525 0.0225996 -0.0623175
v 0.0299 0.0249866 -0.0623175
v 0.031021 0.0233586 -0.0623175
v 0.03138 0.0225996 -0.0599305
v 0.029799 0.0249866 -0.0599305
v 0.031021 0.0231656 -0.0599305
v 0.023237 0.0321465 -0.0670905
v 0.023861 0.0316345 -0.0670905
v 0.019767 0.0345336 -0.0670905
v 0.021474 0.0334646 -0.0670905
v 0.023028 0.0321465 -0.0647045
v 0.023861 0.0314826 -0.0647045
v 0.01943 0.0345336 -0.0647045
v 0.021474 0.0332776 -0.0647045
v 0.022854 0.0321465 -0.0623175
v 0.023861 0.0313405 -0.0623175
v 0.019244 0.0345336 -0.0623175
v 0.021474 0.0331536 -0.0623175
v 0.022666 0.0321465 -0.0599305
v 0.023861 0.0311776 -0.0599305
v 0.021474 0.0330246 -0.0599305
v 0.037742 0.00827955 -0.0575445
v 0.038181 0.00621455 -0.0575445
v 0.037136 0.0106666 -0.0575445
v 0.037792 0.00827955 -0.0551575
v 0.038181 0.00657255 -0.0551575
v 0.037181 0.0106666 -0.0551575
v 0.037786 0.00827955 -0.0527705
v 0.038181 0.00667755 -0.0527705
v 0.037162 0.0106666 -0.0527705
v 0.037755 0.00827955 -0.0503845
v 0.038181 0.00655555 -0.0503845
v 0.03713 0.0106666 -0.0503835
v 0.036298 0.0130526 -0.0575445
v 0.035304 0.0154396 -0.0575445
v 0.035794 0.0142956 -0.0575445
v 0.036354 0.0130526 -0.0551575
v 0.035342 0.0154396 -0.0551575
v 0.035794 0.0144176 -0.0551575
v 0.032775 0.0202126 -0.0575445
v 0.033408 0.0191226 -0.0575445
v 0.032731 0.0202126 -0.0551575
v 0.033408 0.0190466 -0.0551575
v 0.034115 0.0178266 -0.0575445
v 0.034095 0.0178266 -0.0551575
v 0.036348 0.0130526 -0.0527705
v 0.035335 0.0154396 -0.0527705
v 0.035794 0.0144136 -0.0527705
v 0.036278 0.0130526 -0.0503835
v 0.035236 0.0154396 -0.0503835
v 0.035794 0.0142116 -0.0503835
v 0.032691 0.0202126 -0.0527705
v 0.033408 0.0189696 -0.0527705
v 0.032594 0.0202126 -0.0503835
v 0.033408 0.0187966 -0.0503835
v 0.034056 0.0178266 -0.0527705
v 0.033951 0.0178266 -0.0503835
v 0.037745 0.00827955 -0.0479975
v 0.038181 0.00649555 -0.0479975
v 0.037093 0.0106666 -0.0479975
v 0.037726 0.00827955 -0.0456105
v 0.038181 0.00634255 -0.0456105
v 0.037061 0.0106666 -0.0456105
v 0.037696 0.00827955 -0.0432235
v 0.038181 0.00598255 -0.0432235
v 0.037029 0.0106666 -0.0432235
v 0.037707 0.00827955 -0.0408375
v 0.038181 0.00600855 -0.0408375
v 0.036996 0.0106666 -0.0408375
v 0.036209 0.0130526 -0.0479975
v 0.035148 0.0154396 -0.0479975
v 0.035794 0.0140316 -0.0479975
v 0.036188 0.0130526 -0.0456105
v 0.03514 0.0154396 -0.0456105
v 0.035794 0.0140026 -0.0456105
v 0.032542 0.0202126 -0.0479975
v 0.033408 0.0187036 -0.0479975
v 0.032602 0.0202126 -0.0456105
v 0.033408 0.0187856 -0.0456105
v 0.033885 0.0178266 -0.0479975
v 0.03391 0.0178266 -0.0456105
v 0.0362 0.0130526 -0.0432235
v 0.035189 0.0154396 -0.0432235
v 0.035794 0.0140796 -0.0432235
v 0.036216 0.0130526 -0.0408375
v 0.035283 0.0154396 -0.0408375
v 0.035794 0.0142196 -0.0408375
v 0.032707 0.0202126 -0.0432235
v 0.033408 0.0189456 -0.0432235
v 0.03283 0.0202126 -0.0408375
v 0.033408 0.0191626 -0.0408375
v 0.033981 0.0178266 -0.0432235
v 0.034099 0.0178266 -0.0408375
v 0.002381 0.0385195 -0.0575445
v 0.004767 0.0385336 -0.0575445
v 0.002381 0.0383436 -0.0551575
v 0.004767 0.0382916 -0.0551575
v 0.007154 0.0381936 -0.0575445
v 0.009541 0.0376246 -0.0575445
v 0.007154 0.0379725 -0.0551575
v 0.009541 0.0375076 -0.0551575
v 0.002381 0.0381966 -0.0527705
v 0.004767 0.0381536 -0.0527705
v 0.002381 0.0381506 -0.0503835
v 0.004767 0.0381565 -0.0503835
v 0.007154 0.0378936 -0.0527705
v 0.009541 0.0374745 -0.0527705
v 0.007154 0.0379266 -0.0503835
v 0.009541 0.0375116 -0.0503835
v 0.018795 0.0345336 -0.0575445
v 0.019087 0.0343796 -0.0575445
v 0.018498 0.0345336 -0.0551575
v 0.019087 0.0342116 -0.0551575
v 0.012042 0.0369196 -0.0575445
v 0.014314 0.0362396 -0.0575445
v 0.011927 0.0369536 -0.0575445
v 0.01193 0.0369196 -0.0551575
v 0.014314 0.0362135 -0.0551575
v 0.011927 0.0369206 -0.0551575
v 0.016701 0.0354486 -0.0575445
v 0.016701 0.0353586 -0.0551575
v 0.01815 0.0345336 -0.0527705
v 0.019087 0.0340345 -0.0527705
v 0.017973 0.0345336 -0.0503835
v 0.019087 0.0339565 -0.0503835
v 0.011927 0.0368836 -0.0527705
v 0.011927 0.0369196 -0.0551075
v 0.0118 0.0369196 -0.0527705
v 0.014314 0.0361276 -0.0527705
v 0.011867 0.0369196 -0.0503835
v 0.011927 0.0369025 -0.0503835
v 0.014314 0.0361035 -0.0503835
v 0.016701 0.0352006 -0.0527705
v 0.016701 0.0351196 -0.0503835
v 0.002381 0.0381056 -0.0479975
v 0.004767 0.0381026 -0.0479975
v 0.002381 0.0380506 -0.0456105
v 0.004767 0.0380016 -0.0456105
v 0.007154 0.0378916 -0.0479975
v 0.009541 0.0375246 -0.0479975
v 0.007154 0.0377906 -0.0456105
v 0.009541 0.0374486 -0.0456105
v 0.002381 0.0379966 -0.0432235
v 0.004767 0.0379306 -0.0432235
v 0.002381 0.0379396 -0.0408375
v 0.004767 0.0378586 -0.0408375
v 0.007154 0.0376886 -0.0432235
v 0.009541 0.0373086 -0.0432235
v 0.007154 0.0375866 -0.0408375
v 0.009541 0.0371516 -0.0408375
v 0.018058 0.0345336 -0.0479975
v 0.019087 0.0340056 -0.0479975
v 0.01829 0.0345336 -0.0456105
v 0.019087 0.0341246 -0.0456105
v 0.011927 0.0369196 -0.0497385
v 0.012026 0.0369196 -0.0479975
v 0.014314 0.0361576 -0.0479975
v 0.011927 0.0369485 -0.0479975
v 0.011939 0.0369196 -0.0456105
v 0.014314 0.0361966 -0.0456105
v 0.011927 0.0369226 -0.0456105
v 0.016701 0.0351636 -0.0479975
v 0.016701 0.0352655 -0.0456105
v 0.018301 0.0345336 -0.0432235
v 0.019087 0.0341366 -0.0432235
v 0.017941 0.0345336 -0.0408375
v 0.019087 0.0339756 -0.0408375
v 0.011927 0.0367896 -0.0432235
v 0.011927 0.0369196 -0.0455065
v 0.011396 0.0369196 -0.0432235
v 0.014314 0.0361136 -0.0432235
v 0.01061 0.0369196 -0.0408375
v 0.011927 0.0365995 -0.0408375
v 0.014314 0.0359296 -0.0408375
v 0.016701 0.0352476 -0.0432235
v 0.016701 0.0350696 -0.0408375
v 0.027717 0.0273726 -0.0575445
v 0.028634 0.0263596 -0.0575445
v 0.025282 0.0297596 -0.0575445
v 0.026248 0.0288516 -0.0575445
v 0.02758 0.0273726 -0.0551575
v 0.028634 0.0262576 -0.0551575
v 0.025136 0.0297596 -0.0551575
v 0.026248 0.0287016 -0.0551575
v 0.027499 0.0273726 -0.0527705
v 0.028634 0.0261656 -0.0527705
v 0.025078 0.0297596 -0.0527705
v 0.026248 0.0286376 -0.0527705
v 0.027462 0.0273726 -0.0503835
v 0.028634 0.0260646 -0.0503835
v 0.025082 0.0297596 -0.0503835
v 0.026248 0.0286366 -0.0503835
v 0.031307 0.0225996 -0.0575445
v 0.029726 0.0249866 -0.0575445
v 0.031021 0.0230686 -0.0575445
v 0.031302 0.0225996 -0.0551575
v 0.029699 0.0249866 -0.0551575
v 0.031021 0.0230706 -0.0551575
v 0.031261 0.0225996 -0.0527705
v 0.029628 0.0249866 -0.0527705
v 0.031021 0.0229956 -0.0527705
v 0.031145 0.0225996 -0.0503835
v 0.029503 0.0249866 -0.0503835
v 0.031021 0.0228016 -0.0503835
v 0.022407 0.0321465 -0.0575445
v 0.023861 0.0309936 -0.0575445
v 0.021474 0.0328326 -0.0575445
v 0.022188 0.0321465 -0.0551575
v 0.023861 0.0308666 -0.0551575
v 0.021474 0.0326466 -0.0551575
v 0.022057 0.0321465 -0.0527705
v 0.023861 0.0308096 -0.0527705
v 0.021474 0.0325325 -0.0527705
v 0.022026 0.0321465 -0.0503835
v 0.023861 0.0307996 -0.0503835
v 0.021474 0.0325056 -0.0503835
v 0.027379 0.0273726 -0.0479975
v 0.028634 0.0259656 -0.0479975
v 0.025044 0.0297596 -0.0479975
v 0.026248 0.0285646 -0.0479975
v 0.027319 0.0273726 -0.0456105
v 0.028634 0.0259176 -0.0456105
v 0.025004 0.0297596 -0.0456105
v 0.026248 0.0284966 -0.0456105
v 0.027384 0.0273726 -0.0432235
v 0.028634 0.0259896 -0.0432235
v 0.025052 0.0297596 -0.0432235
v 0.026248 0.0285586 -0.0432235
v 0.02748 0.0273726 -0.0408375
v 0.028634 0.0260996 -0.0408375
v 0.025132 0.0297596 -0.0408375
v 0.026248 0.0286546 -0.0408375
v 0.031071 0.0225996 -0.0479975
v 0.029418 0.0249866 -0.0479975
v 0.031021 0.0226806 -0.0479975
v 0.031089 0.0225996 -0.0456105
v 0.029391 0.0249866 -0.0456105
v 0.031021 0.0227046 -0.0456105
v 0.03118 0.0225996 -0.0432235
v 0.029453 0.0249866 -0.0432235
v 0.031021 0.0228386 -0.0432235
v 0.031314 0.0225996 -0.0408375
v 0.02956 0.0249866 -0.0408375
v 0.031021 0.0230336 -0.0408375
v 0.022135 0.0321465 -0.0479975
v 0.023861 0.0308196 -0.0479975
v 0.021474 0.0325796 -0.0479975
v 0.022261 0.0321465 -0.0456105
v 0.023861 0.0308386 -0.0456105
v 0.021474 0.0326865 -0.0456105
v 0.022285 0.0321465 -0.0432235
v 0.023861 0.0308716 -0.0432235
v 0.021474 0.0327025 -0.0432235
v 0.022198 0.0321465 -0.0408375
v 0.023861 0.0308986 -0.0408375
v 0.021474 0.0326085 -0.0408375
v 0.038818 0.00350655 -0.0766375
v 0.038479 0.00589255 -0.0766375
v 0.038829 0.00350655 -0.0742505
v 0.038539 0.00589255 -0.0742505
v 0.038829 0.00350655 -0.0718645
v 0.038492 0.00589255 -0.0718645
v 0.038869 0.00350655 -0.0694775
v 0.038486 0.00589255 -0.0694775
v 0.038813 0.00350655 -0.0670905
v 0.038414 0.00589255 -0.0670905
v 0.038704 0.00350655 -0.0647045
v 0.038324 0.00589255 -0.0647045
v 0.038652 0.00350655 -0.0623175
v 0.038284 0.00589255 -0.0623175
v 0.038649 0.00350655 -0.0599305
v 0.038234 0.00589255 -0.0599305
v 0.038706 0.00350655 -0.0575445
v 0.038248 0.00589255 -0.0575445
v 0.038803 0.00350655 -0.0551575
v 0.038335 0.00589255 -0.0551575
v 0.038885 0.00350655 -0.0527705
v 0.038379 0.00589255 -0.0527705
v 0.038893 0.00350655 -0.0503845
v 0.038356 0.00589255 -0.0503845
v 0.038841 0.00350655 -0.0479975
v 0.038334 0.00589255 -0.0479975
v 0.038731 0.00350655 -0.0456105
v 0.038284 0.00589255 -0.0456105
v 0.038558 0.00350655 -0.0432235
v 0.038197 0.00589255 -0.0432235
v 0.038486 0.00350655 -0.0408375
v 0.038199 0.00589255 -0.0408375
v 0.037761 0.00827955 -0.0384505
v 0.038181 0.00639455 -0.0384505
v 0.037027 0.0106666 -0.0384505
v 0.037765 0.00827955 -0.0360635
v 0.038181 0.00632655 -0.0360635
v 0.037057 0.0106666 -0.0360635
v 0.038181 0.00557655 -0.0336775
v 0.038181 0.00589255 -0.0344505
v 0.038131 0.00589255 -0.0336775
v 0.037982 0.00589255 -0.0312905
v 0.038181 0.00471655 -0.0312905
v 0.037624 0.00827955 -0.0336775
v 0.036931 0.0106666 -0.0336775
v 0.037433 0.00827955 -0.0312905
v 0.036731 0.0106666 -0.0312905
v 0.036248 0.0130526 -0.0384505
v 0.035358 0.0154396 -0.0384505
v 0.035794 0.0143446 -0.0384505
v 0.036247 0.0130526 -0.0360635
v 0.035323 0.0154396 -0.0360635
v 0.035794 0.0142846 -0.0360635
v 0.032922 0.0202126 -0.0384505
v 0.033408 0.0193396 -0.0384505
v 0.032844 0.0202126 -0.0360635
v 0.033408 0.0192116 -0.0360635
v 0.034202 0.0178266 -0.0384505
v 0.034145 0.0178266 -0.0360635
v 0.036118 0.0130526 -0.0336775
v 0.035142 0.0154396 -0.0336775
v 0.035794 0.0139116 -0.0336775
v 0.035934 0.0130526 -0.0312905
v 0.034932 0.0154396 -0.0312905
v 0.035794 0.0134346 -0.0312905
v 0.032544 0.0202126 -0.0336775
v 0.033408 0.0187326 -0.0336775
v 0.032201 0.0202126 -0.0312905
v 0.033408 0.0182486 -0.0312905
v 0.033902 0.0178266 -0.0336775
v 0.033646 0.0178266 -0.0312905
v 0.03786 0.00589255 -0.0289035
v 0.038181 0.00382355 -0.0289035
v 0.037866 0.00589255 -0.0265165
v 0.038181 0.00395755 -0.0265165
v 0.037307 0.00827955 -0.0289035
v 0.036611 0.0106666 -0.0289035
v 0.03731 0.00827955 -0.0265165
v 0.036605 0.0106666 -0.0265165
v 0.038109 0.00589255 -0.0241305
v 0.038181 0.00551055 -0.0241305
v 0.038181 0.00589255 -0.0235595
v 0.037524 0.00827955 -0.0241305
v 0.036749 0.0106666 -0.0241305
v 0.037753 0.00827955 -0.0217435
v 0.038181 0.00663755 -0.0217435
v 0.036957 0.0106666 -0.0217435
v 0.035808 0.0130526 -0.0289035
v 0.034784 0.0154396 -0.0289035
v 0.035794 0.0130886 -0.0289035
v 0.035794 0.0129556 -0.0265165
v 0.035794 0.0130526 -0.0285825
v 0.035757 0.0130526 -0.0265165
v 0.034705 0.0154396 -0.0265165
v 0.031989 0.0202126 -0.0289035
v 0.033408 0.0179376 -0.0289035
v 0.031946 0.0202126 -0.0265165
v 0.033408 0.0178296 -0.0265165
v 0.033472 0.0178266 -0.0289035
v 0.033409 0.0178266 -0.0265165
v 0.035794 0.0130526 -0.0250685
v 0.035859 0.0130526 -0.0241305
v 0.034829 0.0154396 -0.0241305
v 0.035794 0.0132166 -0.0241305
v 0.036077 0.0130526 -0.0217435
v 0.03509 0.0154396 -0.0217435
v 0.035794 0.0137916 -0.0217435
v 0.032135 0.0202126 -0.0241305
v 0.033408 0.0180926 -0.0241305
v 0.032428 0.0202126 -0.0217435
v 0.033408 0.0185476 -0.0217435
v 0.033559 0.0178266 -0.0241305
v 0.03382 0.0178266 -0.0217435
v 0.002381 0.0379475 -0.0384505
v 0.004767 0.0377935 -0.0384505
v 0.002381 0.0379076 -0.0360635
v 0.004767 0.0376866 -0.0360635
v 0.007154 0.0374666 -0.0384505
v 0.009541 0.0370126 -0.0384505
v 0.009541 0.0368705 -0.0360635
v 0.009541 0.0369196 -0.0368605
v 0.009283 0.0369196 -0.0360635
v 0.007154 0.0373286 -0.0360635
v 0.002381 0.0376666 -0.0336775
v 0.004767 0.0374096 -0.0336775
v 0.002381 0.0374276 -0.0312905
v 0.004767 0.0371895 -0.0312905
v 0.008048 0.0369196 -0.0336775
v 0.009541 0.0366516 -0.0336775
v 0.007154 0.0370766 -0.0336775
v 0.007154 0.0368705 -0.0312905
v 0.007154 0.0369196 -0.0322095
v 0.006827 0.0369196 -0.0312905
v 0.009541 0.0364706 -0.0312905
v 0.017527 0.0345336 -0.0384505
v 0.019087 0.0337475 -0.0384505
v 0.017174 0.0345336 -0.0360635
v 0.019087 0.0334896 -0.0360635
v 0.009993 0.0369196 -0.0384505
v 0.011927 0.0364845 -0.0384505
v 0.014314 0.0358226 -0.0384505
v 0.011927 0.0363966 -0.0360635
v 0.014314 0.0357556 -0.0360635
v 0.016701 0.0349086 -0.0384505
v 0.016701 0.0347676 -0.0360635
v 0.016821 0.0345336 -0.0336775
v 0.019087 0.0333186 -0.0336775
v 0.016703 0.0345336 -0.0312905
v 0.019087 0.0333656 -0.0312905
v 0.011927 0.0361885 -0.0336775
v 0.014314 0.0355556 -0.0336775
v 0.011927 0.0359916 -0.0312905
v 0.014314 0.0353796 -0.0312905
v 0.016701 0.0345906 -0.0336775
v 0.016701 0.0345346 -0.0312905
v 0.002381 0.0373196 -0.0289035
v 0.004767 0.0371696 -0.0289035
v 0.002381 0.0372815 -0.0265165
v 0.004767 0.0372016 -0.0265165
v 0.007086 0.0369196 -0.0289035
v 0.007154 0.0369106 -0.0289035
v 0.009541 0.0365116 -0.0289035
v 0.007154 0.0369196 -0.0287385
v 0.008094 0.0369196 -0.0265165
v 0.009541 0.0366926 -0.0265165
v 0.007154 0.0370376 -0.0265165
v 0.002381 0.0373726 -0.0241305
v 0.004767 0.0373106 -0.0241305
v 0.002381 0.0374736 -0.0217435
v 0.004767 0.0374466 -0.0217435
v 0.009213 0.0369196 -0.0241305
v 0.009541 0.0368716 -0.0241305
v 0.007154 0.0371656 -0.0241305
v 0.009541 0.0369196 -0.0234105
v 0.007154 0.0373166 -0.0217435
v 0.009541 0.0370186 -0.0217435
v 0.016876 0.0345336 -0.0289035
v 0.019087 0.0334876 -0.0289035
v 0.016948 0.0345336 -0.0265165
v 0.019087 0.0335196 -0.0265165
v 0.011927 0.0360086 -0.0289035
v 0.014314 0.0354005 -0.0289035
v 0.011927 0.0361836 -0.0265165
v 0.014314 0.0354986 -0.0265165
v 0.016701 0.0346015 -0.0289035
v 0.016701 0.0346335 -0.0265165
v 0.016984 0.0345336 -0.0241305
v 0.019087 0.0335356 -0.0241305
v 0.017157 0.0345336 -0.0217435
v 0.019087 0.0335955 -0.0217435
v 0.011927 0.0363636 -0.0241305
v 0.014314 0.0355865 -0.0241305
v 0.010106 0.0369196 -0.0217435
v 0.011927 0.0364866 -0.0217435
v 0.014314 0.0356876 -0.0217435
v 0.016701 0.0346526 -0.0241305
v 0.016701 0.0347306 -0.0217435
v 0.027482 0.0273726 -0.0384505
v 0.028634 0.0261046 -0.0384505
v 0.025086 0.0297596 -0.0384505
v 0.026248 0.0286486 -0.0384505
v 0.027336 0.0273726 -0.0360635
v 0.028634 0.0259416 -0.0360635
v 0.024834 0.0297596 -0.0360635
v 0.026248 0.0284826 -0.0360635
v 0.027007 0.0273726 -0.0336775
v 0.028634 0.0255396 -0.0336775
v 0.024476 0.0297596 -0.0336775
v 0.026248 0.0281616 -0.0336775
v 0.026721 0.0273726 -0.0312905
v 0.028634 0.0251406 -0.0312905
v 0.024289 0.0297596 -0.0312905
v 0.026248 0.0278806 -0.0312905
v 0.031392 0.0225996 -0.0384505
v 0.029582 0.0249866 -0.0384505
v 0.031021 0.0231316 -0.0384505
v 0.031292 0.0225996 -0.0360635
v 0.029444 0.0249866 -0.0360635
v 0.031021 0.0229806 -0.0360635
v 0.031021 0.0224956 -0.0336775
v 0.031021 0.0225996 -0.0340755
v 0.030947 0.0225996 -0.0336775
v 0.02909 0.0249866 -0.0336775
v 0.030562 0.0225996 -0.0312905
v 0.031021 0.0219576 -0.0312905
v 0.028754 0.0249866 -0.0312905
v 0.021895 0.0321465 -0.0384505
v 0.023861 0.0307856 -0.0384505
v 0.021474 0.0323966 -0.0384505
v 0.021474 0.0320906 -0.0360635
v 0.021474 0.0321465 -0.0364765
v 0.02138 0.0321465 -0.0360635
v 0.023861 0.0305076 -0.0360635
v 0.02105 0.0321465 -0.0336775
v 0.021474 0.0318805 -0.0336775
v 0.023861 0.0302286 -0.0336775
v 0.021113 0.0321465 -0.0312905
v 0.021474 0.0319086 -0.0312905
v 0.023861 0.0301176 -0.0312905
v 0.026708 0.0273726 -0.0289035
v 0.028634 0.0250526 -0.0289035
v 0.024342 0.0297596 -0.0289035
v 0.026248 0.0278716 -0.0289035
v 0.026855 0.0273726 -0.0265165
v 0.028634 0.0251906 -0.0265165
v 0.024517 0.0297596 -0.0265165
v 0.026248 0.0280396 -0.0265165
v 0.027055 0.0273726 -0.0241305
v 0.028634 0.0254856 -0.0241305
v 0.024714 0.0297596 -0.0241305
v 0.026248 0.0282516 -0.0241305
v 0.02718 0.0273726 -0.0217435
v 0.028634 0.0257316 -0.0217435
v 0.024783 0.0297596 -0.0217435
v 0.026248 0.0283526 -0.0217435
v 0.030405 0.0225996 -0.0289035
v 0.031021 0.0216946 -0.0289035
v 0.028683 0.0249866 -0.0289035
v 0.03044 0.0225996 -0.0265165
v 0.031021 0.0216976 -0.0265165
v 0.028782 0.0249866 -0.0265165
v 0.030675 0.0225996 -0.0241305
v 0.031021 0.0220456 -0.0241305
v 0.029011 0.0249866 -0.0241305
v 0.030968 0.0225996 -0.0217435
v 0.031021 0.0225166 -0.0217435
v 0.029239 0.0249866 -0.0217435
v 0.021302 0.0321465 -0.0289035
v 0.021474 0.0320316 -0.0289035
v 0.023861 0.0301856 -0.0289035
v 0.021429 0.0321465 -0.0265165
v 0.021474 0.0321176 -0.0265165
v 0.023861 0.0303366 -0.0265165
v 0.021474 0.0321465 -0.0254755
v 0.021538 0.0321465 -0.0241305
v 0.023861 0.0304896 -0.0241305
v 0.021474 0.0321846 -0.0241305
v 0.021601 0.0321465 -0.0217435
v 0.023861 0.0305346 -0.0217435
v 0.021474 0.0322245 -0.0217435
v 0.037841 0.00827955 -0.0193565
v 0.038181 0.00684555 -0.0193565
v 0.03713 0.0106666 -0.0193565
v 0.037883 0.00827955 -0.0169705
v 0.038181 0.00688455 -0.0169705
v 0.03722 0.0106666 -0.0169705
v 0.037889 0.00827955 -0.0145835
v 0.038181 0.00703555 -0.0145835
v 0.037126 0.0106666 -0.0145835
v 0.037854 0.00827955 -0.0121965
v 0.038181 0.00706755 -0.0121965
v 0.036984 0.0106666 -0.0121965
v 0.036278 0.0130526 -0.0193565
v 0.03525 0.0154396 -0.0193565
v 0.035794 0.0142416 -0.0193565
v 0.036371 0.0130526 -0.0169705
v 0.035293 0.0154396 -0.0169705
v 0.035794 0.0143976 -0.0169705
v 0.03258 0.0202126 -0.0193565
v 0.033408 0.0187956 -0.0193565
v 0.032611 0.0202126 -0.0169705
v 0.033408 0.0188506 -0.0169705
v 0.033958 0.0178266 -0.0193565
v 0.033982 0.0178266 -0.0169705
v 0.036239 0.0130526 -0.0145835
v 0.035197 0.0154396 -0.0145835
v 0.035794 0.0141386 -0.0145835
v 0.036068 0.0130526 -0.0121965
v 0.035065 0.0154396 -0.0121965
v 0.035794 0.0137576 -0.0121965
v 0.032576 0.0202126 -0.0145835
v 0.033408 0.0187896 -0.0145835
v 0.032507 0.0202126 -0.0121965
v 0.033408 0.0186546 -0.0121965
v 0.033932 0.0178266 -0.0145835
v 0.033847 0.0178266 -0.0121965
v 0.037819 0.00827955 -0.00981049
v 0.038181 0.00695355 -0.00981049
v 0.036968 0.0106666 -0.00981049
v 0.037768 0.00827955 -0.00742349
v 0.038181 0.00664255 -0.00742349
v 0.036992 0.0106666 -0.00742349
v 0.038181 0.00584655 -0.00264949
v 0.038181 0.00589255 -0.00449648
v 0.038171 0.00589255 -0.00264949
v 0.037663 0.00827955 -0.00503649
v 0.038181 0.00603955 -0.00503649
v 0.036965 0.0106666 -0.00503649
v 0.037584 0.00827955 -0.00264949
v 0.036895 0.0106666 -0.00264949
v 0.036068 0.0130526 -0.00981049
v 0.03508 0.0154396 -0.00981049
v 0.035794 0.0137686 -0.00981049
v 0.036137 0.0130526 -0.00742349
v 0.035192 0.0154396 -0.00742349
v 0.035794 0.0139716 -0.00742349
v 0.032536 0.0202126 -0.00981049
v 0.033408 0.0187016 -0.00981049
v 0.032748 0.0202126 -0.00742349
v 0.033408 0.0190616 -0.00742349
v 0.033871 0.0178266 -0.00981049
v 0.034046 0.0178266 -0.00742349
v 0.036178 0.0130526 -0.00503649
v 0.0353 0.0154396 -0.00503649
v 0.035794 0.0141446 -0.00503649
v 0.036131 0.0130526 -0.00264949
v 0.035269 0.0154396 -0.00264949
v 0.035794 0.0140306 -0.00264949
v 0.032949 0.0202126 -0.00503649
v 0.033408 0.0194266 -0.00503649
v 0.032896 0.0202126 -0.00264949
v 0.033408 0.0193466 -0.00264949
v 0.034227 0.0178266 -0.00503649
v 0.034199 0.0178266 -0.00264949
v 0.002381 0.0374916 -0.0193565
v 0.004767 0.0375416 -0.0193565
v 0.002381 0.0376036 -0.0169705
v 0.004767 0.0376936 -0.0169705
v 0.007154 0.0374666 -0.0193565
v 0.009541 0.0371476 -0.0193565
v 0.007154 0.0376266 -0.0169705
v 0.009541 0.0373016 -0.0169705
v 0.002381 0.0378596 -0.0145835
v 0.004767 0.0379136 -0.0145835
v 0.002381 0.0380095 -0.0121965
v 0.004767 0.0380165 -0.0121965
v 0.007154 0.0378016 -0.0145835
v 0.009541 0.0374666 -0.0145835
v 0.007154 0.0378855 -0.0121965
v 0.009541 0.0375225 -0.0121965
v 0.017396 0.0345336 -0.0193565
v 0.019087 0.0336776 -0.0193565
v 0.017574 0.0345336 -0.0169705
v 0.019087 0.0337216 -0.0169705
v 0.010635 0.0369196 -0.0193565
v 0.011927 0.0365886 -0.0193565
v 0.014314 0.0358165 -0.0193565
v 0.011236 0.0369196 -0.0169705
v 0.011927 0.0367366 -0.0169705
v 0.014314 0.0359815 -0.0169705
v 0.016701 0.0348466 -0.0193565
v 0.016701 0.0349616 -0.0169705
v 0.017644 0.0345336 -0.0145835
v 0.019087 0.0337126 -0.0145835
v 0.017636 0.0345336 -0.0121965
v 0.019087 0.0336706 -0.0121965
v 0.011837 0.0369196 -0.0145835
v 0.011927 0.0368946 -0.0145835
v 0.014314 0.0361186 -0.0145835
v 0.011927 0.0369196 -0.0137895
v 0.01193 0.0369196 -0.0121965
v 0.014314 0.0361346 -0.0121965
v 0.011927 0.0369206 -0.0121965
v 0.016701 0.0350316 -0.0145835
v 0.016701 0.0350376 -0.0121965
v 0.002381 0.0378876 -0.00981049
v 0.004767 0.0379096 -0.00981049
v 0.002381 0.0377186 -0.00742349
v 0.004767 0.0377976 -0.00742349
v 0.007154 0.0378046 -0.00981049
v 0.009541 0.0374355 -0.00981049
v 0.007154 0.0377525 -0.00742349
v 0.009541 0.0374166 -0.00742349
v 0.002381 0.0377135 -0.00503649
v 0.004767 0.0378206 -0.00503649
v 0.002381 0.0378136 -0.00264949
v 0.004767 0.0378526 -0.00264949
v 0.007154 0.0378325 -0.00503649
v 0.009541 0.0375196 -0.00503649
v 0.007154 0.0378366 -0.00264949
v 0.009541 0.0375246 -0.00264949
v 0.017483 0.0345336 -0.00981049
v 0.019087 0.0335865 -0.00981049
v 0.017294 0.0345336 -0.00742349
v 0.019087 0.0335155 -0.00742349
v 0.011927 0.0368126 -0.00981049
v 0.011927 0.0369196 -0.0121755
v 0.011559 0.0369196 -0.00981049
v 0.014314 0.0360166 -0.00981049
v 0.01148 0.0369196 -0.00742349
v 0.011927 0.0367816 -0.00742349
v 0.014314 0.0359216 -0.00742349
v 0.016701 0.0349435 -0.00981049
v 0.016701 0.0348346 -0.00742349
v 0.017249 0.0345336 -0.00503649
v 0.019087 0.0334956 -0.00503649
v 0.017263 0.0345336 -0.00264949
v 0.019087 0.0334886 -0.00264949
v 0.011741 0.0369196 -0.00503649
v 0.011927 0.0368565 -0.00503649
v 0.014314 0.0359346 -0.00503649
v 0.011795 0.0369196 -0.00264949
v 0.011927 0.0368766 -0.00264949
v 0.014314 0.0359696 -0.00264949
v 0.016701 0.0348126 -0.00503649
v 0.016701 0.0348256 -0.00264949
v 0.027138 0.0273726 -0.0193565
v 0.028634 0.0257296 -0.0193565
v 0.024705 0.0297596 -0.0193565
v 0.026248 0.0282936 -0.0193565
v 0.026954 0.0273726 -0.0169705
v 0.028634 0.0255226 -0.0169705
v 0.024556 0.0297596 -0.0169705
v 0.026248 0.0281136 -0.0169705
v 0.026712 0.0273726 -0.0145835
v 0.028634 0.0252696 -0.0145835
v 0.024333 0.0297596 -0.0145835
v 0.026248 0.0278596 -0.0145835
v 0.026647 0.0273726 -0.0121965
v 0.028634 0.0252216 -0.0121965
v 0.024173 0.0297596 -0.0121965
v 0.026248 0.0277766 -0.0121965
v 0.031021 0.0225996 -0.0210645
v 0.03108 0.0225996 -0.0193565
v 0.029265 0.0249866 -0.0193565
v 0.031021 0.0226886 -0.0193565
v 0.031037 0.0225996 -0.0169705
v 0.029102 0.0249866 -0.0169705
v 0.031021 0.0226216 -0.0169705
v 0.031021 0.0224616 -0.0145835
v 0.031021 0.0225996 -0.0166075
v 0.030913 0.0225996 -0.0145835
v 0.028883 0.0249866 -0.0145835
v 0.030833 0.0225996 -0.0121965
v 0.031021 0.0223576 -0.0121965
v 0.028837 0.0249866 -0.0121965
v 0.021616 0.0321465 -0.0193565
v 0.023861 0.0304736 -0.0193565
v 0.021474 0.0322385 -0.0193565
v 0.021607 0.0321465 -0.0169705
v 0.023861 0.0303736 -0.0169705
v 0.021474 0.0322365 -0.0169705
v 0.021501 0.0321465 -0.0145835
v 0.023861 0.0301966 -0.0145835
v 0.021474 0.0321656 -0.0145835
v 0.021474 0.0320306 -0.0121965
v 0.021474 0.0321465 -0.0142155
v 0.021319 0.0321465 -0.0121965
v 0.023861 0.0300386 -0.0121965
v 0.026767 0.0273726 -0.00981049
v 0.028634 0.0253926 -0.00981049
v 0.024144 0.0297596 -0.00981049
v 0.026248 0.0278726 -0.00981049
v 0.026872 0.0273726 -0.00742349
v 0.028634 0.0255786 -0.00742349
v 0.02415 0.0297596 -0.00742349
v 0.026248 0.0279446 -0.00742349
v 0.026899 0.0273726 -0.00503649
v 0.028634 0.0256496 -0.00503649
v 0.024182 0.0297596 -0.00503649
v 0.026248 0.0279626 -0.00503649
v 0.026893 0.0273726 -0.00264949
v 0.028634 0.0256306 -0.00264949
v 0.024217 0.0297596 -0.00264949
v 0.026248 0.0279696 -0.00264949
v 0.03091 0.0225996 -0.00981049
v 0.031021 0.0224506 -0.00981049
v 0.02898 0.0249866 -0.00981049
v 0.031021 0.0225996 -0.00832349
v 0.031097 0.0225996 -0.00742349
v 0.029152 0.0249866 -0.00742349
v 0.031021 0.0226996 -0.00742349
v 0.03123 0.0225996 -0.00503649
v 0.02923 0.0249866 -0.00503649
v 0.031021 0.0228626 -0.00503649
v 0.031208 0.0225996 -0.00264949
v 0.029218 0.0249866 -0.00264949
v 0.031021 0.0228416 -0.00264949
v 0.021181 0.0321465 -0.00981049
v 0.021474 0.0319276 -0.00981049
v 0.023861 0.0299966 -0.00981049
v 0.021139 0.0321465 -0.00742349
v 0.021474 0.0319006 -0.00742349
v 0.023861 0.0299956 -0.00742349
v 0.021153 0.0321465 -0.00503649
v 0.021474 0.0319166 -0.00503649
v 0.023861 0.0300266 -0.00503649
v 0.021151 0.0321465 -0.00264949
v 0.021474 0.0319195 -0.00264949
v 0.023861 0.0300546 -0.00264949
v 0.038527 0.00350655 -0.0384505
v 0.038262 0.00589255 -0.0384505
v 0.038523 0.00350655 -0.0360635
v 0.038251 0.00589255 -0.0360635
v 0.03846 0.00350655 -0.0336775
v 0.038354 0.00350655 -0.0312905
v 0.038219 0.00350655 -0.0289035
v 0.038238 0.00350655 -0.0265165
v 0.038491 0.00350655 -0.0241305
v 0.038709 0.00350655 -0.0217435
v 0.038334 0.00589255 -0.0217435
v 0.038722 0.00350655 -0.0193565
v 0.038366 0.00589255 -0.0193565
v 0.038637 0.00350655 -0.0169705
v 0.038349 0.00589255 -0.0169705
v 0.038597 0.00350655 -0.0145835
v 0.038373 0.00589255 -0.0145835
v 0.038648 0.00350655 -0.0121965
v 0.038404 0.00589255 -0.0121965
v 0.038727 0.00350655 -0.00981049
v 0.038401 0.00589255 -0.00981049
v 0.038728 0.00350655 -0.00742349
v 0.038337 0.00589255 -0.00742349
v 0.038626 0.00350655 -0.00503649
v 0.03821 0.00589255 -0.00503649
v 0.038609 0.00350655 -0.00264949
v 0.038181 0.00589255 -0.00232449
v 0.037542 0.00827955 -0.000263485
v 0.038181 0.00606455 -0.000263485
v 0.036777 0.0106666 -0.000263485
v 0.037421 0.00827955 0.00212351
v 0.038181 0.00591755 0.00212351
v 0.036602 0.0106666 0.00212351
v 0.038181 0.00566655 0.00451052
v 0.038181 0.00589255 0.00230251
v 0.038112 0.00589255 0.00451052
v 0.03809 0.00589255 0.00689652
v 0.038181 0.00557255 0.00689652
v 0.037299 0.00827955 0.00451052
v 0.036457 0.0106666 0.00451052
v 0.037303 0.00827955 0.00689652
v 0.036425 0.0106666 0.00689652
v 0.035952 0.0130526 -0.000263485
v 0.035012 0.0154396 -0.000263485
v 0.035794 0.0134806 -0.000263485
v 0.035794 0.0129096 0.00212351
v 0.035794 0.0130526 0.00142652
v 0.035739 0.0130526 0.00212351
v 0.034706 0.0154396 0.00212351
v 0.032609 0.0202126 -0.000263485
v 0.033408 0.0187796 -0.000263485
v 0.032314 0.0202126 0.00212351
v 0.033408 0.0181136 0.00212351
v 0.033892 0.0178266 -0.000263485
v 0.033548 0.0178266 0.00212351
v 0.035594 0.0130526 0.00451052
v 0.035794 0.0125276 0.00451052
v 0.034544 0.0154396 0.00451052
v 0.035528 0.0130526 0.00689652
v 0.035794 0.0123506 0.00689652
v 0.034526 0.0154396 0.00689652
v 0.033408 0.0177656 0.00451052
v 0.033408 0.0178266 0.00380151
v 0.033378 0.0178266 0.00451052
v 0.032142 0.0202126 0.00451052
v 0.033356 0.0178266 0.00689652
v 0.033408 0.0177256 0.00689652
v 0.032057 0.0202126 0.00689652
v 0.038002 0.00589255 0.00928351
v 0.038181 0.00516255 0.00928351
v 0.037798 0.00589255 0.0116705
v 0.038181 0.00407455 0.0116705
v 0.037294 0.00827955 0.00928351
v 0.036437 0.0106666 0.00928351
v 0.03714 0.00827955 0.0116705
v 0.036374 0.0106666 0.0116705
v 0.03774 0.00589255 0.0140565
v 0.038181 0.00353555 0.0140565
v 0.037929 0.00589255 0.0164435
v 0.038181 0.00460955 0.0164435
v 0.037059 0.00827955 0.0140565
v 0.0363 0.0106666 0.0140565
v 0.037202 0.00827955 0.0164435
v 0.036318 0.0106666 0.0164435
v 0.035523 0.0130526 0.00928351
v 0.035794 0.0123456 0.00928351
v 0.034536 0.0154396 0.00928351
v 0.035515 0.0130526 0.0116705
v 0.035794 0.0123256 0.0116705
v 0.034457 0.0154396 0.0116705
v 0.03335 0.0178266 0.00928351
v 0.033408 0.0177186 0.00928351
v 0.032003 0.0202126 0.00928351
v 0.033242 0.0178266 0.0116705
v 0.033408 0.0175136 0.0116705
v 0.031877 0.0202126 0.0116705
v 0.035453 0.0130526 0.0140565
v 0.035794 0.0121786 0.0140565
v 0.034311 0.0154396 0.0140565
v 0.035357 0.0130526 0.0164435
v 0.035794 0.0120276 0.0164435
v 0.034181 0.0154396 0.0164435
v 0.033067 0.0178266 0.0140565
v 0.033408 0.0171766 0.0140565
v 0.031706 0.0202126 0.0140565
v 0.032953 0.0178266 0.0164435
v 0.033408 0.0169516 0.0164435
v 0.031586 0.0202126 0.0164435
v 0.002381 0.0378736 -0.000263485
v 0.004767 0.0377956 -0.000263485
v 0.002381 0.0378366 0.00212351
v 0.004767 0.0377356 0.00212351
v 0.007154 0.0376946 -0.000263485
v 0.009541 0.0374096 -0.000263485
v 0.007154 0.0376126 0.00212351
v 0.009541 0.0373466 0.00212351
v 0.002381 0.0377906 0.00451052
v 0.004767 0.0377256 0.00451052
v 0.002381 0.0377556 0.00689652
v 0.004767 0.0376986 0.00689652
v 0.007154 0.0376186 0.00451052
v 0.009541 0.0373086 0.00451052
v 0.007154 0.0375766 0.00689652
v 0.009541 0.0372146 0.00689652
v 0.017245 0.0345336 -0.000263485
v 0.019087 0.0334526 -0.000263485
v 0.017145 0.0345336 0.00212351
v 0.019087 0.0333615 0.00212351
v 0.011683 0.0369196 -0.000263485
v 0.011927 0.0368496 -0.000263485
v 0.014314 0.0359846 -0.000263485
v 0.011577 0.0369196 0.00212351
v 0.011927 0.0368236 0.00212351
v 0.014314 0.0359586 0.00212351
v 0.016701 0.0348216 -0.000263485
v 0.016701 0.0347746 0.00212351
v 0.016917 0.0345336 0.00451052
v 0.019087 0.0332436 0.00451052
v 0.016701 0.0344956 0.00689652
v 0.016701 0.0345336 0.00627951
v 0.016628 0.0345336 0.00689652
v 0.019087 0.0331385 0.00689652
v 0.011276 0.0369196 0.00451052
v 0.011927 0.0367325 0.00451052
v 0.014314 0.0358336 0.00451052
v 0.010792 0.0369196 0.00689652
v 0.011927 0.0365886 0.00689652
v 0.014314 0.0356636 0.00689652
v 0.016701 0.0346496 0.00451052
v 0.002381 0.0376936 0.00928351
v 0.004767 0.0376506 0.00928351
v 0.002381 0.0376765 0.0116705
v 0.004767 0.0375976 0.0116705
v 0.007154 0.0374796 0.00928351
v 0.009541 0.0370565 0.00928351
v 0.009541 0.0368286 0.0116705
v 0.009541 0.0369196 0.0107575
v 0.009177 0.0369196 0.0116705
v 0.007154 0.0373365 0.0116705
v 0.002381 0.0377036 0.0140565
v 0.004767 0.0374936 0.0140565
v 0.002381 0.0376656 0.0164435
v 0.004767 0.0373766 0.0164435
v 0.008236 0.0369196 0.0140565
v 0.009541 0.0366096 0.0140565
v 0.007154 0.0371426 0.0140565
v 0.007557 0.0369196 0.0164435
v 0.009541 0.0364895 0.0164435
v 0.007154 0.0369976 0.0164435
v 0.016366 0.0345336 0.00928351
v 0.016701 0.0343666 0.00928351
v 0.019087 0.0330406 0.00928351
v 0.016017 0.0345336 0.0116705
v 0.016701 0.0342205 0.0116705
v 0.019087 0.0329266 0.0116705
v 0.01011 0.0369196 0.00928351
v 0.011927 0.0363936 0.00928351
v 0.014314 0.0354786 0.00928351
v 0.011927 0.0361166 0.0116705
v 0.014314 0.0352436 0.0116705
v 0.015641 0.0345336 0.0140565
v 0.016701 0.0340656 0.0140565
v 0.019087 0.0327965 0.0140565
v 0.015613 0.0345336 0.0164435
v 0.016701 0.0340275 0.0164435
v 0.019087 0.0326946 0.0164435
v 0.011927 0.0359156 0.0140565
v 0.014314 0.0350675 0.0140565
v 0.011927 0.0358636 0.0164435
v 0.014314 0.0350666 0.0164435
v 0.026869 0.0273726 -0.000263485
v 0.028634 0.0255956 -0.000263485
v 0.024202 0.0297596 -0.000263485
v 0.026248 0.0279546 -0.000263485
v 0.026867 0.0273726 0.00212351
v 0.028634 0.0255656 0.00212351
v 0.024239 0.0297596 0.00212351
v 0.026248 0.0279696 0.00212351
v 0.026919 0.0273726 0.00451052
v 0.028634 0.0255196 0.00451052
v 0.024318 0.0297596 0.00451052
v 0.026248 0.0280396 0.00451052
v 0.026911 0.0273726 0.00689652
v 0.028634 0.0254186 0.00689652
v 0.024283 0.0297596 0.00689652
v 0.026248 0.0280376 0.00689652
v 0.031073 0.0225996 -0.000263485
v 0.029181 0.0249866 -0.000263485
v 0.031021 0.0226746 -0.000263485
v 0.031021 0.0224206 0.00212351
v 0.031021 0.0225996 0.000475516
v 0.030908 0.0225996 0.00212351
v 0.029138 0.0249866 0.00212351
v 0.030758 0.0225996 0.00451052
v 0.031021 0.0221726 0.00451052
v 0.029068 0.0249866 0.00451052
v 0.030655 0.0225996 0.00689652
v 0.031021 0.0220086 0.00689652
v 0.028969 0.0249866 0.00689652
v 0.02107 0.0321465 -0.000263485
v 0.021474 0.0318645 -0.000263485
v 0.023861 0.0300366 -0.000263485
v 0.020942 0.0321465 0.00212351
v 0.021474 0.0317905 0.00212351
v 0.023861 0.0300576 0.00212351
v 0.020843 0.0321465 0.00451052
v 0.021474 0.0317515 0.00451052
v 0.023861 0.0301106 0.00451052
v 0.020754 0.0321465 0.00689652
v 0.021474 0.0317076 0.00689652
v 0.023861 0.0300786 0.00689652
v 0.028634 0.0248336 0.0116705
v 0.028634 0.0249866 0.0105795
v 0.0285 0.0249866 0.0116705
v 0.023861 0.0295566 0.0116705
v 0.023861 0.0297596 0.0100845
v 0.023612 0.0297596 0.0116705
v 0.026647 0.0273726 0.00928351
v 0.028634 0.0251696 0.00928351
v 0.024 0.0297596 0.00928351
v 0.026248 0.0277746 0.00928351
v 0.026248 0.0273726 0.0116705
v 0.026248 0.0273726 0.0116685
v 0.026247 0.0273726 0.0116705
v 0.028298 0.0249866 0.0140565
v 0.028634 0.0245926 0.0140565
v 0.0282 0.0249866 0.0164435
v 0.028634 0.0244576 0.0164435
v 0.023326 0.0297596 0.0140565
v 0.023861 0.0293106 0.0140565
v 0.023051 0.0297596 0.0164435
v 0.023861 0.0290936 0.0164435
v 0.026004 0.0273726 0.0140565
v 0.026248 0.0271396 0.0140565
v 0.025858 0.0273726 0.0164435
v 0.026248 0.0270186 0.0164435
v 0.030577 0.0225996 0.00928351
v 0.031021 0.0218996 0.00928351
v 0.028785 0.0249866 0.00928351
v 0.030398 0.0225996 0.0116705
v 0.031021 0.0216466 0.0116705
v 0.03018 0.0225996 0.0140565
v 0.031021 0.0213466 0.0140565
v 0.030031 0.0225996 0.0164435
v 0.031021 0.0211356 0.0164435
v 0.020581 0.0321465 0.00928351
v 0.021474 0.0315766 0.00928351
v 0.023861 0.0298676 0.00928351
v 0.020363 0.0321465 0.0116705
v 0.021474 0.0313966 0.0116705
v 0.020156 0.0321465 0.0140565
v 0.021474 0.0312286 0.0140565
v 0.019954 0.0321465 0.0164435
v 0.021474 0.0310326 0.0164435
v 0.038155 0.00589255 0.0188305
v 0.038181 0.00576855 0.0188305
v 0.038181 0.00589255 0.0192685
v 0.037449 0.00827955 0.0188305
v 0.036448 0.0106666 0.0188305
v 0.037572 0.00827955 0.0212175
v 0.038181 0.00608955 0.0212175
v 0.036579 0.0106666 0.0212175
v 0.038181 0.00532755 0.0236035
v 0.038181 0.00589255 0.0222985
v 0.03807 0.00589255 0.0236035
v 0.037813 0.00589255 0.0259905
v 0.038181 0.00419455 0.0259905
v 0.037464 0.00827955 0.0236035
v 0.036589 0.0106666 0.0236035
v 0.037265 0.00827955 0.0259905
v 0.036546 0.0106666 0.0259905
v 0.035337 0.0130526 0.0188305
v 0.035794 0.0120946 0.0188305
v 0.034146 0.0154396 0.0188305
v 0.035442 0.0130526 0.0212175
v 0.035794 0.0123256 0.0212175
v 0.034247 0.0154396 0.0212175
v 0.032932 0.0178266 0.0188305
v 0.033408 0.0169186 0.0188305
v 0.031534 0.0202126 0.0188305
v 0.032988 0.0178266 0.0212175
v 0.033408 0.0170636 0.0212175
v 0.031591 0.0202126 0.0212175
v 0.035562 0.0130526 0.0236035
v 0.035794 0.0125316 0.0236035
v 0.0344 0.0154396 0.0236035
v 0.035611 0.0130526 0.0259905
v 0.035794 0.0126296 0.0259905
v 0.034445 0.0154396 0.0259905
v 0.033116 0.0178266 0.0236035
v 0.033408 0.0173036 0.0236035
v 0.031739 0.0202126 0.0236035
v 0.033174 0.0178266 0.0259905
v 0.033408 0.0173976 0.0259905
v 0.031803 0.0202126 0.0259905
v 0.038181 0.00318455 0.0283775
v 0.038181 0.00350655 0.0276225
v 0.038112 0.00350655 0.0283775
v 0.037601 0.00589255 0.0283775
v 0.03797 0.00350655 0.0307635
v 0.038181 0.00219055 0.0307635
v 0.037525 0.00589255 0.0307635
v 0.037097 0.00827955 0.0283775
v 0.036475 0.0106666 0.0283775
v 0.037031 0.00827955 0.0307635
v 0.036392 0.0106666 0.0307635
v 0.037876 0.00350655 0.0331505
v 0.037549 0.00589255 0.0331505
v 0.037793 0.00350655 0.0355375
v 0.037561 0.00589255 0.0355375
v 0.037064 0.00827955 0.0331505
v 0.036322 0.0106666 0.0331505
v 0.037064 0.00827955 0.0355375
v 0.036244 0.0106666 0.0355375
v 0.035574 0.0130526 0.0283775
v 0.035794 0.0125516 0.0283775
v 0.034366 0.0154396 0.0283775
v 0.035484 0.0130526 0.0307635
v 0.035794 0.0123306 0.0307635
v 0.034275 0.0154396 0.0307635
v 0.033068 0.0178266 0.0283775
v 0.033408 0.0172136 0.0283775
v 0.031663 0.0202126 0.0283775
v 0.032946 0.0178266 0.0307635
v 0.033408 0.0170206 0.0307635
v 0.031491 0.0202126 0.0307635
v 0.035375 0.0130526 0.0331505
v 0.035794 0.0120606 0.0331505
v 0.034207 0.0154396 0.0331505
v 0.035296 0.0130526 0.0355375
v 0.035794 0.0118386 0.0355375
v 0.034142 0.0154396 0.0355375
v 0.032873 0.0178266 0.0331505
v 0.033408 0.0169146 0.0331505
v 0.031356 0.0202126 0.0331505
v 0.032802 0.0178266 0.0355375
v 0.033408 0.0167946 0.0355375
v 0.031285 0.0202126 0.0355375
v 0.002381 0.0376176 0.0188305
v 0.004767 0.0373376 0.0188305
v 0.002381 0.0376235 0.0212175
v 0.004767 0.0373316 0.0212175
v 0.007291 0.0369196 0.0188305
v 0.009541 0.0364385 0.0188305
v 0.007154 0.0369465 0.0188305
v 0.007154 0.0368795 0.0212175
v 0.007154 0.0369196 0.0200205
v 0.006963 0.0369196 0.0212175
v 0.009541 0.0363476 0.0212175
v 0.002381 0.0375956 0.0236035
v 0.004767 0.0373256 0.0236035
v 0.002381 0.0375186 0.0259905
v 0.004767 0.0373476 0.0259905
v 0.006834 0.0369196 0.0236035
v 0.007154 0.0368516 0.0236035
v 0.009541 0.0362996 0.0236035
v 0.007154 0.0369196 0.0253015
v 0.007402 0.0369196 0.0259905
v 0.009541 0.0364496 0.0259905
v 0.007154 0.0369666 0.0259905
v 0.015646 0.0345336 0.0188305
v 0.016701 0.0340135 0.0188305
v 0.019087 0.0326006 0.0188305
v 0.015342 0.0345336 0.0212175
v 0.016701 0.0338786 0.0212175
v 0.019087 0.0325095 0.0212175
v 0.011927 0.0358546 0.0188305
v 0.014314 0.0350926 0.0188305
v 0.011927 0.0357496 0.0212175
v 0.014314 0.0349606 0.0212175
v 0.015052 0.0345336 0.0236035
v 0.016701 0.0337786 0.0236035
v 0.019087 0.0324966 0.0236035
v 0.015105 0.0345336 0.0259905
v 0.016701 0.0337986 0.0259905
v 0.019087 0.0325376 0.0259905
v 0.011927 0.0356465 0.0236035
v 0.014314 0.0348306 0.0236035
v 0.011927 0.0357376 0.0259905
v 0.014314 0.0348606 0.0259905
v 0.002381 0.0374886 0.0283775
v 0.004767 0.0373796 0.0283775
v 0.002381 0.0375126 0.0307635
v 0.004767 0.0373965 0.0307635
v 0.008148 0.0369196 0.0283775
v 0.009541 0.0366146 0.0283775
v 0.007154 0.0370926 0.0283775
v 0.008197 0.0369196 0.0307635
v 0.009541 0.0366216 0.0307635
v 0.007154 0.0371076 0.0307635
v 0.002381 0.0375376 0.0331505
v 0.004767 0.0373906 0.0331505
v 0.002381 0.0375595 0.0355375
v 0.004767 0.0373846 0.0355375
v 0.00774 0.0369196 0.0331505
v 0.009541 0.0364996 0.0331505
v 0.007154 0.0370376 0.0331505
v 0.007348 0.0369196 0.0355375
v 0.009541 0.0363396 0.0355375
v 0.007154 0.0369645 0.0355375
v 0.015224 0.0345336 0.0283775
v 0.016701 0.0338426 0.0283775
v 0.019087 0.0325866 0.0283775
v 0.015297 0.0345336 0.0307635
v 0.016701 0.0338676 0.0307635
v 0.019087 0.0325666 0.0307635
v 0.011927 0.0358736 0.0283775
v 0.014314 0.0349286 0.0283775
v 0.011927 0.0358956 0.0307635
v 0.014314 0.0349616 0.0307635
v 0.015222 0.0345336 0.0331505
v 0.016701 0.0338115 0.0331505
v 0.019087 0.0323936 0.0331505
v 0.019087 0.0320685 0.0355375
v 0.019087 0.0321465 0.0350425
v 0.018967 0.0321465 0.0355375
v 0.014698 0.0345336 0.0355375
v 0.016701 0.0335405 0.0355375
v 0.011927 0.0357856 0.0331505
v 0.014314 0.0349136 0.0331505
v 0.011927 0.0355626 0.0355375
v 0.014314 0.0346896 0.0355375
v 0.028145 0.0249866 0.0188305
v 0.028634 0.0243826 0.0188305
v 0.028236 0.0249866 0.0212175
v 0.028634 0.0245066 0.0212175
v 0.022904 0.0297596 0.0188305
v 0.023861 0.0289986 0.0188305
v 0.022998 0.0297596 0.0212175
v 0.023861 0.0290926 0.0212175
v 0.0258 0.0273726 0.0188305
v 0.026248 0.0269696 0.0188305
v 0.025906 0.0273726 0.0212175
v 0.026248 0.0270616 0.0212175
v 0.028472 0.0249866 0.0236035
v 0.028634 0.0247956 0.0236035
v 0.028578 0.0249866 0.0259905
v 0.028634 0.0249186 0.0259905
v 0.023149 0.0297596 0.0236035
v 0.023861 0.0292236 0.0236035
v 0.023304 0.0297596 0.0259905
v 0.023861 0.0293436 0.0259905
v 0.026112 0.0273726 0.0236035
v 0.026248 0.0272526 0.0236035
v 0.026248 0.0273726 0.0258685
v 0.02625 0.0273726 0.0259905
v 0.026248 0.0273756 0.0259905
v 0.029965 0.0225996 0.0188305
v 0.031021 0.0210406 0.0188305
v 0.030086 0.0225996 0.0212175
v 0.031021 0.0211776 0.0212175
v 0.030304 0.0225996 0.0236035
v 0.031021 0.0214666 0.0236035
v 0.030362 0.0225996 0.0259905
v 0.031021 0.0215536 0.0259905
v 0.019783 0.0321465 0.0188305
v 0.021474 0.0308936 0.0188305
v 0.019677 0.0321465 0.0212175
v 0.021474 0.0309036 0.0212175
v 0.019696 0.0321465 0.0236035
v 0.021474 0.0309806 0.0236035
v 0.019786 0.0321465 0.0259905
v 0.021474 0.0310706 0.0259905
v 0.028409 0.0249866 0.0283775
v 0.028634 0.0247136 0.0283775
v 0.028194 0.0249866 0.0307635
v 0.028634 0.0244526 0.0307635
v 0.023386 0.0297596 0.0283775
v 0.023861 0.0293866 0.0283775
v 0.023207 0.0297596 0.0307635
v 0.023861 0.0292256 0.0307635
v 0.026248 0.0272716 0.0283775
v 0.026248 0.0273726 0.0267815
v 0.026142 0.0273726 0.0283775
v 0.025913 0.0273726 0.0307635
v 0.026248 0.0270496 0.0307635
v 0.028032 0.0249866 0.0331505
v 0.028634 0.0242416 0.0331505
v 0.027765 0.0249866 0.0355375
v 0.028634 0.0239626 0.0355375
v 0.0228 0.0297596 0.0331505
v 0.023861 0.0289096 0.0331505
v 0.022362 0.0297596 0.0355375
v 0.023861 0.0285856 0.0355375
v 0.025654 0.0273726 0.0331505
v 0.026248 0.0268356 0.0331505
v 0.025303 0.0273726 0.0355375
v 0.026248 0.0265246 0.0355375
v 0.030198 0.0225996 0.0283775
v 0.031021 0.0213006 0.0283775
v 0.029993 0.0225996 0.0307635
v 0.031021 0.0209916 0.0307635
v 0.029814 0.0225996 0.0331505
v 0.031021 0.0207486 0.0331505
v 0.02967 0.0225996 0.0355375
v 0.031021 0.0206276 0.0355375
v 0.019876 0.0321465 0.0283775
v 0.021474 0.0311426 0.0283775
v 0.019806 0.0321465 0.0307635
v 0.021474 0.0310566 0.0307635
v 0.019478 0.0321465 0.0331505
v 0.021474 0.0307636 0.0331505
v 0.021474 0.0304106 0.0355375
v 0.038726 0.00350655 -0.000263485
v 0.038226 0.00589255 -0.000263485
v 0.038769 0.00350655 0.00212351
v 0.038189 0.00589255 0.00212351
v 0.038713 0.00350655 0.00451052
v 0.038652 0.00350655 0.00689652
v 0.038522 0.00350655 0.00928351
v 0.038284 0.00350655 0.0116705
v 0.038185 0.00350655 0.0140565
v 0.038342 0.00350655 0.0164435
v 0.03855 0.00350655 0.0188305
v 0.038616 0.00350655 0.0212175
v 0.038221 0.00589255 0.0212175
v 0.038533 0.00350655 0.0236035
v 0.038345 0.00350655 0.0259905
v 0.037689 0.00350655 0.0379235
v 0.037427 0.00589255 0.0379235
v 0.037505 0.00350655 0.0403105
v 0.037177 0.00589255 0.0403105
v 0.036926 0.00827955 0.0379235
v 0.036151 0.0106666 0.0379235
v 0.036747 0.00827955 0.0403105
v 0.036086 0.0106666 0.0403105
v 0.037389 0.00350655 0.0426975
v 0.037054 0.00589255 0.0426975
v 0.037399 0.00350655 0.0450845
v 0.037077 0.00589255 0.0450845
v 0.036692 0.00827955 0.0426975
v 0.036117 0.0106666 0.0426975
v 0.036683 0.00827955 0.0450845
v 0.036113 0.0106666 0.0450845
v 0.035236 0.0130526 0.0379235
v 0.035794 0.0116566 0.0379235
v 0.03406 0.0154396 0.0379235
v 0.035209 0.0130526 0.0403105
v 0.035794 0.0115426 0.0403105
v 0.034056 0.0154396 0.0403105
v 0.032755 0.0178266 0.0379235
v 0.033408 0.0166536 0.0379235
v 0.031314 0.0202126 0.0379235
v 0.03279 0.0178266 0.0403105
v 0.033408 0.0166846 0.0403105
v 0.031335 0.0202126 0.0403105
v 0.035292 0.0130526 0.0426975
v 0.035794 0.0117016 0.0426975
v 0.034171 0.0154396 0.0426975
v 0.035306 0.0130526 0.0450845
v 0.035794 0.0117146 0.0450845
v 0.034208 0.0154396 0.0450845
v 0.032888 0.0178266 0.0426975
v 0.033408 0.0168996 0.0426975
v 0.031333 0.0202126 0.0426975
v 0.032905 0.0178266 0.0450845
v 0.033408 0.0169616 0.0450845
v 0.031295 0.0202126 0.0450845
v 0.0374 0.00350655 0.0474705
v 0.037086 0.00589255 0.0474705
v 0.037427 0.00350655 0.0498575
v 0.037086 0.00589255 0.0498575
v 0.036648 0.00827955 0.0474705
v 0.036007 0.0106666 0.0474705
v 0.036622 0.00827955 0.0498575
v 0.035906 0.0106666 0.0498575
v 0.03758 0.00350655 0.0522445
v 0.037169 0.00589255 0.0522445
v 0.037725 0.00350655 0.0546305
v 0.037246 0.00589255 0.0546305
v 0.036556 0.00827955 0.0522445
v 0.035794 0.0105476 0.0522445
v 0.035794 0.0106666 0.0517675
v 0.035753 0.0106666 0.0522445
v 0.036421 0.00827955 0.0546305
v 0.035522 0.0106666 0.0546305
v 0.035794 0.00989655 0.0546305
v 0.035163 0.0130526 0.0474705
v 0.035794 0.0113306 0.0474705
v 0.034098 0.0154396 0.0474705
v 0.035021 0.0130526 0.0498575
v 0.035794 0.0109886 0.0498575
v 0.033953 0.0154396 0.0498575
v 0.032775 0.0178266 0.0474705
v 0.033408 0.0167696 0.0474705
v 0.031139 0.0202126 0.0474705
v 0.032563 0.0178266 0.0498575
v 0.033408 0.0164676 0.0498575
v 0.031021 0.0200496 0.0498575
v 0.031021 0.0202126 0.0486865
v 0.030905 0.0202126 0.0498575
v 0.034886 0.0130526 0.0522445
v 0.033822 0.0154396 0.0522445
v 0.034693 0.0130526 0.0546305
v 0.033649 0.0154396 0.0546305
v 0.032378 0.0178266 0.0522445
v 0.033408 0.0162026 0.0522445
v 0.03074 0.0202126 0.0522445
v 0.031021 0.0198056 0.0522445
v 0.032219 0.0178266 0.0546305
v 0.033408 0.0158896 0.0546305
v 0.030635 0.0202126 0.0546305
v 0.031021 0.0196416 0.0546305
v 0.002381 0.0375006 0.0379235
v 0.004767 0.0373156 0.0379235
v 0.002381 0.0372686 0.0403105
v 0.004767 0.0371316 0.0403105
v 0.007154 0.0368935 0.0379235
v 0.007154 0.0369196 0.0371965
v 0.007032 0.0369196 0.0379235
v 0.009541 0.0362606 0.0379235
v 0.006424 0.0369196 0.0403105
v 0.007154 0.0367956 0.0403105
v 0.009541 0.0362236 0.0403105
v 0.004767 0.0369025 0.0426975
v 0.004767 0.0369196 0.0425215
v 0.004381 0.0369196 0.0426975
v 0.002381 0.0369776 0.0426975
v 0.002381 0.0367796 0.0450845
v 0.002381 0.0369196 0.0432465
v 0.004767 0.0366586 0.0450845
v 0.007154 0.0366806 0.0426975
v 0.009541 0.0361716 0.0426975
v 0.007154 0.0365196 0.0450845
v 0.009541 0.0361666 0.0450845
v 0.014314 0.0343846 0.0379235
v 0.014314 0.0345336 0.0367405
v 0.013989 0.0345336 0.0379235
v 0.013612 0.0345336 0.0403105
v 0.014314 0.0341655 0.0403105
v 0.018383 0.0321465 0.0379235
v 0.019087 0.0317206 0.0379235
v 0.016701 0.0331225 0.0379235
v 0.018027 0.0321465 0.0403105
v 0.019087 0.0315475 0.0403105
v 0.016701 0.0328526 0.0403105
v 0.011927 0.0354026 0.0379235
v 0.011927 0.0353316 0.0403105
v 0.013517 0.0345336 0.0426975
v 0.014314 0.0341156 0.0426975
v 0.013768 0.0345336 0.0450845
v 0.014314 0.0342536 0.0450845
v 0.01796 0.0321465 0.0426975
v 0.019087 0.0315015 0.0426975
v 0.016701 0.0328136 0.0426975
v 0.01808 0.0321465 0.0450845
v 0.019087 0.0315276 0.0450845
v 0.016701 0.0329345 0.0450845
v 0.011927 0.0352886 0.0426975
v 0.011927 0.0353856 0.0450845
v 0.002381 0.0366736 0.0474705
v 0.004767 0.0364606 0.0474705
v 0.002381 0.0366406 0.0498575
v 0.004767 0.0363666 0.0498575
v 0.007154 0.0363736 0.0474705
v 0.009541 0.0361936 0.0474705
v 0.007154 0.0362836 0.0498575
v 0.009541 0.0361436 0.0498575
v 4.69971e-05 0.0369196 0.0522445
v 0.002381 0.0366755 0.0522445
v 0.004767 0.0363526 0.0522445
v 0.000962997 0.0369196 0.0546305
v 0.002381 0.0367516 0.0546305
v 0.004767 0.0364266 0.0546305
v 0.007154 0.0362135 0.0522445
v 0.009541 0.0360255 0.0522445
v 0.007154 0.0361896 0.0546305
v 0.009541 0.0359006 0.0546305
v 0.014215 0.0345336 0.0474705
v 0.014314 0.0344836 0.0474705
v 0.014314 0.0345336 0.0481725
v 0.018324 0.0321465 0.0474705
v 0.019087 0.0316496 0.0474705
v 0.016701 0.0331476 0.0474705
v 0.018455 0.0321465 0.0498575
v 0.019087 0.0317226 0.0498575
v 0.014381 0.0345336 0.0498575
v 0.016701 0.0332616 0.0498575
v 0.011927 0.0355516 0.0474705
v 0.011927 0.0355525 0.0498575
v 0.014314 0.0345646 0.0498575
v 0.014314 0.0344286 0.0522445
v 0.014314 0.0345336 0.0507815
v 0.014089 0.0345336 0.0522445
v 0.013573 0.0345336 0.0546305
v 0.014314 0.0341726 0.0546305
v 0.018271 0.0321465 0.0522445
v 0.019087 0.0316045 0.0522445
v 0.016701 0.0331256 0.0522445
v 0.017822 0.0321465 0.0546305
v 0.019087 0.0313405 0.0546305
v 0.016701 0.0328216 0.0546305
v 0.011927 0.0354116 0.0522445
v 0.011927 0.0352266 0.0546305
v 0.027521 0.0249866 0.0379235
v 0.028634 0.0237986 0.0379235
v 0.027417 0.0249866 0.0403105
v 0.028634 0.0237456 0.0403105
v 0.021993 0.0297596 0.0379235
v 0.023861 0.0283086 0.0379235
v 0.02172 0.0297596 0.0403105
v 0.023861 0.0280736 0.0403105
v 0.024961 0.0273726 0.0379235
v 0.026248 0.0262166 0.0379235
v 0.024705 0.0273726 0.0403105
v 0.026248 0.0260486 0.0403105
v 0.027321 0.0249866 0.0426975
v 0.028634 0.0236496 0.0426975
v 0.027235 0.0249866 0.0450845
v 0.028634 0.0235376 0.0450845
v 0.021586 0.0297596 0.0426975
v 0.023861 0.0279556 0.0426975
v 0.021596 0.0297596 0.0450845
v 0.023861 0.0279636 0.0450845
v 0.024575 0.0273726 0.0426975
v 0.026248 0.0259546 0.0426975
v 0.024568 0.0273726 0.0450845
v 0.026248 0.0259076 0.0450845
v 0.029636 0.0225996 0.0379235
v 0.031021 0.0206756 0.0379235
v 0.029615 0.0225996 0.0403105
v 0.031021 0.0206946 0.0403105
v 0.029535 0.0225996 0.0426975
v 0.031021 0.0206606 0.0426975
v 0.029447 0.0225996 0.0450845
v 0.031021 0.0205976 0.0450845
v 0.021474 0.0301236 0.0379235
v 0.021474 0.0299386 0.0403105
v 0.021474 0.0298436 0.0426975
v 0.021474 0.0298496 0.0450845
v 0.027135 0.0249866 0.0474705
v 0.028634 0.0233476 0.0474705
v 0.026981 0.0249866 0.0498575
v 0.028634 0.0230846 0.0498575
v 0.021697 0.0297596 0.0474705
v 0.023861 0.0279886 0.0474705
v 0.021724 0.0297596 0.0498575
v 0.023861 0.0279816 0.0498575
v 0.024581 0.0273726 0.0474705
v 0.026248 0.0258696 0.0474705
v 0.024559 0.0273726 0.0498575
v 0.026248 0.0257686 0.0498575
v 0.026846 0.0249866 0.0522445
v 0.028634 0.0229436 0.0522445
v 0.026747 0.0249866 0.0546305
v 0.028634 0.0228226 0.0546305
v 0.021616 0.0297596 0.0522445
v 0.023861 0.0279406 0.0522445
v 0.021474 0.0296986 0.0546305
v 0.021474 0.0297596 0.0538515
v 0.021388 0.0297596 0.0546305
v 0.023861 0.0278526 0.0546305
v 0.024497 0.0273726 0.0522445
v 0.026248 0.0256326 0.0522445
v 0.024408 0.0273726 0.0546305
v 0.026248 0.0255326 0.0546305
v 0.029272 0.0225996 0.0474705
v 0.031021 0.0203796 0.0474705
v 0.029036 0.0225996 0.0498575
v 0.028916 0.0225996 0.0522445
v 0.028816 0.0225996 0.0546305
v 0.021474 0.0299276 0.0474705
v 0.021474 0.0299546 0.0498575
v 0.021474 0.0298656 0.0522445
v 0.037708 0.00350655 0.0570175
v 0.037182 0.00589255 0.0570175
v 0.037602 0.00350655 0.0594045
v 0.037085 0.00589255 0.0594045
v 0.036298 0.00827955 0.0570175
v 0.035364 0.0106666 0.0570175
v 0.035794 0.00951755 0.0570175
v 0.036257 0.00827955 0.0594045
v 0.035366 0.0106666 0.0594045
v 0.035794 0.00950555 0.0594045
v 0.037531 0.00350655 0.0617905
v 0.037035 0.00589255 0.0617905
v 0.037381 0.00350655 0.0641775
v 0.036863 0.00589255 0.0641775
v 0.03624 0.00827955 0.0617905
v 0.035393 0.0106666 0.0617905
v 0.035794 0.00952655 0.0617905
v 0.036117 0.00827955 0.0641775
v 0.035263 0.0106666 0.0641775
v 0.035794 0.00920455 0.0641775
v 0.033408 0.0151756 0.0594045
v 0.033408 0.0154396 0.0571165
v 0.033273 0.0154396 0.0594045
v 0.03448 0.0130526 0.0570175
v 0.033417 0.0154396 0.0570175
v 0.034405 0.0130526 0.0594045
v 0.032049 0.0178266 0.0570175
v 0.033408 0.0154576 0.0570175
v 0.030524 0.0202126 0.0570175
v 0.031021 0.0194706 0.0570175
v 0.031908 0.0178266 0.0594045
v 0.030408 0.0202126 0.0594045
v 0.031021 0.0192806 0.0594045
v 0.033217 0.0154396 0.0617905
v 0.033408 0.0150996 0.0617905
v 0.033028 0.0154396 0.0641775
v 0.033408 0.0147806 0.0641775
v 0.034433 0.0130526 0.0617905
v 0.034274 0.0130526 0.0641775
v 0.03175 0.0178266 0.0617905
v 0.030235 0.0202126 0.0617905
v 0.031021 0.0190026 0.0617905
v 0.031508 0.0178266 0.0641775
v 0.029978 0.0202126 0.0641775
v 0.031021 0.0186086 0.0641775
v 0.036992 0.00350655 0.0665645
v 0.036465 0.00589255 0.0665645
v 0.036428 0.00350655 0.0689515
v 0.035939 0.00589255 0.0689515
v 0.035794 0.00822755 0.0665645
v 0.035794 0.00827955 0.0664805
v 0.035778 0.00827955 0.0665645
v 0.034911 0.0106666 0.0665645
v 0.035279 0.00827955 0.0689515
v 0.035794 0.00646355 0.0689515
v 0.03438 0.0106666 0.0689515
v 0.035794 0.00350655 0.0709665
v 0.035647 0.00350655 0.0713375
v 0.035794 0.00589255 0.0695375
v 0.03523 0.00589255 0.0713375
v 0.034214 0.00350655 0.0737245
v 0.033963 0.00589255 0.0737245
v 0.033408 0.00789755 0.0737245
v 0.033408 0.00827955 0.0735185
v 0.033248 0.00827955 0.0737245
v 0.033408 0.0106666 0.0715915
v 0.031746 0.0106666 0.0737245
v 0.034583 0.00827955 0.0713375
v 0.033535 0.0106666 0.0713375
v 0.028634 0.0145846 0.0737245
v 0.028634 0.0154396 0.0732705
v 0.027969 0.0154396 0.0737245
v 0.023861 0.0200166 0.0737245
v 0.023861 0.0202126 0.0736485
v 0.023691 0.0202126 0.0737245
v 0.028634 0.0182836 0.0713375
v 0.028634 0.0202126 0.0693085
v 0.027101 0.0202126 0.0713375
v 0.026248 0.0173706 0.0737245
v 0.026248 0.0178266 0.0735095
v 0.02581 0.0178266 0.0737245
v 0.028634 0.0178266 0.0716845
v 0.026248 0.0202126 0.0721165
v 0.032585 0.0154396 0.0665645
v 0.033408 0.0139396 0.0665645
v 0.033408 0.0126666 0.0689515
v 0.033408 0.0130526 0.0682915
v 0.033198 0.0130526 0.0689515
v 0.03183 0.0154396 0.0689515
v 0.033847 0.0130526 0.0665645
v 0.031163 0.0178266 0.0665645
v 0.029596 0.0202126 0.0665645
v 0.031021 0.0180646 0.0665645
v 0.031021 0.0168896 0.0689515
v 0.031021 0.0178266 0.0672605
v 0.030487 0.0178266 0.0689515
v 0.028814 0.0202126 0.0689515
v 0.032037 0.0130526 0.0713375
v 0.033408 0.0108966 0.0713375
v 0.031021 0.0145956 0.0713375
v 0.031021 0.0154396 0.0705675
v 0.0305 0.0154396 0.0713375
v 0.031021 0.0115526 0.0737245
v 0.031021 0.0130526 0.0726295
v 0.029801 0.0130526 0.0737245
v 0.028958 0.0178266 0.0713375
v 0.001974 0.0369196 0.0570175
v 0.002381 0.0368766 0.0570175
v 0.004767 0.0365745 0.0570175
v 0.002381 0.0369196 0.0576805
v 0.003484 0.0369196 0.0594045
v 0.004767 0.0367496 0.0594045
v 0.002381 0.0370405 0.0594045
v 0.007154 0.0362146 0.0570175
v 0.009541 0.0357146 0.0570175
v 0.007154 0.0362776 0.0594045
v 0.009541 0.0355196 0.0594045
v 0.004661 0.0369196 0.0617905
v 0.004767 0.0369036 0.0617905
v 0.002381 0.0372105 0.0617905
v 0.004767 0.0369196 0.0621365
v 0.002381 0.0373616 0.0641775
v 0.004767 0.0369636 0.0641775
v 0.007154 0.0363796 0.0617905
v 0.009541 0.0354726 0.0617905
v 0.004997 0.0369196 0.0641775
v 0.007154 0.0363946 0.0641775
v 0.009541 0.0354806 0.0641775
v 0.012816 0.0345336 0.0570175
v 0.014314 0.0338216 0.0570175
v 0.011969 0.0345336 0.0594045
v 0.014314 0.0334605 0.0594045
v 0.017316 0.0321465 0.0570175
v 0.019087 0.0310766 0.0570175
v 0.016701 0.0324986 0.0570175
v 0.016834 0.0321465 0.0594045
v 0.019087 0.0308546 0.0594045
v 0.016701 0.0322186 0.0594045
v 0.011927 0.0349095 0.0570175
v 0.011927 0.0345506 0.0594045
v 0.011927 0.0344085 0.0617905
v 0.011927 0.0345336 0.0595605
v 0.011645 0.0345336 0.0617905
v 0.014314 0.0332855 0.0617905
v 0.011656 0.0345336 0.0641775
v 0.011927 0.0344116 0.0641775
v 0.014314 0.0332636 0.0641775
v 0.016701 0.0320825 0.0617905
v 0.016701 0.0321465 0.0602405
v 0.016575 0.0321465 0.0617905
v 0.019087 0.0307486 0.0617905
v 0.016522 0.0321465 0.0641775
v 0.016701 0.0320546 0.0641775
v 0.019087 0.0306766 0.0641775
v 0.019087 0.0295956 0.0689515
v 0.019087 0.0297596 0.0685285
v 0.018872 0.0297596 0.0689515
v 0.019087 0.0247756 0.0737245
v 0.019087 0.0249866 0.0736255
v 0.01882 0.0249866 0.0737245
v 0.011927 0.0297066 0.0737245
v 0.011927 0.0297596 0.0736975
v 0.011826 0.0297596 0.0737245
v 0.014314 0.0297596 0.0729215
v 0.014314 0.0282806 0.0737245
v 0.017027 0.0297596 0.0713375
v 0.019087 0.0281006 0.0713375
v 0.016701 0.0265196 0.0737245
v 0.016701 0.0273726 0.0733235
v 0.01555 0.0273726 0.0737245
v 0.019087 0.0273726 0.0720455
v 0.016701 0.0297596 0.0716045
v 0.004767 0.0368426 0.0665645
v 0.004767 0.0369196 0.0656005
v 0.004439 0.0369196 0.0665645
v 0.002381 0.0373376 0.0665645
v 0.002381 0.0369095 0.0689515
v 0.002381 0.0369196 0.0689165
v 0.002315 0.0369196 0.0689515
v 0.004767 0.0363956 0.0689515
v 0.007154 0.0361885 0.0665645
v 0.009541 0.0353155 0.0665645
v 0.007154 0.0356736 0.0689515
v 0.009541 0.0348186 0.0689515
v 0.002381 0.0345336 0.0726365
v 0.002381 0.0328795 0.0737245
v 0.004767 0.0345336 0.0721695
v 0.004767 0.0322956 0.0737245
v 0.007154 0.0345165 0.0713375
v 0.007154 0.0345336 0.0713155
v 0.007107 0.0345336 0.0713375
v 0.009541 0.0336276 0.0713375
v 0.009541 0.0345336 0.0697575
v 0.007154 0.0315436 0.0737245
v 0.007154 0.0321465 0.0733785
v 0.005248 0.0321465 0.0737245
v 0.009541 0.0321465 0.0728015
v 0.009541 0.0307626 0.0737245
v 0.002381 0.0357656 0.0713375
v 0.004767 0.0352496 0.0713375
v 0.011391 0.0345336 0.0665645
v 0.011927 0.0342915 0.0665645
v 0.014314 0.0331065 0.0665645
v 0.01028 0.0345336 0.0689515
v 0.011927 0.0338076 0.0689515
v 0.014314 0.0325906 0.0689515
v 0.016166 0.0321465 0.0665645
v 0.016701 0.0318546 0.0665645
v 0.019087 0.0303306 0.0665645
v 0.015186 0.0321465 0.0689515
v 0.016701 0.0312966 0.0689515
v 0.014314 0.0314156 0.0713375
v 0.014314 0.0321465 0.0701065
v 0.012815 0.0321465 0.0713375
v 0.011927 0.0325736 0.0713375
v 0.011927 0.0321465 0.0718545
v 0.016701 0.0299966 0.0713375
v 0.026636 0.0249866 0.0570175
v 0.028634 0.0226506 0.0570175
v 0.028634 0.0225116 0.0594045
v 0.028634 0.0225996 0.0578785
v 0.028562 0.0225996 0.0594045
v 0.026522 0.0249866 0.0594045
v 0.021124 0.0297596 0.0570175
v 0.021474 0.0295236 0.0570175
v 0.023861 0.0277196 0.0570175
v 0.02089 0.0297596 0.0594045
v 0.021474 0.0293856 0.0594045
v 0.023861 0.0275946 0.0594045
v 0.024269 0.0273726 0.0570175
v 0.026248 0.0254216 0.0570175
v 0.024122 0.0273726 0.0594045
v 0.026248 0.0252936 0.0594045
v 0.028432 0.0225996 0.0617905
v 0.028634 0.0223476 0.0617905
v 0.026424 0.0249866 0.0617905
v 0.028218 0.0225996 0.0641775
v 0.028634 0.0220616 0.0641775
v 0.026248 0.0249646 0.0641775
v 0.026248 0.0249866 0.0640135
v 0.026228 0.0249866 0.0641775
v 0.020734 0.0297596 0.0617905
v 0.021474 0.0292876 0.0617905
v 0.023861 0.0274906 0.0617905
v 0.023861 0.0272686 0.0641775
v 0.023861 0.0273726 0.0633125
v 0.023733 0.0273726 0.0641775
v 0.020518 0.0297596 0.0641775
v 0.021474 0.0291046 0.0641775
v 0.024 0.0273726 0.0617905
v 0.026248 0.0251836 0.0617905
v 0.028676 0.0225996 0.0570175
v 0.027746 0.0225996 0.0665645
v 0.028634 0.0214966 0.0665645
v 0.025671 0.0249866 0.0665645
v 0.026248 0.0243516 0.0665645
v 0.026773 0.0225996 0.0689515
v 0.028634 0.0204386 0.0689515
v 0.024603 0.0249866 0.0689515
v 0.026248 0.0231906 0.0689515
v 0.023084 0.0273726 0.0665645
v 0.023861 0.0267306 0.0665645
v 0.019908 0.0297596 0.0665645
v 0.021474 0.0286156 0.0665645
v 0.021971 0.0273726 0.0689515
v 0.023861 0.0257316 0.0689515
v 0.021474 0.0277556 0.0689515
v 0.023861 0.0238746 0.0713375
v 0.023861 0.0249866 0.0701145
v 0.02277 0.0249866 0.0713375
v 0.021474 0.0225386 0.0737245
v 0.021474 0.0225996 0.0736995
v 0.021413 0.0225996 0.0737245
v 0.023861 0.0225996 0.0723545
v 0.021474 0.0249866 0.0723615
v 0.026248 0.0212196 0.0713375
v 0.026248 0.0225996 0.0698315
v 0.025038 0.0225996 0.0713375
v 0.021474 0.0261846 0.0713375
v 0.021474 0.0273726 0.0697195
v 0.020007 0.0273726 0.0713375
v 0.002381 0.00350655 0.0741825
v 0.004767 0.00350655 0.0744725
v 0.002381 0.00589255 0.0741965
v 0.004767 0.00589255 0.0744635
v 0.007154 0.00350655 0.0747475
v 0.009541 0.00350655 0.0750425
v 0.007154 0.00589255 0.0747375
v 0.009541 0.00589255 0.0750185
v 0.002381 0.00827955 0.0743015
v 0.004767 0.00827955 0.0744835
v 0.002381 0.0106666 0.0745185
v 0.004767 0.0106666 0.0746195
v 0.007154 0.00827955 0.0747215
v 0.009541 0.00827955 0.0749715
v 0.007154 0.0106666 0.0748295
v 0.009541 0.0106666 0.0750625
v 0.011927 0.00350655 0.0753765
v 0.014314 0.00350655 0.0757125
v 0.011927 0.00589255 0.0753075
v 0.014314 0.00589255 0.0755675
v 0.016701 0.00350655 0.0760075
v 0.017851 0.00350655 0.0761115
v 0.016701 0.00589255 0.0758045
v 0.019087 0.00474455 0.0761115
v 0.019087 0.00589255 0.0760135
v 0.019087 0.00350655 0.0761965
v 0.011927 0.00827955 0.0752235
v 0.014314 0.00827955 0.0754255
v 0.011927 0.0106666 0.0752715
v 0.014314 0.0106666 0.0754165
v 0.016701 0.00827955 0.0755845
v 0.019087 0.00827955 0.0757975
v 0.016701 0.0106666 0.0755065
v 0.019087 0.0106666 0.0756525
v 0.002381 0.0130526 0.0748415
v 0.004767 0.0130526 0.0749385
v 0.002381 0.0154396 0.0752445
v 0.004767 0.0154396 0.0753465
v 0.007154 0.0130526 0.0751925
v 0.009541 0.0130526 0.0754375
v 0.007154 0.0154396 0.0756185
v 0.009541 0.0154396 0.0758175
v 0.002381 0.0178266 0.0757275
v 0.004767 0.0178266 0.0757905
v 0.002381 0.0198776 0.0761115
v 0.004767 0.0198596 0.0761115
v 0.002381 0.0202126 0.0761595
v 0.004767 0.0202126 0.0761485
v 0.007154 0.0178266 0.0759625
v 0.009541 0.0178266 0.0760105
v 0.007154 0.0194026 0.0761115
v 0.009541 0.0202126 0.0760195
v 0.008194 0.0202126 0.0761115
v 0.007154 0.0202126 0.0761455
v 0.011927 0.0130526 0.0755795
v 0.014314 0.0130526 0.0756265
v 0.011927 0.0154396 0.0758545
v 0.014314 0.0154396 0.0758005
v 0.016701 0.0130526 0.0756045
v 0.019087 0.0130526 0.0755925
v 0.016701 0.0154396 0.0756875
v 0.019087 0.0154396 0.0755115
v 0.011927 0.0178266 0.0758975
v 0.014314 0.0178266 0.0757425
v 0.011927 0.0202126 0.0757795
v 0.014314 0.0202126 0.0755445
v 0.016701 0.0178266 0.0755625
v 0.019087 0.0178266 0.0753015
v 0.016701 0.0202126 0.0753025
v 0.019087 0.0202126 0.0749615
v 0.020123 0.00589255 0.0761115
v 0.021474 0.00350655 0.0764165
v 0.023861 0.00350655 0.0767975
v 0.021474 0.00589255 0.0762795
v 0.023861 0.00589255 0.0766535
v 0.026248 0.00350655 0.0770915
v 0.028634 0.00350655 0.0769405
v 0.026248 0.00589255 0.0769185
v 0.028634 0.00589255 0.0768155
v 0.021474 0.00823055 0.0761115
v 0.021474 0.00827955 0.0761075
v 0.021501 0.00827955 0.0761115
v 0.021474 0.0106666 0.0758985
v 0.023861 0.0102126 0.0761115
v 0.023861 0.0106666 0.0760365
v 0.023861 0.00827955 0.0763875
v 0.026248 0.0106666 0.0758695
v 0.026248 0.00974855 0.0761115
v 0.028634 0.0106666 0.0753815
v 0.028634 0.00865855 0.0761115
v 0.026248 0.00827955 0.0764585
v 0.028634 0.00827955 0.0762305
v 0.031021 0.00289255 0.0761115
v 0.033408 0.00350655 0.0745895
v 0.031192 0.00350655 0.0761115
v 0.033408 0.00589255 0.0744275
v 0.031158 0.00589255 0.0761115
v 0.031021 0.00350655 0.0761925
v 0.031021 0.00589255 0.0761715
v 0.031021 0.00624855 0.0761115
v 0.031021 0.00827955 0.0755075
v 0.029251 0.00827955 0.0761115
v 0.031021 0.0106666 0.0742915
v 0.021474 0.0130526 0.0756455
v 0.023861 0.0130526 0.0755855
v 0.021474 0.0154396 0.0753255
v 0.023861 0.0154396 0.0750525
v 0.026248 0.0130526 0.0752305
v 0.028634 0.0130526 0.0744265
v 0.026248 0.0154396 0.0745045
v 0.021474 0.0178266 0.0749605
v 0.023861 0.0178266 0.0744385
v 0.021474 0.0202126 0.0744785
v 0.004767 0.0233956 0.0761115
v 0.004767 0.0249866 0.0759535
v 0.002392 0.0249866 0.0761115
v 0.002381 0.0225996 0.0762785
v 0.004767 0.0225996 0.0761725
v 0.002381 0.0249866 0.0761115
v 0.007154 0.0219586 0.0761115
v 0.007154 0.0225996 0.0760545
v 0.006065 0.0225996 0.0761115
v 0.009541 0.0225996 0.0758665
v 0.007154 0.0249866 0.0757775
v 0.009541 0.0249866 0.0755755
v 0.002381 0.0273726 0.0757705
v 0.002381 0.0249926 0.0761115
v 0.004767 0.0273726 0.0756225
v 0.002381 0.0297596 0.0751035
v 0.004767 0.0297596 0.0748995
v 0.007154 0.0273726 0.0754095
v 0.009541 0.0273726 0.0751115
v 0.007154 0.0297596 0.0746355
v 0.009541 0.0297596 0.0742495
v 0.011927 0.0225996 0.0755765
v 0.014314 0.0225996 0.0752815
v 0.011927 0.0249866 0.0752535
v 0.014314 0.0249866 0.0748215
v 0.016701 0.0225996 0.0749755
v 0.019087 0.0225996 0.0744925
v 0.016701 0.0249866 0.0743415
v 0.011927 0.0273726 0.0746775
v 0.014314 0.0273726 0.0740875
v 0.002381 0.0321465 0.0740945
v 0.004767 0.0321465 0.0737995
f 1 2 3
f 2 4 5
f 3 2 5
f 6 7 8
f 9 10 11
f 10 9 12
f 12 13 10
f 11 7 6
f 9 11 6
f 14 9 6
f 12 9 14
f 15 12 14
f 16 17 18
f 19 20 21
f 22 17 16
f 22 16 21
f 21 20 22
f 23 24 25
f 26 27 28
f 29 30 31
f 27 26 31
f 31 25 27
f 31 23 25
f 31 30 23
f 32 33 34
f 32 34 35
f 36 32 35
f 26 28 37
f 38 26 37
f 31 39 33
f 33 29 31
f 34 33 39
f 31 26 38
f 39 31 38
f 40 41 42
f 37 43 42
f 41 38 37
f 42 41 37
f 41 40 35
f 34 39 41
f 35 34 41
f 38 41 39
f 44 45 46
f 47 48 49
f 50 51 52
f 46 48 47
f 44 46 47
f 51 44 47
f 52 51 47
f 53 54 55
f 55 56 57
f 57 53 55
f 54 53 58
f 47 49 54
f 58 47 54
f 52 59 60
f 60 50 52
f 47 58 59
f 59 52 47
f 61 62 63
f 53 57 62
f 62 58 53
f 63 62 57
f 62 61 60
f 60 59 62
f 64 60 61
f 58 62 59
f 65 66 67
f 68 69 70
f 71 72 73
f 67 69 68
f 65 67 68
f 65 68 73
f 73 72 65
f 74 75 76
f 24 23 75
f 75 77 24
f 76 75 23
f 75 74 67
f 66 78 75
f 67 66 75
f 75 78 16
f 75 16 18
f 18 77 75
f 76 30 29
f 76 29 70
f 70 74 76
f 70 69 74
f 23 30 76
f 74 69 67
f 79 80 81
f 66 65 81
f 80 82 66
f 81 80 66
f 80 79 46
f 83 80 46
f 46 45 83
f 83 19 21
f 82 80 83
f 21 82 83
f 81 72 71
f 79 81 71
f 79 71 49
f 49 48 79
f 65 72 81
f 79 48 46
f 82 21 16
f 78 66 82
f 16 78 82
f 84 85 86
f 33 32 86
f 70 33 85
f 85 68 70
f 86 85 33
f 85 84 54
f 71 73 85
f 54 71 85
f 55 54 84
f 68 85 73
f 86 87 88
f 88 84 86
f 86 32 36
f 87 86 36
f 84 88 56
f 56 55 84
f 29 33 70
f 71 54 49
f 89 90 91
f 92 93 94
f 94 90 92
f 94 91 90
f 95 96 93
f 93 92 95
f 97 98 96
f 96 95 97
f 99 90 89
f 99 89 18
f 18 17 99
f 92 90 99
f 100 92 99
f 99 17 22
f 101 99 22
f 100 99 101
f 102 100 101
f 100 102 103
f 95 92 100
f 95 100 103
f 103 97 95
f 104 105 106
f 107 108 109
f 108 110 111
f 109 108 111
f 107 109 112
f 107 112 106
f 106 105 107
f 111 113 112
f 112 109 111
f 114 115 116
f 117 118 116
f 116 115 117
f 119 115 114
f 24 119 114
f 25 24 114
f 119 89 117
f 117 115 119
f 91 117 89
f 114 116 120
f 114 120 28
f 28 27 114
f 105 104 116
f 116 118 105
f 120 116 104
f 114 27 25
f 121 108 107
f 117 121 107
f 118 117 107
f 110 108 121
f 122 110 121
f 117 91 94
f 94 121 117
f 121 94 93
f 93 122 121
f 107 105 118
f 123 124 125
f 106 126 124
f 124 104 106
f 125 124 126
f 123 125 127
f 128 123 127
f 126 129 127
f 127 125 126
f 130 131 132
f 131 133 134
f 132 131 134
f 131 130 126
f 112 131 126
f 126 106 112
f 133 131 112
f 113 133 112
f 130 132 135
f 136 130 135
f 134 137 135
f 135 132 134
f 126 130 136
f 129 126 136
f 124 123 28
f 28 120 124
f 37 28 123
f 104 124 120
f 37 123 128
f 43 37 128
f 138 139 111
f 111 110 138
f 140 141 139
f 139 138 140
f 142 143 144
f 143 145 146
f 144 143 146
f 143 142 111
f 111 139 143
f 113 111 142
f 145 143 139
f 141 145 139
f 147 148 141
f 141 140 147
f 149 150 148
f 148 147 149
f 145 151 152
f 146 145 152
f 151 153 154
f 152 151 154
f 151 145 141
f 148 151 141
f 153 151 148
f 150 153 148
f 122 93 96
f 138 110 122
f 96 138 122
f 96 140 138
f 147 140 96
f 147 96 98
f 98 149 147
f 144 155 134
f 134 142 144
f 134 133 142
f 146 156 155
f 155 144 146
f 142 133 113
f 155 157 137
f 137 134 155
f 156 158 157
f 157 155 156
f 152 159 156
f 156 146 152
f 154 160 159
f 159 152 154
f 2 1 156
f 156 159 2
f 158 156 1
f 4 2 159
f 160 4 159
f 77 18 119
f 119 24 77
f 89 119 18
f 161 162 163
f 164 161 163
f 165 20 19
f 166 165 19
f 22 20 165
f 167 22 165
f 168 165 166
f 168 166 162
f 162 161 168
f 167 165 168
f 169 167 168
f 170 161 164
f 171 170 164
f 172 170 171
f 173 172 171
f 170 172 174
f 168 161 170
f 170 174 169
f 169 168 170
f 175 176 177
f 178 179 180
f 181 45 44
f 181 44 180
f 180 179 181
f 182 179 178
f 183 182 178
f 181 179 182
f 184 181 182
f 51 50 185
f 185 180 51
f 185 178 180
f 44 51 180
f 178 185 177
f 176 183 178
f 177 176 178
f 186 187 188
f 189 187 186
f 190 189 186
f 188 176 175
f 188 175 191
f 191 186 188
f 192 193 194
f 190 186 191
f 190 191 194
f 194 193 190
f 195 182 183
f 195 183 188
f 188 187 195
f 195 163 162
f 184 182 195
f 162 184 195
f 195 187 189
f 196 195 189
f 195 196 164
f 163 195 164
f 183 176 188
f 197 198 199
f 177 198 197
f 175 177 197
f 200 175 197
f 199 201 202
f 202 197 199
f 203 204 205
f 200 197 202
f 204 200 202
f 205 204 202
f 50 60 199
f 198 185 50
f 199 198 50
f 185 198 177
f 60 64 201
f 201 199 60
f 206 207 208
f 175 200 208
f 207 191 175
f 208 207 175
f 207 206 209
f 209 194 207
f 209 192 194
f 191 207 194
f 204 203 210
f 208 204 210
f 210 206 208
f 200 204 208
f 209 206 210
f 211 209 210
f 181 184 166
f 181 166 83
f 83 45 181
f 19 83 166
f 166 184 162
f 212 189 190
f 213 212 190
f 214 212 213
f 215 214 213
f 193 192 216
f 216 217 193
f 217 213 190
f 190 193 217
f 217 216 218
f 218 219 217
f 219 215 213
f 213 217 219
f 212 214 171
f 212 171 196
f 196 189 212
f 164 196 171
f 220 214 215
f 221 220 215
f 222 220 221
f 223 222 221
f 219 218 224
f 224 225 219
f 225 221 215
f 215 219 225
f 225 224 226
f 226 227 225
f 225 227 223
f 221 225 223
f 220 222 173
f 220 173 171
f 171 214 220
f 216 192 209
f 228 216 209
f 218 216 228
f 229 218 228
f 228 209 211
f 230 228 211
f 228 230 8
f 7 229 228
f 8 7 228
f 218 229 11
f 224 218 11
f 11 10 224
f 13 226 224
f 224 10 13
f 229 7 11
f 167 169 231
f 101 22 167
f 231 101 167
f 231 102 101
f 103 102 231
f 232 103 231
f 231 169 174
f 233 231 174
f 232 231 233
f 234 232 233
f 1 3 235
f 236 1 235
f 5 237 238
f 3 5 238
f 235 3 238
f 235 239 236
f 238 239 235
f 240 241 242
f 240 242 243
f 244 240 243
f 244 243 245
f 246 244 245
f 245 247 248
f 248 246 245
f 249 250 251
f 250 249 252
f 8 250 252
f 252 6 8
f 251 253 254
f 254 249 251
f 252 249 254
f 255 252 254
f 14 6 252
f 256 14 252
f 15 14 256
f 257 15 256
f 256 252 255
f 258 256 255
f 257 256 258
f 259 257 258
f 254 253 260
f 261 254 260
f 255 254 261
f 262 255 261
f 260 263 264
f 264 261 260
f 262 261 264
f 265 262 264
f 258 255 262
f 266 258 262
f 258 266 267
f 267 259 258
f 266 262 265
f 268 266 265
f 267 266 268
f 269 267 268
f 270 271 272
f 272 273 274
f 274 270 272
f 273 275 276
f 276 274 273
f 263 277 278
f 278 264 263
f 265 264 278
f 279 265 278
f 271 270 280
f 277 271 280
f 280 278 277
f 279 278 280
f 281 279 280
f 268 265 279
f 282 268 279
f 269 268 282
f 283 269 282
f 282 279 281
f 284 282 281
f 282 284 285
f 285 283 282
f 280 270 274
f 286 280 274
f 281 280 286
f 287 281 286
f 286 274 276
f 288 286 276
f 287 286 288
f 289 287 288
f 284 281 287
f 290 284 287
f 284 290 291
f 291 285 284
f 290 287 289
f 292 290 289
f 290 292 293
f 293 291 290
f 275 294 295
f 295 276 275
f 294 296 297
f 297 295 294
f 297 296 298
f 299 297 298
f 298 300 301
f 301 299 298
f 288 276 295
f 302 288 295
f 289 288 302
f 303 289 302
f 295 297 304
f 304 302 295
f 302 304 305
f 305 303 302
f 292 289 303
f 306 292 303
f 293 292 306
f 307 293 306
f 306 303 305
f 308 306 305
f 307 306 308
f 309 307 308
f 297 299 310
f 310 304 297
f 304 310 311
f 311 305 304
f 299 301 312
f 312 310 299
f 311 310 312
f 313 311 312
f 308 305 311
f 314 308 311
f 308 314 315
f 315 309 308
f 314 311 313
f 316 314 313
f 314 316 317
f 317 315 314
f 300 318 319
f 319 301 300
f 318 320 321
f 321 319 318
f 320 322 323
f 323 321 320
f 322 324 325
f 325 323 322
f 312 301 319
f 326 312 319
f 313 312 326
f 327 313 326
f 326 319 321
f 328 326 321
f 327 326 328
f 329 327 328
f 316 313 327
f 330 316 327
f 316 330 331
f 331 317 316
f 330 327 329
f 332 330 329
f 330 332 333
f 333 331 330
f 328 321 323
f 334 328 323
f 329 328 334
f 335 329 334
f 334 323 325
f 336 334 325
f 335 334 336
f 337 335 336
f 332 329 335
f 338 332 335
f 332 338 339
f 339 333 332
f 338 335 337
f 340 338 337
f 338 340 341
f 341 339 338
f 36 35 342
f 343 36 342
f 343 342 344
f 345 343 344
f 40 42 346
f 347 40 346
f 42 43 348
f 346 42 348
f 40 347 342
f 342 35 40
f 346 349 350
f 350 347 346
f 346 348 351
f 349 346 351
f 347 350 344
f 344 342 347
f 344 352 353
f 353 345 344
f 352 354 355
f 355 353 352
f 349 356 350
f 351 357 356
f 356 349 351
f 358 356 357
f 356 359 352
f 344 350 356
f 352 344 356
f 359 356 358
f 357 360 361
f 361 358 357
f 352 359 362
f 354 352 362
f 358 361 362
f 362 359 358
f 56 363 364
f 364 57 56
f 363 365 366
f 366 364 363
f 63 367 368
f 368 61 63
f 63 57 364
f 367 63 364
f 64 61 368
f 369 64 368
f 367 370 371
f 371 368 367
f 367 364 366
f 370 367 366
f 368 371 372
f 372 369 368
f 365 373 374
f 374 366 365
f 374 373 375
f 376 374 375
f 370 377 378
f 378 371 370
f 366 374 377
f 377 370 366
f 372 371 378
f 379 372 378
f 377 380 381
f 381 378 377
f 374 376 380
f 380 377 374
f 379 378 381
f 382 379 381
f 88 87 383
f 384 88 383
f 36 343 383
f 383 87 36
f 56 88 384
f 363 56 384
f 384 383 385
f 386 384 385
f 343 345 385
f 385 383 343
f 384 386 365
f 365 363 384
f 386 385 387
f 388 386 387
f 345 353 387
f 387 385 345
f 386 388 373
f 373 365 386
f 387 389 390
f 390 388 387
f 353 355 389
f 389 387 353
f 388 390 375
f 375 373 388
f 354 391 392
f 392 355 354
f 392 391 393
f 394 392 393
f 360 395 396
f 396 361 360
f 354 362 397
f 391 354 397
f 361 396 397
f 397 362 361
f 395 398 399
f 399 396 395
f 397 400 393
f 393 391 397
f 397 396 399
f 400 397 399
f 394 393 401
f 402 394 401
f 402 401 403
f 404 402 403
f 399 398 405
f 406 399 405
f 400 407 401
f 401 393 400
f 400 399 406
f 407 400 406
f 408 409 410
f 405 411 409
f 409 406 405
f 410 409 411
f 409 408 403
f 401 407 409
f 403 401 409
f 406 409 407
f 376 375 412
f 413 376 412
f 412 414 415
f 415 413 412
f 381 380 416
f 417 381 416
f 376 413 416
f 416 380 376
f 382 381 417
f 418 382 417
f 417 416 419
f 420 417 419
f 416 413 415
f 419 416 415
f 418 417 420
f 421 418 420
f 414 422 423
f 423 415 414
f 422 424 425
f 425 423 422
f 420 419 426
f 427 420 426
f 419 415 423
f 426 419 423
f 421 420 427
f 428 421 427
f 427 426 429
f 430 427 429
f 426 423 425
f 429 426 425
f 427 430 431
f 431 428 427
f 389 432 433
f 433 390 389
f 355 392 432
f 432 389 355
f 390 433 412
f 412 375 390
f 433 432 434
f 435 433 434
f 432 392 394
f 434 432 394
f 433 435 414
f 414 412 433
f 435 434 436
f 437 435 436
f 434 394 402
f 436 434 402
f 414 435 437
f 422 414 437
f 436 438 439
f 439 437 436
f 436 402 404
f 438 436 404
f 422 437 439
f 424 422 439
f 128 127 440
f 441 128 440
f 129 442 440
f 440 127 129
f 440 443 444
f 444 441 440
f 440 442 445
f 443 440 445
f 136 135 446
f 447 136 446
f 137 448 446
f 446 135 137
f 129 136 447
f 442 129 447
f 446 449 450
f 450 447 446
f 446 448 451
f 449 446 451
f 447 450 445
f 445 442 447
f 43 128 441
f 348 43 441
f 441 444 351
f 351 348 441
f 443 452 453
f 453 444 443
f 443 445 454
f 452 443 454
f 452 455 456
f 456 453 452
f 452 454 457
f 455 452 457
f 449 458 459
f 459 450 449
f 449 451 460
f 458 449 460
f 450 459 454
f 454 445 450
f 458 461 462
f 462 459 458
f 458 460 463
f 461 458 463
f 459 462 457
f 457 454 459
f 444 453 357
f 357 351 444
f 453 456 360
f 360 357 453
f 157 464 448
f 448 137 157
f 158 465 464
f 464 157 158
f 448 464 466
f 451 448 466
f 464 465 467
f 466 464 467
f 158 1 236
f 465 158 236
f 238 237 468
f 236 239 469
f 236 469 467
f 467 465 236
f 238 468 470
f 238 470 469
f 469 239 238
f 451 466 471
f 460 451 471
f 466 467 472
f 471 466 472
f 460 471 473
f 463 460 473
f 471 472 474
f 473 471 474
f 467 469 475
f 472 467 475
f 470 476 475
f 475 469 470
f 472 475 477
f 474 472 477
f 476 478 477
f 477 475 476
f 456 455 479
f 480 456 479
f 457 481 479
f 479 455 457
f 480 479 482
f 483 480 482
f 481 484 482
f 482 479 481
f 462 461 485
f 486 462 485
f 463 487 485
f 485 461 463
f 457 462 486
f 481 457 486
f 486 485 488
f 489 486 488
f 487 490 488
f 488 485 487
f 481 486 489
f 484 481 489
f 360 456 480
f 395 360 480
f 395 480 483
f 398 395 483
f 483 482 491
f 492 483 491
f 484 493 491
f 491 482 484
f 492 491 494
f 495 492 494
f 493 496 494
f 494 491 493
f 489 488 497
f 498 489 497
f 490 499 497
f 497 488 490
f 484 489 498
f 493 484 498
f 498 497 500
f 501 498 500
f 499 502 500
f 500 497 499
f 493 498 501
f 496 493 501
f 398 483 492
f 405 398 492
f 405 492 495
f 411 405 495
f 463 473 503
f 487 463 503
f 473 474 504
f 503 473 504
f 503 505 490
f 490 487 503
f 504 506 505
f 505 503 504
f 474 477 507
f 504 474 507
f 478 508 507
f 507 477 478
f 507 509 506
f 506 504 507
f 508 510 509
f 509 507 508
f 505 511 499
f 499 490 505
f 506 512 511
f 511 505 506
f 511 513 502
f 502 499 511
f 512 514 513
f 513 511 512
f 509 515 512
f 512 506 509
f 510 516 515
f 515 509 510
f 512 515 517
f 514 512 517
f 515 516 518
f 517 515 518
f 201 519 520
f 520 202 201
f 205 521 522
f 522 203 205
f 202 520 521
f 521 205 202
f 520 519 523
f 524 520 523
f 521 525 522
f 520 524 525
f 525 521 520
f 526 525 524
f 64 369 519
f 519 201 64
f 519 369 372
f 523 519 372
f 210 203 522
f 527 210 522
f 211 210 527
f 528 211 527
f 525 529 530
f 527 522 525
f 530 527 525
f 529 525 526
f 527 530 531
f 531 528 527
f 524 523 532
f 533 524 532
f 524 533 534
f 534 526 524
f 532 535 536
f 536 533 532
f 534 533 536
f 537 534 536
f 523 372 379
f 532 523 379
f 379 382 535
f 535 532 379
f 530 529 538
f 539 530 538
f 529 526 534
f 538 529 534
f 530 539 540
f 540 531 530
f 538 541 542
f 542 539 538
f 534 537 541
f 541 538 534
f 539 542 543
f 543 540 539
f 211 528 251
f 250 230 211
f 251 250 211
f 230 250 8
f 528 531 253
f 253 251 528
f 253 531 540
f 260 253 540
f 540 543 263
f 263 260 540
f 535 544 545
f 545 536 535
f 546 547 548
f 536 545 547
f 547 537 536
f 548 547 545
f 545 544 549
f 550 545 549
f 548 551 552
f 552 546 548
f 545 550 551
f 551 548 545
f 382 418 544
f 544 535 382
f 418 421 549
f 549 544 418
f 547 546 553
f 542 541 547
f 553 542 547
f 537 547 541
f 543 542 553
f 554 543 553
f 553 546 552
f 555 553 552
f 553 555 271
f 271 554 553
f 272 271 555
f 549 556 557
f 557 550 549
f 551 558 559
f 559 552 551
f 550 557 558
f 558 551 550
f 556 560 561
f 561 557 556
f 558 562 563
f 563 559 558
f 557 561 562
f 562 558 557
f 421 428 556
f 556 549 421
f 428 431 560
f 560 556 428
f 555 552 559
f 564 555 559
f 555 564 273
f 273 272 555
f 564 559 563
f 565 564 563
f 564 565 275
f 275 273 564
f 543 554 277
f 277 263 543
f 554 271 277
f 403 566 567
f 567 404 403
f 567 566 568
f 569 567 568
f 408 410 570
f 571 408 570
f 411 572 570
f 570 410 411
f 403 408 571
f 566 403 571
f 571 570 573
f 574 571 573
f 572 575 573
f 573 570 572
f 566 571 574
f 568 566 574
f 569 568 576
f 577 569 576
f 577 576 578
f 579 577 578
f 574 573 580
f 581 574 580
f 575 582 580
f 580 573 575
f 568 574 581
f 576 568 581
f 581 580 583
f 584 581 583
f 582 585 583
f 583 580 582
f 576 581 584
f 578 576 584
f 424 586 587
f 587 425 424
f 587 586 588
f 589 587 588
f 429 590 591
f 591 430 429
f 429 425 587
f 590 429 587
f 431 430 591
f 592 431 591
f 590 593 594
f 594 591 590
f 587 589 593
f 593 590 587
f 592 591 594
f 595 592 594
f 588 596 597
f 597 589 588
f 596 598 599
f 599 597 596
f 600 601 602
f 593 603 604
f 604 594 593
f 589 597 603
f 603 593 589
f 595 594 604
f 605 595 604
f 603 606 607
f 607 604 603
f 597 599 606
f 606 603 597
f 604 607 602
f 601 605 604
f 602 601 604
f 438 608 609
f 609 439 438
f 438 404 567
f 608 438 567
f 424 439 609
f 586 424 609
f 609 608 610
f 611 609 610
f 567 569 610
f 610 608 567
f 609 611 588
f 588 586 609
f 611 610 612
f 613 611 612
f 569 577 612
f 612 610 569
f 611 613 596
f 596 588 611
f 613 612 614
f 615 613 614
f 612 577 579
f 614 612 579
f 613 615 598
f 598 596 613
f 579 578 616
f 617 579 616
f 617 616 618
f 619 617 618
f 584 583 620
f 621 584 620
f 585 622 620
f 620 583 585
f 578 584 621
f 616 578 621
f 621 620 623
f 624 621 623
f 622 625 623
f 623 620 622
f 616 621 624
f 618 616 624
f 626 627 628
f 626 628 629
f 630 626 629
f 618 631 632
f 632 619 618
f 631 633 634
f 634 632 631
f 624 623 635
f 636 624 635
f 627 626 635
f 623 625 627
f 635 623 627
f 618 624 636
f 631 618 636
f 636 635 637
f 638 636 637
f 626 630 637
f 637 635 626
f 631 636 638
f 633 631 638
f 599 598 639
f 640 599 639
f 640 639 641
f 642 640 641
f 602 643 644
f 644 600 602
f 643 645 646
f 646 644 643
f 607 606 647
f 648 607 647
f 599 640 647
f 647 606 599
f 607 648 643
f 643 602 607
f 647 649 650
f 650 648 647
f 640 642 649
f 649 647 640
f 648 650 645
f 645 643 648
f 642 641 651
f 652 642 651
f 651 653 654
f 654 652 651
f 645 655 656
f 656 646 645
f 656 655 657
f 658 656 657
f 650 649 659
f 660 650 659
f 642 652 659
f 659 649 642
f 650 660 655
f 655 645 650
f 660 659 661
f 662 660 661
f 652 654 661
f 661 659 652
f 660 662 657
f 657 655 660
f 615 614 663
f 664 615 663
f 614 579 617
f 663 614 617
f 615 664 639
f 639 598 615
f 663 665 666
f 666 664 663
f 663 617 619
f 665 663 619
f 639 664 666
f 641 639 666
f 665 667 668
f 668 666 665
f 665 619 632
f 667 665 632
f 641 666 668
f 651 641 668
f 667 669 670
f 670 668 667
f 667 632 634
f 669 667 634
f 651 668 670
f 653 651 670
f 495 494 671
f 672 495 671
f 496 673 671
f 671 494 496
f 672 671 674
f 675 672 674
f 673 676 674
f 674 671 673
f 501 500 677
f 678 501 677
f 502 679 677
f 677 500 502
f 496 501 678
f 673 496 678
f 678 677 680
f 681 678 680
f 679 682 680
f 680 677 679
f 678 681 676
f 676 673 678
f 411 495 672
f 572 411 672
f 572 672 675
f 575 572 675
f 675 674 683
f 684 675 683
f 676 685 683
f 683 674 676
f 684 683 686
f 687 684 686
f 683 685 688
f 686 683 688
f 680 689 690
f 690 681 680
f 680 682 691
f 689 680 691
f 681 690 685
f 685 676 681
f 689 692 693
f 693 690 689
f 689 691 694
f 692 689 694
f 690 693 688
f 688 685 690
f 575 675 684
f 582 575 684
f 582 684 687
f 585 582 687
f 502 513 695
f 679 502 695
f 514 696 695
f 695 513 514
f 679 695 697
f 682 679 697
f 696 698 697
f 697 695 696
f 517 699 696
f 696 514 517
f 518 700 699
f 699 517 518
f 699 701 698
f 698 696 699
f 700 702 701
f 701 699 700
f 682 697 703
f 691 682 703
f 697 698 704
f 703 697 704
f 691 703 705
f 694 691 705
f 704 706 705
f 705 703 704
f 701 707 704
f 704 698 701
f 702 708 707
f 707 701 702
f 707 709 706
f 706 704 707
f 708 710 709
f 709 707 708
f 687 686 711
f 712 687 711
f 686 688 713
f 711 686 713
f 712 711 714
f 715 712 714
f 713 716 714
f 714 711 713
f 693 692 717
f 718 693 717
f 694 719 717
f 717 692 694
f 688 693 718
f 713 688 718
f 718 717 720
f 721 718 720
f 719 722 720
f 720 717 719
f 713 718 721
f 716 713 721
f 687 712 622
f 622 585 687
f 622 712 715
f 625 622 715
f 714 723 627
f 627 715 714
f 628 627 723
f 716 724 723
f 723 714 716
f 628 723 725
f 629 628 725
f 723 724 726
f 725 723 726
f 721 720 727
f 728 721 727
f 722 729 727
f 727 720 722
f 716 721 728
f 724 716 728
f 727 730 731
f 731 728 727
f 727 729 732
f 730 727 732
f 728 731 726
f 726 724 728
f 715 627 625
f 705 733 719
f 719 694 705
f 706 734 733
f 733 705 706
f 733 735 722
f 722 719 733
f 734 736 735
f 735 733 734
f 709 737 734
f 734 706 709
f 241 240 709
f 709 710 241
f 737 709 240
f 737 738 736
f 736 734 737
f 737 240 244
f 738 737 244
f 735 739 729
f 729 722 735
f 736 740 739
f 739 735 736
f 729 739 741
f 732 729 741
f 740 742 741
f 741 739 740
f 738 743 740
f 740 736 738
f 738 244 246
f 743 738 246
f 740 743 744
f 742 740 744
f 246 248 744
f 744 743 246
f 560 745 746
f 746 561 560
f 563 562 747
f 748 563 747
f 562 561 746
f 747 562 746
f 745 749 750
f 750 746 745
f 748 747 751
f 752 748 751
f 747 746 750
f 751 747 750
f 431 592 745
f 745 560 431
f 592 595 749
f 749 745 592
f 565 563 748
f 753 565 748
f 565 753 294
f 294 275 565
f 748 752 754
f 754 753 748
f 753 754 296
f 296 294 753
f 749 755 756
f 756 750 749
f 752 751 757
f 758 752 757
f 751 750 756
f 757 751 756
f 601 600 759
f 756 755 601
f 759 756 601
f 758 757 760
f 761 758 760
f 757 756 759
f 760 757 759
f 595 605 755
f 755 749 595
f 605 601 755
f 752 758 762
f 762 754 752
f 296 754 762
f 298 296 762
f 758 761 763
f 763 762 758
f 298 762 763
f 300 298 763
f 759 600 644
f 764 759 644
f 760 765 766
f 766 761 760
f 759 764 765
f 765 760 759
f 764 644 646
f 767 764 646
f 765 768 769
f 769 766 765
f 764 767 768
f 768 765 764
f 763 761 766
f 770 763 766
f 300 763 770
f 318 300 770
f 770 766 769
f 771 770 769
f 770 771 320
f 320 318 770
f 767 646 656
f 772 767 656
f 768 773 774
f 774 769 768
f 767 772 773
f 773 768 767
f 772 656 658
f 775 772 658
f 773 776 777
f 777 774 773
f 772 775 776
f 776 773 772
f 771 769 774
f 778 771 774
f 771 778 322
f 322 320 771
f 778 774 777
f 779 778 777
f 778 779 324
f 324 322 778
f 247 780 781
f 781 248 247
f 780 782 783
f 783 781 780
f 783 782 784
f 785 783 784
f 785 784 786
f 787 785 786
f 786 788 789
f 789 787 786
f 788 790 791
f 791 789 788
f 791 790 792
f 793 791 792
f 792 794 795
f 795 793 792
f 794 796 795
f 797 798 799
f 800 801 802
f 797 799 803
f 801 797 803
f 802 801 803
f 800 802 804
f 805 800 804
f 803 806 804
f 804 802 803
f 807 808 809
f 807 809 810
f 811 807 810
f 804 812 808
f 808 805 804
f 809 808 812
f 806 813 812
f 812 804 806
f 812 814 810
f 810 809 812
f 813 815 814
f 814 812 813
f 810 816 817
f 817 811 810
f 816 818 819
f 819 817 816
f 810 814 820
f 816 810 820
f 814 815 821
f 820 814 821
f 816 820 822
f 818 816 822
f 820 821 823
f 822 820 823
f 324 824 825
f 825 325 324
f 824 826 827
f 827 825 824
f 826 828 829
f 829 827 826
f 828 830 831
f 831 829 828
f 336 325 825
f 832 336 825
f 337 336 832
f 833 337 832
f 832 825 827
f 834 832 827
f 833 832 834
f 835 833 834
f 340 337 833
f 836 340 833
f 340 836 837
f 837 341 340
f 836 833 835
f 838 836 835
f 836 838 839
f 839 837 836
f 827 829 840
f 840 834 827
f 834 840 841
f 841 835 834
f 829 831 842
f 842 840 829
f 840 842 843
f 843 841 840
f 835 841 844
f 844 838 835
f 839 838 844
f 845 839 844
f 841 843 846
f 846 844 841
f 845 844 846
f 847 845 846
f 830 848 849
f 849 831 830
f 849 848 850
f 851 849 850
f 851 850 852
f 853 851 852
f 853 852 854
f 855 853 854
f 842 831 849
f 856 842 849
f 842 856 857
f 857 843 842
f 856 849 851
f 858 856 851
f 856 858 859
f 859 857 856
f 843 857 860
f 860 846 843
f 847 846 860
f 861 847 860
f 857 859 862
f 862 860 857
f 861 860 862
f 863 861 862
f 851 853 864
f 864 858 851
f 858 864 865
f 865 859 858
f 853 855 866
f 866 864 853
f 864 866 867
f 867 865 864
f 862 859 865
f 868 862 865
f 863 862 868
f 869 863 868
f 865 867 870
f 870 868 865
f 868 870 871
f 871 869 868
f 855 854 872
f 873 855 872
f 872 874 875
f 875 873 872
f 874 876 877
f 877 875 874
f 877 876 878
f 879 877 878
f 855 873 880
f 880 866 855
f 866 880 881
f 881 867 866
f 873 875 882
f 882 880 873
f 880 882 883
f 883 881 880
f 867 881 884
f 884 870 867
f 870 884 885
f 885 871 870
f 881 883 886
f 886 884 881
f 884 886 887
f 887 885 884
f 875 877 888
f 888 882 875
f 882 888 889
f 889 883 882
f 888 877 879
f 890 888 879
f 889 888 890
f 891 889 890
f 883 889 892
f 892 886 883
f 886 892 893
f 893 887 886
f 892 889 891
f 894 892 891
f 893 892 894
f 895 893 894
f 879 878 896
f 897 879 896
f 897 896 898
f 899 897 898
f 899 898 900
f 901 899 900
f 900 902 903
f 903 901 900
f 890 879 897
f 904 890 897
f 891 890 904
f 905 891 904
f 904 897 899
f 906 904 899
f 905 904 906
f 907 905 906
f 894 891 905
f 908 894 905
f 895 894 908
f 909 895 908
f 908 905 907
f 910 908 907
f 909 908 910
f 911 909 910
f 899 901 912
f 912 906 899
f 906 912 913
f 913 907 906
f 901 903 914
f 914 912 901
f 912 914 915
f 915 913 912
f 907 913 916
f 916 910 907
f 911 910 916
f 917 911 916
f 913 915 918
f 918 916 913
f 917 916 918
f 919 917 918
f 629 920 630
f 634 633 921
f 922 634 921
f 922 921 923
f 924 922 923
f 638 637 925
f 926 638 925
f 920 927 925
f 637 630 920
f 925 637 920
f 638 926 921
f 921 633 638
f 925 928 929
f 929 926 925
f 925 927 930
f 928 925 930
f 926 929 923
f 923 921 926
f 924 923 931
f 932 924 931
f 932 931 933
f 934 932 933
f 928 935 936
f 936 929 928
f 928 930 937
f 935 928 937
f 929 936 931
f 931 923 929
f 935 938 939
f 939 936 935
f 935 937 940
f 938 935 940
f 936 939 933
f 933 931 936
f 653 941 942
f 942 654 653
f 941 943 944
f 944 942 941
f 658 657 945
f 946 658 945
f 946 945 947
f 948 946 947
f 662 661 949
f 950 662 949
f 661 654 942
f 949 661 942
f 657 662 950
f 945 657 950
f 950 949 951
f 952 950 951
f 949 942 944
f 951 949 944
f 945 950 952
f 947 945 952
f 943 953 954
f 954 944 943
f 954 953 955
f 956 954 955
f 947 957 958
f 958 948 947
f 957 959 960
f 960 958 957
f 951 961 962
f 962 952 951
f 944 954 961
f 961 951 944
f 947 952 962
f 957 947 962
f 961 963 964
f 964 962 961
f 954 956 963
f 963 961 954
f 962 964 959
f 959 957 962
f 670 669 965
f 966 670 965
f 634 922 965
f 965 669 634
f 653 670 966
f 941 653 966
f 966 965 967
f 968 966 967
f 922 924 967
f 967 965 922
f 941 966 968
f 943 941 968
f 968 967 969
f 970 968 969
f 924 932 969
f 969 967 924
f 968 970 953
f 953 943 968
f 970 969 971
f 972 970 971
f 932 934 971
f 971 969 932
f 970 972 955
f 955 953 970
f 934 933 973
f 974 934 973
f 973 975 976
f 976 974 973
f 938 977 978
f 978 939 938
f 938 940 979
f 977 938 979
f 939 978 973
f 973 933 939
f 977 980 981
f 981 978 977
f 977 979 982
f 980 977 982
f 978 981 975
f 975 973 978
f 975 983 984
f 984 976 975
f 983 985 986
f 986 984 983
f 980 987 988
f 988 981 980
f 980 982 989
f 987 980 989
f 981 988 983
f 983 975 981
f 987 990 991
f 991 988 987
f 987 989 992
f 990 987 992
f 988 991 985
f 985 983 988
f 956 955 993
f 994 956 993
f 994 993 995
f 996 994 995
f 959 997 998
f 998 960 959
f 997 999 1000
f 1000 998 997
f 964 963 1001
f 1002 964 1001
f 956 994 1001
f 1001 963 956
f 964 1002 997
f 997 959 964
f 1002 1001 1003
f 1004 1002 1003
f 1001 994 996
f 1003 1001 996
f 997 1002 1004
f 999 997 1004
f 996 995 1005
f 1006 996 1005
f 1006 1005 1007
f 1008 1006 1007
f 1000 999 1009
f 1010 1000 1009
f 1010 1009 1011
f 1012 1010 1011
f 1003 1013 1014
f 1014 1004 1003
f 1003 996 1006
f 1013 1003 1006
f 999 1004 1014
f 1009 999 1014
f 1013 1015 1016
f 1016 1014 1013
f 1013 1006 1008
f 1015 1013 1008
f 1009 1014 1016
f 1011 1009 1016
f 971 1017 1018
f 1018 972 971
f 934 974 1017
f 1017 971 934
f 955 972 1018
f 993 955 1018
f 1017 1019 1020
f 1020 1018 1017
f 974 976 1019
f 1019 1017 974
f 993 1018 1020
f 995 993 1020
f 1020 1019 1021
f 1022 1020 1021
f 1019 976 984
f 1021 1019 984
f 1020 1022 1005
f 1005 995 1020
f 1022 1021 1023
f 1024 1022 1023
f 984 986 1023
f 1023 1021 984
f 1022 1024 1007
f 1007 1005 1022
f 725 1025 920
f 920 629 725
f 1026 920 1025
f 725 726 1027
f 1025 725 1027
f 1025 1028 1029
f 1029 1026 1025
f 1025 1027 1030
f 1028 1025 1030
f 730 1031 1032
f 1032 731 730
f 730 732 1033
f 1031 730 1033
f 731 1032 1027
f 1027 726 731
f 1031 1034 1035
f 1035 1032 1031
f 1031 1033 1036
f 1034 1031 1036
f 1032 1035 1030
f 1030 1027 1032
f 927 920 1026
f 1026 1029 930
f 930 927 1026
f 1028 1037 1038
f 1038 1029 1028
f 1028 1030 1039
f 1037 1028 1039
f 1037 1040 1041
f 1041 1038 1037
f 1037 1039 1042
f 1040 1037 1042
f 1034 1043 1044
f 1044 1035 1034
f 1034 1036 1045
f 1043 1034 1045
f 1035 1044 1039
f 1039 1030 1035
f 1043 1046 1047
f 1047 1044 1043
f 1045 1048 1046
f 1046 1043 1045
f 1044 1047 1042
f 1042 1039 1044
f 1029 1038 937
f 937 930 1029
f 1038 1041 940
f 940 937 1038
f 732 741 1049
f 1033 732 1049
f 741 742 1050
f 1049 741 1050
f 1033 1049 1051
f 1036 1033 1051
f 1049 1050 1052
f 1051 1049 1052
f 742 744 1053
f 1050 742 1053
f 248 781 1053
f 1053 744 248
f 1050 1053 1054
f 1052 1050 1054
f 781 783 1054
f 1054 1053 781
f 1051 1055 1045
f 1045 1036 1051
f 1052 1056 1055
f 1055 1051 1052
f 1055 1057 1048
f 1048 1045 1055
f 1056 1058 1057
f 1057 1055 1056
f 1054 1059 1056
f 1056 1052 1054
f 1054 783 785
f 1059 1054 785
f 1059 1060 1058
f 1058 1056 1059
f 1059 785 787
f 1060 1059 787
f 1040 1061 1062
f 1062 1041 1040
f 1042 1063 1061
f 1061 1040 1042
f 1062 1061 1064
f 1065 1062 1064
f 1063 1066 1064
f 1064 1061 1063
f 1047 1046 1067
f 1068 1047 1067
f 1048 1069 1067
f 1067 1046 1048
f 1042 1047 1068
f 1063 1042 1068
f 1068 1067 1070
f 1071 1068 1070
f 1067 1069 1072
f 1070 1067 1072
f 1063 1068 1071
f 1066 1063 1071
f 940 1041 1062
f 979 940 1062
f 979 1062 1065
f 982 979 1065
f 1064 1073 1074
f 1074 1065 1064
f 1064 1066 1075
f 1073 1064 1075
f 1073 1076 1077
f 1077 1074 1073
f 1075 1078 1076
f 1076 1073 1075
f 1070 1079 1080
f 1080 1071 1070
f 1070 1072 1081
f 1079 1070 1081
f 1066 1071 1080
f 1075 1066 1080
f 1080 1079 1082
f 1083 1080 1082
f 1079 1081 1084
f 1082 1079 1084
f 1075 1080 1083
f 1078 1075 1083
f 1065 1074 989
f 989 982 1065
f 1074 1077 992
f 992 989 1074
f 1057 1085 1069
f 1069 1048 1057
f 1058 1086 1085
f 1085 1057 1058
f 1069 1085 1087
f 1072 1069 1087
f 1085 1086 1088
f 1087 1085 1088
f 1058 1060 1089
f 1086 1058 1089
f 787 789 1089
f 1089 1060 787
f 1086 1089 1090
f 1088 1086 1090
f 789 791 1090
f 1090 1089 789
f 1072 1087 1091
f 1081 1072 1091
f 1087 1088 1092
f 1091 1087 1092
f 1081 1091 1093
f 1084 1081 1093
f 1091 1092 1094
f 1093 1091 1094
f 1088 1090 1095
f 1092 1088 1095
f 1090 791 793
f 1095 1090 793
f 1092 1095 1096
f 1094 1092 1096
f 793 795 1096
f 1096 1095 793
f 658 946 1097
f 1097 775 658
f 777 776 1098
f 1099 777 1098
f 775 1097 1098
f 1098 776 775
f 946 948 1100
f 1100 1097 946
f 1099 1098 1101
f 1102 1099 1101
f 1097 1100 1101
f 1101 1098 1097
f 779 777 1099
f 1103 779 1099
f 779 1103 824
f 824 324 779
f 1103 1099 1102
f 1104 1103 1102
f 1103 1104 826
f 826 824 1103
f 1100 948 958
f 1105 1100 958
f 1102 1101 1106
f 1107 1102 1106
f 1100 1105 1106
f 1106 1101 1100
f 1105 958 960
f 1108 1105 960
f 1106 1109 1110
f 1110 1107 1106
f 1105 1108 1109
f 1109 1106 1105
f 1104 1102 1107
f 1111 1104 1107
f 826 1104 1111
f 828 826 1111
f 1107 1110 1112
f 1112 1111 1107
f 1111 1112 830
f 830 828 1111
f 1108 960 998
f 1113 1108 998
f 1109 1114 1115
f 1115 1110 1109
f 1108 1113 1114
f 1114 1109 1108
f 998 1000 1116
f 1116 1113 998
f 1115 1114 1117
f 1118 1115 1117
f 1114 1113 1116
f 1117 1114 1116
f 1112 1110 1115
f 1119 1112 1115
f 1112 1119 848
f 848 830 1112
f 1115 1118 1120
f 1120 1119 1115
f 848 1119 1120
f 850 848 1120
f 1000 1010 1121
f 1121 1116 1000
f 1118 1117 1122
f 1123 1118 1122
f 1117 1116 1121
f 1122 1117 1121
f 1010 1012 1124
f 1124 1121 1010
f 1123 1122 1125
f 1126 1123 1125
f 1122 1121 1124
f 1125 1122 1124
f 1118 1123 1127
f 1127 1120 1118
f 850 1120 1127
f 852 850 1127
f 1123 1126 1128
f 1128 1127 1123
f 852 1127 1128
f 854 852 1128
f 986 985 1129
f 1130 986 1129
f 1130 1129 1131
f 1132 1130 1131
f 990 1133 1134
f 1134 991 990
f 990 992 1135
f 1133 990 1135
f 985 991 1134
f 1129 985 1134
f 1133 1136 1137
f 1137 1134 1133
f 1135 1138 1136
f 1136 1133 1135
f 1129 1134 1137
f 1131 1129 1137
f 1132 1131 1139
f 1140 1132 1139
f 1140 1139 1141
f 1142 1140 1141
f 1137 1136 1143
f 1144 1137 1143
f 1138 1145 1143
f 1143 1136 1138
f 1131 1137 1144
f 1139 1131 1144
f 1143 1146 1147
f 1147 1144 1143
f 1145 1148 1146
f 1146 1143 1145
f 1139 1144 1147
f 1141 1139 1147
f 1007 1149 1150
f 1150 1008 1007
f 1149 1151 1152
f 1152 1150 1149
f 1011 1153 1154
f 1154 1012 1011
f 1153 1155 1156
f 1156 1154 1153
f 1015 1157 1158
f 1158 1016 1015
f 1008 1150 1157
f 1157 1015 1008
f 1011 1016 1158
f 1153 1011 1158
f 1157 1159 1160
f 1160 1158 1157
f 1150 1152 1159
f 1159 1157 1150
f 1158 1160 1155
f 1155 1153 1158
f 1151 1161 1162
f 1162 1152 1151
f 1161 1163 1164
f 1164 1162 1161
f 1155 1165 1166
f 1166 1156 1155
f 1166 1165 1167
f 1168 1166 1167
f 1159 1169 1170
f 1170 1160 1159
f 1152 1162 1169
f 1169 1159 1152
f 1155 1160 1170
f 1165 1155 1170
f 1169 1171 1172
f 1172 1170 1169
f 1169 1162 1164
f 1171 1169 1164
f 1165 1170 1172
f 1167 1165 1172
f 1024 1023 1173
f 1174 1024 1173
f 986 1130 1173
f 1173 1023 986
f 1007 1024 1174
f 1149 1007 1174
f 1174 1173 1175
f 1176 1174 1175
f 1173 1130 1132
f 1175 1173 1132
f 1149 1174 1176
f 1151 1149 1176
f 1176 1175 1177
f 1178 1176 1177
f 1175 1132 1140
f 1177 1175 1140
f 1176 1178 1161
f 1161 1151 1176
f 1178 1177 1179
f 1180 1178 1179
f 1177 1140 1142
f 1179 1177 1142
f 1161 1178 1180
f 1163 1161 1180
f 1142 1141 1181
f 1182 1142 1181
f 1181 1183 1184
f 1184 1182 1181
f 1147 1146 1185
f 1186 1147 1185
f 1148 1187 1185
f 1185 1146 1148
f 1141 1147 1186
f 1181 1141 1186
f 1186 1185 1188
f 1189 1186 1188
f 1187 1190 1188
f 1188 1185 1187
f 1181 1186 1189
f 1183 1181 1189
f 1184 1183 1191
f 1192 1184 1191
f 1192 1191 1193
f 1194 1192 1193
f 1188 1195 1196
f 1196 1189 1188
f 1188 1190 1197
f 1195 1188 1197
f 1189 1196 1191
f 1191 1183 1189
f 1195 1198 1199
f 1199 1196 1195
f 1195 1197 1200
f 1198 1195 1200
f 1196 1199 1193
f 1193 1191 1196
f 1163 1201 1202
f 1202 1164 1163
f 1202 1201 1203
f 1204 1202 1203
f 1168 1167 1205
f 1206 1168 1205
f 1205 1207 1208
f 1208 1206 1205
f 1172 1171 1209
f 1210 1172 1209
f 1171 1164 1202
f 1209 1171 1202
f 1172 1210 1205
f 1205 1167 1172
f 1210 1209 1211
f 1212 1210 1211
f 1209 1202 1204
f 1211 1209 1204
f 1210 1212 1207
f 1207 1205 1210
f 1204 1203 1213
f 1214 1204 1213
f 1214 1213 1215
f 1216 1214 1215
f 1207 1217 1218
f 1218 1208 1207
f 1217 1219 1220
f 1220 1218 1217
f 1212 1211 1221
f 1222 1212 1221
f 1204 1214 1221
f 1221 1211 1204
f 1212 1222 1217
f 1217 1207 1212
f 1221 1223 1224
f 1224 1222 1221
f 1214 1216 1223
f 1223 1221 1214
f 1222 1224 1219
f 1219 1217 1222
f 1179 1225 1226
f 1226 1180 1179
f 1179 1142 1182
f 1225 1179 1182
f 1180 1226 1201
f 1201 1163 1180
f 1225 1227 1228
f 1228 1226 1225
f 1225 1182 1184
f 1227 1225 1184
f 1201 1226 1228
f 1203 1201 1228
f 1228 1227 1229
f 1230 1228 1229
f 1184 1192 1229
f 1229 1227 1184
f 1203 1228 1230
f 1213 1203 1230
f 1230 1229 1231
f 1232 1230 1231
f 1192 1194 1231
f 1231 1229 1192
f 1230 1232 1215
f 1215 1213 1230
f 1076 1233 1234
f 1234 1077 1076
f 1076 1078 1235
f 1233 1076 1235
f 1234 1233 1236
f 1237 1234 1236
f 1233 1235 1238
f 1236 1233 1238
f 1082 1239 1240
f 1240 1083 1082
f 1082 1084 1241
f 1239 1082 1241
f 1078 1083 1240
f 1235 1078 1240
f 1239 1242 1243
f 1243 1240 1239
f 1239 1241 1244
f 1242 1239 1244
f 1240 1243 1238
f 1238 1235 1240
f 1077 1234 1135
f 1135 992 1077
f 1135 1234 1237
f 1138 1135 1237
f 1237 1236 1245
f 1246 1237 1245
f 1238 1247 1245
f 1245 1236 1238
f 1246 1245 1248
f 1249 1246 1248
f 1247 1250 1248
f 1248 1245 1247
f 1243 1242 1251
f 1252 1243 1251
f 1244 1253 1251
f 1251 1242 1244
f 1238 1243 1252
f 1247 1238 1252
f 1252 1251 1254
f 1255 1252 1254
f 1253 1256 1254
f 1254 1251 1253
f 1247 1252 1255
f 1250 1247 1255
f 1138 1237 1246
f 1145 1138 1246
f 1145 1246 1249
f 1148 1145 1249
f 1084 1093 1257
f 1241 1084 1257
f 1093 1094 1258
f 1257 1093 1258
f 1257 1259 1244
f 1244 1241 1257
f 1258 1260 1259
f 1259 1257 1258
f 1094 1096 1261
f 1258 1094 1261
f 796 1262 1261
f 795 796 1261
f 1261 1096 795
f 1261 1263 1260
f 1260 1258 1261
f 798 797 1261
f 1261 1262 798
f 1263 1261 797
f 1259 1264 1253
f 1253 1244 1259
f 1260 1265 1264
f 1264 1259 1260
f 1264 1266 1256
f 1256 1253 1264
f 1265 1267 1266
f 1266 1264 1265
f 801 800 1260
f 1260 1263 801
f 1265 1260 800
f 797 801 1263
f 1265 800 805
f 1267 1265 805
f 1249 1248 1268
f 1269 1249 1268
f 1250 1270 1268
f 1268 1248 1250
f 1268 1271 1272
f 1272 1269 1268
f 1268 1270 1273
f 1271 1268 1273
f 1255 1254 1274
f 1275 1255 1274
f 1256 1276 1274
f 1274 1254 1256
f 1250 1255 1275
f 1270 1250 1275
f 1274 1277 1278
f 1278 1275 1274
f 1276 1279 1277
f 1277 1274 1276
f 1275 1278 1273
f 1273 1270 1275
f 1148 1249 1269
f 1187 1148 1269
f 1269 1272 1190
f 1190 1187 1269
f 1271 1280 1281
f 1281 1272 1271
f 1271 1273 1282
f 1280 1271 1282
f 1280 1283 1284
f 1284 1281 1280
f 1282 1285 1283
f 1283 1280 1282
f 1277 1286 1287
f 1287 1278 1277
f 1277 1279 1288
f 1286 1277 1288
f 1278 1287 1282
f 1282 1273 1278
f 1287 1286 1289
f 1290 1287 1289
f 1286 1288 1291
f 1289 1286 1291
f 1287 1290 1285
f 1285 1282 1287
f 1272 1281 1197
f 1197 1190 1272
f 1281 1284 1200
f 1200 1197 1281
f 1266 1292 1276
f 1276 1256 1266
f 808 807 1292
f 1266 1267 808
f 1292 1266 808
f 1292 1293 1279
f 1279 1276 1292
f 1292 807 811
f 1293 1292 811
f 805 808 1267
f 1279 1293 1294
f 1288 1279 1294
f 811 817 1294
f 1294 1293 811
f 1288 1294 1295
f 1291 1288 1295
f 817 819 1295
f 1295 1294 817
f 1012 1154 1296
f 1296 1124 1012
f 1126 1125 1297
f 1298 1126 1297
f 1125 1124 1296
f 1297 1125 1296
f 1296 1154 1156
f 1299 1296 1156
f 1297 1300 1301
f 1301 1298 1297
f 1296 1299 1300
f 1300 1297 1296
f 1126 1298 1302
f 1302 1128 1126
f 854 1128 1302
f 872 854 1302
f 1302 1298 1301
f 1303 1302 1301
f 872 1302 1303
f 874 872 1303
f 1156 1166 1304
f 1304 1299 1156
f 1301 1300 1305
f 1306 1301 1305
f 1299 1304 1305
f 1305 1300 1299
f 1166 1168 1307
f 1307 1304 1166
f 1306 1305 1308
f 1309 1306 1308
f 1305 1304 1307
f 1308 1305 1307
f 1303 1301 1306
f 1310 1303 1306
f 1303 1310 876
f 876 874 1303
f 1306 1309 1311
f 1311 1310 1306
f 1310 1311 878
f 878 876 1310
f 1307 1168 1206
f 1312 1307 1206
f 1308 1313 1314
f 1314 1309 1308
f 1307 1312 1313
f 1313 1308 1307
f 1312 1206 1208
f 1315 1312 1208
f 1313 1316 1317
f 1317 1314 1313
f 1312 1315 1316
f 1316 1313 1312
f 1309 1314 1318
f 1318 1311 1309
f 878 1311 1318
f 896 878 1318
f 1314 1317 1319
f 1319 1318 1314
f 896 1318 1319
f 898 896 1319
f 1315 1208 1218
f 1320 1315 1218
f 1316 1321 1322
f 1322 1317 1316
f 1315 1320 1321
f 1321 1316 1315
f 1320 1218 1220
f 1323 1320 1220
f 1321 1324 1325
f 1325 1322 1321
f 1320 1323 1324
f 1324 1321 1320
f 1317 1322 1326
f 1326 1319 1317
f 898 1319 1326
f 900 898 1326
f 1326 1322 1325
f 1327 1326 1325
f 1326 1327 902
f 902 900 1326
f 818 1328 1329
f 1329 819 818
f 1328 1330 1331
f 1331 1329 1328
f 818 822 1332
f 1328 818 1332
f 822 823 1333
f 1332 822 1333
f 1328 1332 1334
f 1330 1328 1334
f 1332 1333 1335
f 1334 1332 1335
f 1330 1336 1337
f 1337 1331 1330
f 1337 1336 1338
f 1339 1337 1338
f 1330 1334 1340
f 1336 1330 1340
f 1334 1335 1341
f 1340 1334 1341
f 1340 1342 1338
f 1338 1336 1340
f 1341 1343 1342
f 1342 1340 1341
f 1339 1338 1344
f 1345 1339 1344
f 1344 1346 1345
f 1342 1347 1344
f 1344 1338 1342
f 1343 1348 1347
f 1347 1342 1343
f 1347 1349 1346
f 1346 1344 1347
f 1350 1346 1349
f 1347 1348 1351
f 1349 1347 1351
f 1352 1353 1354
f 1349 1355 1356
f 1356 1350 1349
f 1351 1357 1355
f 1355 1349 1351
f 1356 1355 1358
f 1353 1356 1358
f 1354 1353 1358
f 1357 1359 1358
f 1358 1355 1357
f 1352 1354 1360
f 1361 1352 1360
f 1361 1360 1362
f 1363 1361 1362
f 1358 1364 1360
f 1360 1354 1358
f 1359 1365 1364
f 1364 1358 1359
f 1364 1366 1362
f 1362 1360 1364
f 1365 1367 1366
f 1366 1364 1365
f 1362 1368 1369
f 1369 1363 1362
f 1370 1371 1372
f 1368 1373 1371
f 1371 1369 1368
f 1372 1371 1373
f 1366 1374 1368
f 1368 1362 1366
f 1367 1375 1374
f 1374 1366 1367
f 1368 1374 1376
f 1373 1368 1376
f 1374 1375 1377
f 1376 1374 1377
f 1372 1378 1370
f 1373 1379 1378
f 1378 1372 1373
f 1380 1378 1379
f 1379 1381 1382
f 1382 1380 1379
f 1373 1376 1383
f 1379 1373 1383
f 1376 1377 1384
f 1383 1376 1384
f 1383 1385 1381
f 1381 1379 1383
f 1384 1386 1385
f 1385 1383 1384
f 1381 1387 1388
f 1388 1382 1381
f 1389 1390 1391
f 1387 1392 1390
f 1390 1388 1387
f 1391 1390 1392
f 1385 1393 1387
f 1387 1381 1385
f 1386 1394 1393
f 1393 1385 1386
f 1387 1393 1395
f 1392 1387 1395
f 1393 1394 1396
f 1395 1393 1396
f 902 1397 1398
f 1398 903 902
f 1397 1399 1400
f 1400 1398 1397
f 1399 1401 1402
f 1402 1400 1399
f 1402 1401 1403
f 1404 1402 1403
f 914 903 1398
f 1405 914 1398
f 914 1405 1406
f 1406 915 914
f 1398 1400 1407
f 1407 1405 1398
f 1405 1407 1408
f 1408 1406 1405
f 915 1406 1409
f 1409 918 915
f 919 918 1409
f 1410 919 1409
f 1406 1408 1411
f 1411 1409 1406
f 1410 1409 1411
f 1412 1410 1411
f 1400 1402 1413
f 1413 1407 1400
f 1407 1413 1414
f 1414 1408 1407
f 1413 1402 1404
f 1415 1413 1404
f 1414 1413 1415
f 1416 1414 1415
f 1408 1414 1417
f 1417 1411 1408
f 1411 1417 1418
f 1418 1412 1411
f 1417 1414 1416
f 1419 1417 1416
f 1417 1419 1420
f 1420 1418 1417
f 1404 1403 1421
f 1422 1404 1421
f 1422 1421 1423
f 1424 1422 1423
f 1423 1425 1426
f 1426 1424 1423
f 1426 1425 1427
f 1428 1426 1427
f 1415 1404 1422
f 1429 1415 1422
f 1416 1415 1429
f 1430 1416 1429
f 1429 1422 1424
f 1431 1429 1424
f 1430 1429 1431
f 1432 1430 1431
f 1419 1416 1430
f 1433 1419 1430
f 1420 1419 1433
f 1434 1420 1433
f 1433 1430 1432
f 1435 1433 1432
f 1434 1433 1435
f 1436 1434 1435
f 1424 1426 1437
f 1437 1431 1424
f 1431 1437 1438
f 1438 1432 1431
f 1426 1428 1439
f 1439 1437 1426
f 1437 1439 1440
f 1440 1438 1437
f 1432 1438 1441
f 1441 1435 1432
f 1436 1435 1441
f 1442 1436 1441
f 1438 1440 1443
f 1443 1441 1438
f 1442 1441 1443
f 1444 1442 1443
f 1428 1427 1445
f 1446 1428 1445
f 1445 1447 1448
f 1448 1446 1445
f 1448 1447 1449
f 1450 1448 1449
f 1450 1449 1451
f 1452 1450 1451
f 1428 1446 1453
f 1453 1439 1428
f 1439 1453 1454
f 1454 1440 1439
f 1446 1448 1455
f 1455 1453 1446
f 1453 1455 1456
f 1456 1454 1453
f 1440 1454 1457
f 1457 1443 1440
f 1444 1443 1457
f 1458 1444 1457
f 1454 1456 1459
f 1459 1457 1454
f 1458 1457 1459
f 1460 1458 1459
f 1455 1448 1450
f 1461 1455 1450
f 1456 1455 1461
f 1462 1456 1461
f 1461 1450 1452
f 1463 1461 1452
f 1462 1461 1463
f 1464 1462 1463
f 1456 1462 1465
f 1465 1459 1456
f 1460 1459 1465
f 1466 1460 1465
f 1462 1464 1467
f 1467 1465 1462
f 1465 1467 1468
f 1468 1466 1465
f 1452 1451 1469
f 1470 1452 1469
f 1469 1471 1472
f 1472 1470 1469
f 1471 1473 1474
f 1474 1472 1471
f 1473 1475 1476
f 1476 1474 1473
f 1463 1452 1470
f 1477 1463 1470
f 1464 1463 1477
f 1478 1464 1477
f 1477 1470 1472
f 1479 1477 1472
f 1478 1477 1479
f 1480 1478 1479
f 1467 1464 1478
f 1481 1467 1478
f 1467 1481 1482
f 1482 1468 1467
f 1481 1478 1480
f 1483 1481 1480
f 1482 1481 1483
f 1484 1482 1483
f 1479 1472 1474
f 1485 1479 1474
f 1480 1479 1485
f 1486 1480 1485
f 1485 1474 1476
f 1487 1485 1476
f 1486 1485 1487
f 1488 1486 1487
f 1483 1480 1486
f 1489 1483 1486
f 1483 1489 1490
f 1490 1484 1483
f 1486 1488 1491
f 1491 1489 1486
f 1489 1491 1492
f 1492 1490 1489
f 1493 1494 1495
f 1194 1193 1496
f 1497 1194 1496
f 1498 1499 1500
f 1496 1501 1499
f 1499 1497 1496
f 1500 1499 1501
f 1199 1198 1502
f 1503 1199 1502
f 1200 1504 1502
f 1502 1198 1200
f 1193 1199 1503
f 1496 1193 1503
f 1503 1502 1505
f 1506 1503 1505
f 1494 1493 1505
f 1502 1504 1494
f 1505 1502 1494
f 1496 1503 1506
f 1501 1496 1506
f 1495 1507 1508
f 1508 1493 1495
f 1507 1509 1508
f 1498 1500 1510
f 1511 1498 1510
f 1501 1512 1510
f 1510 1500 1501
f 1510 1513 1514
f 1514 1511 1510
f 1510 1512 1515
f 1513 1510 1515
f 1506 1505 1516
f 1517 1506 1516
f 1493 1508 1516
f 1516 1505 1493
f 1506 1517 1512
f 1512 1501 1506
f 1516 1518 1519
f 1519 1517 1516
f 1509 1520 1518
f 1516 1508 1509
f 1518 1516 1509
f 1517 1519 1515
f 1515 1512 1517
f 1215 1521 1522
f 1522 1216 1215
f 1523 1524 1525
f 1524 1523 1522
f 1522 1521 1524
f 1526 1522 1523
f 1219 1527 1528
f 1528 1220 1219
f 1527 1529 1530
f 1530 1528 1527
f 1223 1531 1532
f 1532 1224 1223
f 1216 1522 1531
f 1531 1223 1216
f 1224 1532 1527
f 1527 1219 1224
f 1532 1531 1533
f 1534 1532 1533
f 1522 1526 1533
f 1533 1531 1522
f 1532 1534 1529
f 1529 1527 1532
f 1525 1535 1536
f 1536 1523 1525
f 1526 1523 1536
f 1537 1526 1536
f 1536 1535 1538
f 1539 1536 1538
f 1537 1536 1539
f 1540 1537 1539
f 1529 1541 1542
f 1542 1530 1529
f 1541 1543 1544
f 1544 1542 1541
f 1533 1545 1546
f 1546 1534 1533
f 1526 1537 1545
f 1545 1533 1526
f 1534 1546 1541
f 1541 1529 1534
f 1545 1547 1548
f 1548 1546 1545
f 1537 1540 1547
f 1547 1545 1537
f 1546 1548 1543
f 1543 1541 1546
f 1232 1231 1549
f 1550 1232 1549
f 1231 1194 1497
f 1549 1231 1497
f 1232 1550 1521
f 1521 1215 1232
f 1499 1498 1525
f 1549 1499 1524
f 1524 1550 1549
f 1525 1524 1499
f 1497 1499 1549
f 1550 1524 1521
f 1498 1511 1535
f 1535 1525 1498
f 1511 1514 1538
f 1538 1535 1511
f 1513 1551 1552
f 1552 1514 1513
f 1513 1515 1553
f 1551 1513 1553
f 1551 1554 1552
f 1553 1555 1554
f 1554 1551 1553
f 1556 1554 1555
f 1518 1557 1558
f 1558 1519 1518
f 1518 1520 1559
f 1557 1518 1559
f 1515 1519 1558
f 1553 1515 1558
f 1558 1557 1560
f 1561 1558 1560
f 1559 1562 1560
f 1560 1557 1559
f 1553 1558 1561
f 1555 1553 1561
f 1555 1563 1564
f 1564 1556 1555
f 1564 1563 1565
f 1566 1564 1565
f 1561 1560 1567
f 1568 1561 1567
f 1560 1562 1569
f 1567 1560 1569
f 1561 1568 1563
f 1563 1555 1561
f 1567 1570 1571
f 1571 1568 1567
f 1567 1569 1572
f 1570 1567 1572
f 1568 1571 1565
f 1565 1563 1568
f 1539 1538 1573
f 1574 1539 1573
f 1539 1574 1575
f 1575 1540 1539
f 1573 1576 1577
f 1577 1574 1573
f 1574 1577 1578
f 1578 1575 1574
f 1543 1579 1580
f 1580 1544 1543
f 1579 1581 1582
f 1582 1580 1579
f 1547 1583 1584
f 1584 1548 1547
f 1540 1575 1583
f 1583 1547 1540
f 1548 1584 1579
f 1579 1543 1548
f 1584 1583 1585
f 1586 1584 1585
f 1583 1575 1578
f 1585 1583 1578
f 1584 1586 1581
f 1581 1579 1584
f 1577 1576 1587
f 1588 1577 1587
f 1577 1588 1589
f 1589 1578 1577
f 1587 1590 1591
f 1591 1588 1587
f 1592 1593 1594
f 1588 1591 1593
f 1593 1589 1588
f 1594 1593 1591
f 1581 1595 1596
f 1596 1582 1581
f 1595 1597 1598
f 1598 1596 1595
f 1586 1585 1599
f 1600 1586 1599
f 1585 1578 1589
f 1599 1585 1589
f 1586 1600 1595
f 1595 1581 1586
f 1593 1592 1600
f 1600 1599 1593
f 1601 1600 1592
f 1589 1593 1599
f 1600 1601 1597
f 1597 1595 1600
f 1538 1514 1552
f 1573 1538 1552
f 1554 1602 1576
f 1573 1552 1554
f 1576 1573 1554
f 1602 1554 1556
f 1576 1602 1603
f 1587 1576 1603
f 1556 1564 1603
f 1603 1602 1556
f 1587 1603 1604
f 1590 1587 1604
f 1564 1566 1604
f 1604 1603 1564
f 1284 1283 1605
f 1606 1284 1605
f 1285 1607 1605
f 1605 1283 1285
f 1605 1608 1494
f 1494 1606 1605
f 1495 1494 1608
f 1607 1609 1608
f 1608 1605 1607
f 1290 1289 1610
f 1611 1290 1610
f 1291 1612 1610
f 1610 1289 1291
f 1285 1290 1611
f 1607 1285 1611
f 1611 1610 1613
f 1614 1611 1613
f 1612 1615 1613
f 1613 1610 1612
f 1607 1611 1614
f 1609 1607 1614
f 1200 1284 1606
f 1504 1200 1606
f 1606 1494 1504
f 1495 1608 1616
f 1507 1495 1616
f 1608 1609 1617
f 1616 1608 1617
f 1616 1618 1509
f 1509 1507 1616
f 1619 1509 1618
f 1616 1617 1620
f 1618 1616 1620
f 1614 1613 1621
f 1622 1614 1621
f 1613 1615 1623
f 1621 1613 1623
f 1609 1614 1622
f 1617 1609 1622
f 1621 1624 1625
f 1625 1622 1621
f 1621 1623 1626
f 1624 1621 1626
f 1622 1625 1620
f 1620 1617 1622
f 1520 1509 1619
f 1295 1627 1612
f 1612 1291 1295
f 819 1329 1627
f 1627 1295 819
f 1612 1627 1628
f 1615 1612 1628
f 1329 1331 1628
f 1628 1627 1329
f 1615 1628 1629
f 1623 1615 1629
f 1331 1337 1629
f 1629 1628 1331
f 1623 1629 1630
f 1626 1623 1630
f 1629 1337 1339
f 1630 1629 1339
f 1618 1631 1632
f 1632 1619 1618
f 1618 1620 1633
f 1631 1618 1633
f 1632 1631 1634
f 1635 1632 1634
f 1631 1633 1636
f 1634 1631 1636
f 1624 1637 1638
f 1638 1625 1624
f 1624 1626 1639
f 1637 1624 1639
f 1625 1638 1633
f 1633 1620 1625
f 1637 1640 1641
f 1641 1638 1637
f 1637 1639 1642
f 1640 1637 1642
f 1638 1641 1636
f 1636 1633 1638
f 1619 1632 1559
f 1559 1520 1619
f 1559 1632 1635
f 1562 1559 1635
f 1634 1643 1644
f 1644 1635 1634
f 1636 1645 1643
f 1643 1634 1636
f 1643 1646 1647
f 1647 1644 1643
f 1645 1648 1646
f 1646 1643 1645
f 1641 1640 1649
f 1650 1641 1649
f 1642 1651 1649
f 1649 1640 1642
f 1641 1650 1645
f 1645 1636 1641
f 1650 1649 1652
f 1653 1650 1652
f 1651 1654 1652
f 1652 1649 1651
f 1645 1650 1653
f 1648 1645 1653
f 1635 1644 1569
f 1569 1562 1635
f 1644 1647 1572
f 1572 1569 1644
f 1626 1630 1655
f 1639 1626 1655
f 1630 1339 1345
f 1655 1630 1345
f 1639 1655 1656
f 1642 1639 1656
f 1346 1657 1656
f 1655 1345 1346
f 1656 1655 1346
f 1657 1346 1350
f 1656 1658 1651
f 1651 1642 1656
f 1656 1657 1659
f 1658 1656 1659
f 1658 1660 1654
f 1654 1651 1658
f 1353 1352 1660
f 1658 1659 1353
f 1660 1658 1353
f 1350 1356 1659
f 1659 1657 1350
f 1356 1353 1659
f 1323 1220 1528
f 1661 1323 1528
f 1324 1662 1663
f 1663 1325 1324
f 1323 1661 1662
f 1662 1324 1323
f 1661 1528 1530
f 1664 1661 1530
f 1662 1665 1666
f 1666 1663 1662
f 1661 1664 1665
f 1665 1662 1661
f 1327 1325 1663
f 1667 1327 1663
f 1327 1667 1397
f 1397 902 1327
f 1667 1663 1666
f 1668 1667 1666
f 1667 1668 1399
f 1399 1397 1667
f 1669 1670 1671
f 1530 1542 1670
f 1670 1664 1530
f 1671 1670 1542
f 1670 1669 1672
f 1666 1665 1670
f 1672 1666 1670
f 1664 1670 1665
f 1669 1671 1673
f 1674 1669 1673
f 1671 1542 1544
f 1673 1671 1544
f 1669 1674 1675
f 1675 1672 1669
f 1668 1666 1672
f 1676 1668 1672
f 1668 1676 1401
f 1401 1399 1668
f 1672 1675 1677
f 1677 1676 1672
f 1401 1676 1677
f 1403 1401 1677
f 1673 1678 1679
f 1679 1674 1673
f 1544 1580 1678
f 1678 1673 1544
f 1675 1674 1679
f 1680 1675 1679
f 1678 1681 1682
f 1682 1679 1678
f 1580 1582 1681
f 1681 1678 1580
f 1680 1679 1682
f 1683 1680 1682
f 1675 1680 1684
f 1684 1677 1675
f 1677 1684 1421
f 1421 1403 1677
f 1684 1680 1683
f 1685 1684 1683
f 1684 1685 1423
f 1423 1421 1684
f 1681 1686 1687
f 1687 1682 1681
f 1582 1596 1686
f 1686 1681 1582
f 1683 1682 1687
f 1688 1683 1687
f 1687 1686 1689
f 1690 1687 1689
f 1686 1596 1598
f 1689 1686 1598
f 1687 1690 1691
f 1691 1688 1687
f 1685 1683 1688
f 1692 1685 1688
f 1423 1685 1692
f 1425 1423 1692
f 1688 1691 1693
f 1693 1692 1688
f 1425 1692 1693
f 1427 1425 1693
f 1694 1695 1696
f 1565 1697 1698
f 1698 1566 1565
f 1698 1697 1699
f 1700 1698 1699
f 1570 1701 1702
f 1702 1571 1570
f 1572 1703 1701
f 1701 1570 1572
f 1565 1571 1702
f 1697 1565 1702
f 1702 1701 1704
f 1705 1702 1704
f 1695 1694 1704
f 1701 1703 1695
f 1704 1701 1695
f 1697 1702 1705
f 1699 1697 1705
f 1694 1696 1706
f 1707 1694 1706
f 1706 1708 1709
f 1709 1707 1706
f 1700 1699 1710
f 1711 1700 1710
f 1710 1712 1713
f 1713 1711 1710
f 1704 1714 1715
f 1715 1705 1704
f 1704 1694 1707
f 1714 1704 1707
f 1699 1705 1715
f 1710 1699 1715
f 1714 1716 1717
f 1717 1715 1714
f 1707 1709 1716
f 1716 1714 1707
f 1710 1715 1717
f 1712 1710 1717
f 1591 1590 1718
f 1719 1591 1718
f 1594 1720 1721
f 1721 1592 1594
f 1591 1719 1720
f 1720 1594 1591
f 1718 1722 1723
f 1723 1719 1718
f 1720 1724 1721
f 1719 1723 1724
f 1724 1720 1719
f 1725 1724 1723
f 1597 1726 1727
f 1727 1598 1597
f 1727 1726 1728
f 1729 1727 1728
f 1601 1592 1721
f 1730 1601 1721
f 1597 1601 1730
f 1726 1597 1730
f 1724 1731 1732
f 1721 1724 1732
f 1732 1730 1721
f 1731 1724 1725
f 1726 1730 1732
f 1728 1726 1732
f 1722 1733 1734
f 1734 1723 1722
f 1723 1734 1735
f 1735 1725 1723
f 1733 1736 1734
f 1736 1737 1738
f 1735 1734 1736
f 1738 1735 1736
f 1729 1728 1739
f 1740 1729 1739
f 1740 1739 1741
f 1742 1740 1741
f 1732 1731 1743
f 1744 1732 1743
f 1731 1725 1735
f 1743 1731 1735
f 1728 1732 1744
f 1739 1728 1744
f 1744 1743 1745
f 1746 1744 1745
f 1743 1735 1738
f 1745 1743 1738
f 1739 1744 1746
f 1741 1739 1746
f 1590 1604 1747
f 1718 1590 1747
f 1566 1698 1747
f 1747 1604 1566
f 1747 1748 1722
f 1722 1718 1747
f 1747 1698 1700
f 1748 1747 1700
f 1722 1748 1749
f 1733 1722 1749
f 1748 1700 1711
f 1749 1748 1711
f 1749 1750 1736
f 1736 1733 1749
f 1751 1736 1750
f 1711 1713 1750
f 1750 1749 1711
f 1737 1736 1751
f 1708 1752 1753
f 1753 1709 1708
f 1753 1752 1754
f 1755 1753 1754
f 1712 1756 1757
f 1757 1713 1712
f 1756 1758 1759
f 1759 1757 1756
f 1716 1760 1761
f 1761 1717 1716
f 1709 1753 1760
f 1760 1716 1709
f 1717 1761 1756
f 1756 1712 1717
f 1760 1762 1763
f 1763 1761 1760
f 1753 1755 1762
f 1762 1760 1753
f 1761 1763 1758
f 1758 1756 1761
f 1754 1764 1755
f 1758 1765 1766
f 1766 1759 1758
f 1766 1765 1767
f 1768 1766 1767
f 1762 1769 1770
f 1770 1763 1762
f 1764 1771 1769
f 1762 1755 1764
f 1769 1762 1764
f 1763 1770 1765
f 1765 1758 1763
f 1769 1772 1773
f 1773 1770 1769
f 1769 1771 1774
f 1772 1769 1774
f 1765 1770 1773
f 1767 1765 1773
f 1738 1737 1775
f 1776 1738 1775
f 1776 1775 1777
f 1778 1776 1777
f 1741 1779 1780
f 1780 1742 1741
f 1780 1779 1781
f 1782 1780 1781
f 1746 1745 1783
f 1784 1746 1783
f 1738 1776 1783
f 1783 1745 1738
f 1741 1746 1784
f 1779 1741 1784
f 1784 1783 1785
f 1786 1784 1785
f 1783 1776 1778
f 1785 1783 1778
f 1779 1784 1786
f 1781 1779 1786
f 1778 1777 1787
f 1788 1778 1787
f 1788 1787 1789
f 1790 1788 1789
f 1782 1781 1791
f 1792 1782 1791
f 1792 1791 1793
f 1794 1792 1793
f 1786 1785 1795
f 1796 1786 1795
f 1785 1778 1788
f 1795 1785 1788
f 1781 1786 1796
f 1791 1781 1796
f 1795 1797 1798
f 1798 1796 1795
f 1788 1790 1797
f 1797 1795 1788
f 1791 1796 1798
f 1793 1791 1798
f 1750 1799 1800
f 1800 1751 1750
f 1713 1757 1799
f 1799 1750 1713
f 1737 1751 1800
f 1775 1737 1800
f 1800 1799 1801
f 1802 1800 1801
f 1757 1759 1801
f 1801 1799 1757
f 1800 1802 1777
f 1777 1775 1800
f 1802 1801 1803
f 1804 1802 1803
f 1759 1766 1803
f 1803 1801 1759
f 1802 1804 1787
f 1787 1777 1802
f 1804 1803 1805
f 1806 1804 1805
f 1766 1768 1805
f 1805 1803 1766
f 1804 1806 1789
f 1789 1787 1804
f 1647 1646 1807
f 1808 1647 1807
f 1648 1809 1807
f 1807 1646 1648
f 1810 1811 1812
f 1807 1813 1695
f 1695 1808 1807
f 1696 1695 1813
f 1811 1810 1813
f 1809 1811 1813
f 1813 1807 1809
f 1653 1652 1814
f 1815 1653 1814
f 1654 1816 1814
f 1814 1652 1654
f 1648 1653 1815
f 1809 1648 1815
f 1815 1814 1817
f 1811 1815 1817
f 1812 1811 1817
f 1816 1818 1817
f 1817 1814 1816
f 1815 1811 1809
f 1572 1647 1808
f 1703 1572 1808
f 1808 1695 1703
f 1810 1812 1819
f 1820 1810 1819
f 1813 1821 1706
f 1706 1696 1813
f 1813 1810 1820
f 1821 1813 1820
f 1820 1819 1822
f 1823 1820 1822
f 1821 1824 1708
f 1708 1706 1821
f 1821 1820 1823
f 1824 1821 1823
f 1817 1825 1819
f 1819 1812 1817
f 1818 1826 1825
f 1825 1817 1818
f 1825 1827 1822
f 1822 1819 1825
f 1826 1828 1827
f 1827 1825 1826
f 1660 1829 1816
f 1816 1654 1660
f 1660 1352 1361
f 1829 1660 1361
f 1829 1830 1818
f 1818 1816 1829
f 1829 1361 1363
f 1830 1829 1363
f 1830 1831 1826
f 1826 1818 1830
f 1830 1363 1369
f 1831 1830 1369
f 1371 1370 1828
f 1826 1831 1371
f 1828 1826 1371
f 1369 1371 1831
f 1822 1832 1833
f 1833 1823 1822
f 1708 1824 1834
f 1752 1708 1834
f 1824 1823 1833
f 1834 1824 1833
f 1832 1835 1836
f 1836 1833 1832
f 1752 1834 1837
f 1754 1752 1837
f 1834 1833 1836
f 1837 1834 1836
f 1827 1838 1832
f 1832 1822 1827
f 1828 1839 1838
f 1838 1827 1828
f 1832 1838 1840
f 1835 1832 1840
f 1838 1839 1841
f 1840 1838 1841
f 1835 1842 1843
f 1843 1836 1835
f 1837 1844 1764
f 1764 1754 1837
f 1845 1764 1844
f 1836 1843 1844
f 1844 1837 1836
f 1843 1842 1846
f 1847 1843 1846
f 1844 1848 1849
f 1849 1845 1844
f 1844 1843 1847
f 1848 1844 1847
f 1835 1840 1850
f 1842 1835 1850
f 1841 1851 1850
f 1850 1840 1841
f 1850 1852 1846
f 1846 1842 1850
f 1851 1853 1852
f 1852 1850 1851
f 1771 1764 1845
f 1771 1845 1849
f 1774 1771 1849
f 1378 1854 1839
f 1828 1370 1378
f 1839 1828 1378
f 1854 1378 1380
f 1839 1854 1855
f 1841 1839 1855
f 1380 1382 1855
f 1855 1854 1380
f 1855 1856 1851
f 1851 1841 1855
f 1855 1382 1388
f 1856 1855 1388
f 1390 1389 1853
f 1856 1390 1853
f 1853 1851 1856
f 1388 1390 1856
f 1690 1689 1857
f 1858 1690 1857
f 1689 1598 1727
f 1857 1689 1727
f 1690 1858 1859
f 1859 1691 1690
f 1858 1857 1860
f 1861 1858 1860
f 1857 1727 1729
f 1860 1857 1729
f 1858 1861 1862
f 1862 1859 1858
f 1691 1859 1863
f 1863 1693 1691
f 1427 1693 1863
f 1445 1427 1863
f 1859 1862 1864
f 1864 1863 1859
f 1445 1863 1864
f 1447 1445 1864
f 1861 1860 1865
f 1866 1861 1865
f 1860 1729 1740
f 1865 1860 1740
f 1861 1866 1867
f 1867 1862 1861
f 1865 1868 1866
f 1740 1742 1868
f 1868 1865 1740
f 1869 1868 1742
f 1868 1870 1871
f 1867 1866 1868
f 1871 1867 1868
f 1870 1868 1869
f 1862 1867 1872
f 1872 1864 1862
f 1447 1864 1872
f 1449 1447 1872
f 1867 1871 1873
f 1873 1872 1867
f 1449 1872 1873
f 1451 1449 1873
f 1742 1780 1874
f 1874 1869 1742
f 1871 1870 1875
f 1876 1871 1875
f 1870 1869 1874
f 1875 1870 1874
f 1780 1782 1877
f 1877 1874 1780
f 1876 1875 1878
f 1879 1876 1878
f 1875 1874 1877
f 1878 1875 1877
f 1871 1876 1880
f 1880 1873 1871
f 1873 1880 1469
f 1469 1451 1873
f 1880 1876 1879
f 1881 1880 1879
f 1880 1881 1471
f 1471 1469 1880
f 1782 1792 1882
f 1882 1877 1782
f 1879 1878 1883
f 1884 1879 1883
f 1878 1877 1882
f 1883 1878 1882
f 1792 1794 1885
f 1885 1882 1792
f 1884 1883 1886
f 1887 1884 1886
f 1883 1882 1885
f 1886 1883 1885
f 1881 1879 1884
f 1888 1881 1884
f 1881 1888 1473
f 1473 1471 1881
f 1884 1887 1889
f 1889 1888 1884
f 1888 1889 1475
f 1475 1473 1888
f 1389 1391 1890
f 1891 1389 1890
f 1392 1892 1890
f 1890 1391 1392
f 1891 1890 1893
f 1894 1891 1893
f 1892 1895 1893
f 1893 1890 1892
f 1392 1395 1896
f 1892 1392 1896
f 1395 1396 1897
f 1896 1395 1897
f 1892 1896 1898
f 1895 1892 1898
f 1896 1897 1899
f 1898 1896 1899
f 1894 1893 1900
f 1901 1894 1900
f 1893 1895 1902
f 1900 1893 1902
f 1900 1903 1904
f 1904 1901 1900
f 1900 1902 1905
f 1903 1900 1905
f 1898 1906 1902
f 1902 1895 1898
f 1899 1907 1906
f 1906 1898 1899
f 1902 1906 1908
f 1905 1902 1908
f 1907 1909 1908
f 1908 1906 1907
f 1903 1910 1904
f 1905 1911 1912
f 1910 1903 1905
f 1912 1910 1905
f 1911 1913 1914
f 1914 1912 1911
f 1908 1915 1911
f 1911 1905 1908
f 1909 1916 1915
f 1915 1908 1909
f 1915 1917 1913
f 1913 1911 1915
f 1916 1918 1917
f 1917 1915 1916
f 1913 1919 1920
f 1920 1914 1913
f 1919 1921 1922
f 1922 1920 1919
f 1917 1923 1919
f 1919 1913 1917
f 1918 1924 1923
f 1923 1917 1918
f 1923 1925 1921
f 1921 1919 1923
f 1924 1926 1925
f 1925 1923 1924
f 1922 1921 1927
f 1928 1922 1927
f 1928 1927 1929
f 1930 1928 1929
f 1925 1931 1927
f 1927 1921 1925
f 1926 1932 1931
f 1931 1925 1926
f 1931 1933 1929
f 1929 1927 1931
f 1932 1934 1933
f 1933 1931 1932
f 1935 1936 1937
f 1930 1929 1938
f 1936 1930 1938
f 1937 1936 1938
f 1935 1937 1939
f 1940 1935 1939
f 1938 1941 1939
f 1939 1937 1938
f 1933 1942 1938
f 1938 1929 1933
f 1933 1934 1943
f 1942 1933 1943
f 1942 1944 1941
f 1941 1938 1942
f 1942 1943 1945
f 1944 1942 1945
f 1946 1947 1948
f 1948 1949 1946
f 1940 1939 1950
f 1951 1940 1950
f 1941 1952 1950
f 1950 1939 1941
f 1951 1950 1953
f 1947 1951 1953
f 1948 1947 1953
f 1952 1954 1953
f 1953 1950 1952
f 1944 1955 1952
f 1952 1941 1944
f 1945 1956 1955
f 1955 1944 1945
f 1955 1957 1954
f 1954 1952 1955
f 1955 1956 1958
f 1957 1955 1958
f 1953 1959 1949
f 1949 1948 1953
f 1960 1949 1959
f 1953 1954 1961
f 1959 1953 1961
f 1959 1962 1963
f 1963 1960 1959
f 1959 1961 1964
f 1962 1959 1964
f 1954 1957 1965
f 1961 1954 1965
f 1957 1958 1966
f 1965 1957 1966
f 1961 1965 1967
f 1964 1961 1967
f 1966 1968 1967
f 1967 1965 1966
f 1476 1475 1969
f 1970 1476 1969
f 1969 1971 1972
f 1972 1970 1969
f 1971 1973 1974
f 1974 1972 1971
f 1973 1975 1976
f 1976 1974 1973
f 1487 1476 1970
f 1977 1487 1970
f 1487 1977 1978
f 1978 1488 1487
f 1970 1972 1979
f 1979 1977 1970
f 1977 1979 1980
f 1980 1978 1977
f 1488 1978 1981
f 1981 1491 1488
f 1492 1491 1981
f 1982 1492 1981
f 1981 1978 1980
f 1983 1981 1980
f 1982 1981 1983
f 1984 1982 1983
f 1972 1974 1985
f 1985 1979 1972
f 1979 1985 1986
f 1986 1980 1979
f 1985 1974 1976
f 1987 1985 1976
f 1986 1985 1987
f 1988 1986 1987
f 1980 1986 1989
f 1989 1983 1980
f 1984 1983 1989
f 1990 1984 1989
f 1986 1988 1991
f 1991 1989 1986
f 1989 1991 1992
f 1992 1990 1989
f 1993 1994 1995
f 1994 1993 1996
f 1976 1975 1994
f 1996 1976 1994
f 1995 1997 1998
f 1998 1993 1995
f 1996 1993 1998
f 1999 1996 1998
f 1997 2000 1998
f 2000 2001 2002
f 1999 1998 2000
f 2002 1999 2000
f 2002 2001 2003
f 2004 2002 2003
f 1987 1976 1996
f 2005 1987 1996
f 1988 1987 2005
f 2006 1988 2005
f 2005 1996 1999
f 2007 2005 1999
f 2006 2005 2007
f 2008 2006 2007
f 1991 1988 2006
f 2009 1991 2006
f 1991 2009 2010
f 2010 1992 1991
f 2009 2006 2008
f 2011 2009 2008
f 2009 2011 2012
f 2012 2010 2009
f 1999 2002 2013
f 2013 2007 1999
f 2008 2007 2013
f 2014 2008 2013
f 2002 2004 2015
f 2015 2013 2002
f 2013 2015 2016
f 2016 2014 2013
f 2008 2014 2017
f 2017 2011 2008
f 2011 2017 2018
f 2018 2012 2011
f 2017 2014 2016
f 2019 2017 2016
f 2018 2017 2019
f 2020 2018 2019
f 2004 2003 2021
f 2022 2004 2021
f 2021 2023 2022
f 2004 2022 2024
f 2024 2015 2004
f 2015 2024 2025
f 2025 2016 2015
f 2023 2026 2027
f 2024 2022 2023
f 2027 2024 2023
f 2024 2027 2028
f 2028 2025 2024
f 2019 2016 2025
f 2029 2019 2025
f 2020 2019 2029
f 2030 2020 2029
f 2025 2028 2031
f 2031 2029 2025
f 2030 2029 2031
f 2032 2030 2031
f 2027 2026 2033
f 2034 2027 2033
f 2027 2034 2035
f 2035 2028 2027
f 2034 2033 2036
f 2037 2034 2036
f 2034 2037 2038
f 2038 2035 2034
f 2028 2035 2039
f 2039 2031 2028
f 2032 2031 2039
f 2040 2032 2039
f 2035 2038 2041
f 2041 2039 2035
f 2040 2039 2041
f 2042 2040 2041
f 2043 2044 2045
f 2045 2046 2047
f 2047 2043 2045
f 2047 2046 2048
f 2049 2047 2048
f 2036 2050 2051
f 2051 2037 2036
f 2038 2037 2051
f 2052 2038 2051
f 2044 2043 2053
f 2051 2050 2044
f 2053 2051 2044
f 2052 2051 2053
f 2054 2052 2053
f 2041 2038 2052
f 2055 2041 2052
f 2042 2041 2055
f 2056 2042 2055
f 2055 2052 2054
f 2057 2055 2054
f 2055 2057 2058
f 2058 2056 2055
f 2053 2043 2047
f 2059 2053 2047
f 2054 2053 2059
f 2060 2054 2059
f 2047 2049 2061
f 2061 2059 2047
f 2059 2061 2062
f 2062 2060 2059
f 2057 2054 2060
f 2063 2057 2060
f 2057 2063 2064
f 2064 2058 2057
f 2060 2062 2065
f 2065 2063 2060
f 2064 2063 2065
f 2066 2064 2065
f 2067 2068 2069
f 2067 2069 2070
f 2071 2067 2070
f 1768 1767 2072
f 2073 1768 2072
f 2072 2074 2075
f 2075 2073 2072
f 1773 1772 2076
f 2077 1773 2076
f 2068 2067 2076
f 1772 1774 2068
f 2076 1772 2068
f 1767 1773 2077
f 2072 1767 2077
f 2077 2076 2078
f 2079 2077 2078
f 2076 2067 2071
f 2078 2076 2071
f 2072 2077 2079
f 2074 2072 2079
f 2071 2070 2080
f 2081 2071 2080
f 2080 2082 2083
f 2083 2081 2080
f 2074 2084 2085
f 2085 2075 2074
f 2084 2086 2087
f 2087 2085 2084
f 2078 2088 2089
f 2089 2079 2078
f 2078 2071 2081
f 2088 2078 2081
f 2074 2079 2089
f 2084 2074 2089
f 2089 2088 2090
f 2091 2089 2090
f 2081 2083 2090
f 2090 2088 2081
f 2089 2091 2086
f 2086 2084 2089
f 1789 2092 2093
f 2093 1790 1789
f 2093 2092 2094
f 2095 2093 2094
f 1793 2096 2097
f 2097 1794 1793
f 2096 2098 2099
f 2099 2097 2096
f 1797 2100 2101
f 2101 1798 1797
f 1790 2093 2100
f 2100 1797 1790
f 1798 2101 2096
f 2096 1793 1798
f 2100 2102 2103
f 2103 2101 2100
f 2093 2095 2102
f 2102 2100 2093
f 2101 2103 2098
f 2098 2096 2101
f 2094 2104 2105
f 2105 2095 2094
f 2104 2106 2107
f 2107 2105 2104
f 2098 2108 2109
f 2109 2099 2098
f 2108 2110 2111
f 2111 2109 2108
f 2103 2102 2112
f 2113 2103 2112
f 2095 2105 2112
f 2112 2102 2095
f 2103 2113 2108
f 2108 2098 2103
f 2113 2112 2114
f 2115 2113 2114
f 2112 2105 2107
f 2114 2112 2107
f 2113 2115 2110
f 2110 2108 2113
f 1806 1805 2116
f 2117 1806 2116
f 1805 1768 2073
f 2116 1805 2073
f 1789 1806 2117
f 2092 1789 2117
f 2116 2118 2119
f 2119 2117 2116
f 2116 2073 2075
f 2118 2116 2075
f 2117 2119 2094
f 2094 2092 2117
f 2118 2120 2121
f 2121 2119 2118
f 2118 2075 2085
f 2120 2118 2085
f 2094 2119 2121
f 2104 2094 2121
f 2120 2122 2123
f 2123 2121 2120
f 2120 2085 2087
f 2122 2120 2087
f 2104 2121 2123
f 2106 2104 2123
f 2083 2082 2124
f 2125 2083 2124
f 2124 2126 2125
f 2086 2127 2128
f 2128 2087 2086
f 2127 2129 2130
f 2130 2128 2127
f 2090 2131 2132
f 2132 2091 2090
f 2083 2125 2131
f 2131 2090 2083
f 2091 2132 2127
f 2127 2086 2091
f 2131 2133 2134
f 2134 2132 2131
f 2135 2133 2131
f 2131 2125 2126
f 2131 2126 2135
f 2132 2134 2129
f 2129 2127 2132
f 2130 2129 2136
f 2137 2130 2136
f 2137 2136 2138
f 2139 2137 2138
f 2133 2140 2141
f 2141 2134 2133
f 2133 2135 2142
f 2140 2133 2142
f 2134 2141 2136
f 2136 2129 2134
f 2140 2143 2144
f 2144 2141 2140
f 2140 2142 2145
f 2143 2140 2145
f 2141 2144 2138
f 2138 2136 2141
f 2106 2146 2147
f 2147 2107 2106
f 2147 2146 2148
f 2149 2147 2148
f 2111 2110 2150
f 2151 2111 2150
f 2151 2150 2152
f 2153 2151 2152
f 2115 2114 2154
f 2155 2115 2154
f 2114 2107 2147
f 2154 2114 2147
f 2115 2155 2150
f 2150 2110 2115
f 2155 2154 2156
f 2157 2155 2156
f 2147 2149 2156
f 2156 2154 2147
f 2150 2155 2157
f 2152 2150 2157
f 2149 2148 2158
f 2159 2149 2158
f 2158 2160 2161
f 2161 2159 2158
f 2153 2152 2162
f 2163 2153 2162
f 2162 2164 2165
f 2165 2163 2162
f 2156 2166 2167
f 2167 2157 2156
f 2149 2159 2166
f 2166 2156 2149
f 2152 2157 2167
f 2162 2152 2167
f 2166 2168 2169
f 2169 2167 2166
f 2166 2159 2161
f 2168 2166 2161
f 2162 2167 2169
f 2164 2162 2169
f 2122 2170 2171
f 2171 2123 2122
f 2087 2128 2170
f 2170 2122 2087
f 2106 2123 2171
f 2146 2106 2171
f 2170 2172 2173
f 2173 2171 2170
f 2170 2128 2130
f 2172 2170 2130
f 2146 2171 2173
f 2148 2146 2173
f 2172 2174 2175
f 2175 2173 2172
f 2172 2130 2137
f 2174 2172 2137
f 2173 2175 2158
f 2158 2148 2173
f 2175 2174 2176
f 2177 2175 2176
f 2137 2139 2176
f 2176 2174 2137
f 2175 2177 2160
f 2160 2158 2175
f 1847 1846 2178
f 2179 1847 2178
f 1848 2180 2068
f 2068 1849 1848
f 2069 2068 2180
f 1847 2179 2180
f 2180 1848 1847
f 2178 2181 2182
f 2182 2179 2178
f 2180 2183 2070
f 2070 2069 2180
f 2179 2182 2183
f 2183 2180 2179
f 1846 1852 2184
f 2178 1846 2184
f 1852 1853 2185
f 2184 1852 2185
f 2178 2184 2186
f 2181 2178 2186
f 2184 2185 2187
f 2186 2184 2187
f 1849 2068 1774
f 2182 2181 2188
f 2189 2182 2188
f 2183 2190 2080
f 2080 2070 2183
f 2183 2182 2189
f 2190 2183 2189
f 2189 2188 2191
f 2192 2189 2191
f 2080 2190 2193
f 2082 2080 2193
f 2190 2189 2192
f 2193 2190 2192
f 2186 2194 2188
f 2188 2181 2186
f 2187 2195 2194
f 2194 2186 2187
f 2194 2196 2191
f 2191 2188 2194
f 2195 2197 2196
f 2196 2194 2195
f 1853 1389 1891
f 2185 1853 1891
f 2185 1891 1894
f 2187 2185 1894
f 2187 1894 1901
f 2195 2187 1901
f 1901 1904 2197
f 2197 2195 1901
f 2191 2198 2199
f 2199 2192 2191
f 2082 2193 2200
f 2124 2082 2200
f 2192 2199 2200
f 2200 2193 2192
f 2198 2201 2199
f 2200 2202 2203
f 2126 2124 2200
f 2203 2126 2200
f 2201 2204 2202
f 2200 2199 2201
f 2202 2200 2201
f 2191 2196 2205
f 2198 2191 2205
f 2196 2197 2206
f 2205 2196 2206
f 2205 2207 2201
f 2201 2198 2205
f 2208 2201 2207
f 2205 2206 2209
f 2207 2205 2209
f 2204 2201 2208
f 2135 2126 2203
f 2202 2210 2211
f 2211 2203 2202
f 2202 2204 2212
f 2210 2202 2212
f 2211 2210 2213
f 2214 2211 2213
f 2210 2212 2215
f 2213 2210 2215
f 2207 2216 2217
f 2217 2208 2207
f 2207 2209 2218
f 2216 2207 2218
f 2208 2217 2212
f 2212 2204 2208
f 2216 2219 2220
f 2220 2217 2216
f 2216 2218 2221
f 2219 2216 2221
f 2217 2220 2215
f 2215 2212 2217
f 2203 2211 2142
f 2142 2135 2203
f 2211 2214 2145
f 2145 2142 2211
f 1910 2222 2206
f 2197 1904 1910
f 2206 2197 1910
f 2222 1910 1912
f 2206 2222 2223
f 2209 2206 2223
f 1912 1914 2223
f 2223 2222 1912
f 2209 2223 2224
f 2218 2209 2224
f 1914 1920 2224
f 2224 2223 1914
f 2218 2224 2225
f 2221 2218 2225
f 1920 1922 2225
f 2225 2224 1920
f 1885 1794 2097
f 2226 1885 2097
f 1886 2227 2228
f 2228 1887 1886
f 1885 2226 2227
f 2227 1886 1885
f 2226 2097 2099
f 2229 2226 2099
f 2227 2230 2231
f 2231 2228 2227
f 2226 2229 2230
f 2230 2227 2226
f 1889 1887 2228
f 2232 1889 2228
f 1889 2232 1969
f 1969 1475 1889
f 2232 2228 2231
f 2233 2232 2231
f 2232 2233 1971
f 1971 1969 2232
f 2229 2099 2109
f 2234 2229 2109
f 2230 2235 2236
f 2236 2231 2230
f 2229 2234 2235
f 2235 2230 2229
f 2237 2238 2239
f 2109 2111 2238
f 2238 2234 2109
f 2239 2238 2111
f 2238 2237 2240
f 2236 2235 2238
f 2240 2236 2238
f 2234 2238 2235
f 2233 2231 2236
f 2241 2233 2236
f 2233 2241 1973
f 1973 1971 2233
f 2241 2236 2240
f 2242 2241 2240
f 2241 2242 1975
f 1975 1973 2241
f 2237 2239 2243
f 2244 2237 2243
f 2111 2151 2243
f 2243 2239 2111
f 2240 2237 2244
f 2245 2240 2244
f 2243 2246 2244
f 2151 2153 2246
f 2246 2243 2151
f 2247 2246 2153
f 2246 2248 2249
f 2245 2244 2246
f 2249 2245 2246
f 2248 2246 2247
f 2240 2245 1994
f 1994 2242 2240
f 1995 1994 2245
f 2242 1994 1975
f 2245 2249 1997
f 1997 1995 2245
f 2153 2163 2250
f 2250 2247 2153
f 2249 2248 2251
f 2252 2249 2251
f 2248 2247 2250
f 2251 2248 2250
f 2163 2165 2253
f 2253 2250 2163
f 2252 2251 2254
f 2255 2252 2254
f 2251 2250 2253
f 2254 2251 2253
f 2249 2252 2000
f 2000 1997 2249
f 2256 2000 2252
f 2001 2000 2256
f 2252 2255 2257
f 2257 2256 2252
f 2001 2256 2257
f 2003 2001 2257
f 2258 2259 2260
f 2139 2138 2261
f 2262 2139 2261
f 2262 2261 2263
f 2264 2262 2263
f 2144 2143 2265
f 2266 2144 2265
f 2145 2267 2265
f 2265 2143 2145
f 2138 2144 2266
f 2261 2138 2266
f 2266 2265 2268
f 2269 2266 2268
f 2259 2258 2268
f 2265 2267 2259
f 2268 2265 2259
f 2261 2266 2269
f 2263 2261 2269
f 2258 2260 2270
f 2271 2258 2270
f 2271 2270 2272
f 2273 2271 2272
f 2263 2274 2275
f 2275 2264 2263
f 2274 2276 2277
f 2277 2275 2274
f 2269 2268 2278
f 2279 2269 2278
f 2268 2258 2271
f 2278 2268 2271
f 2263 2269 2279
f 2274 2263 2279
f 2279 2278 2280
f 2281 2279 2280
f 2278 2271 2273
f 2280 2278 2273
f 2274 2279 2281
f 2276 2274 2281
f 2160 2282 2283
f 2283 2161 2160
f 2282 2284 2285
f 2285 2283 2282
f 2164 2286 2287
f 2287 2165 2164
f 2287 2286 2288
f 2289 2287 2288
f 2168 2290 2291
f 2291 2169 2168
f 2168 2161 2283
f 2290 2168 2283
f 2164 2169 2291
f 2286 2164 2291
f 2290 2292 2293
f 2293 2291 2290
f 2290 2283 2285
f 2292 2290 2285
f 2286 2291 2293
f 2288 2286 2293
f 2285 2284 2294
f 2295 2285 2294
f 2294 2296 2297
f 2297 2295 2294
f 2288 2298 2289
f 2292 2299 2300
f 2300 2293 2292
f 2292 2285 2295
f 2299 2292 2295
f 2293 2300 2298
f 2298 2288 2293
f 2301 2298 2300
f 2300 2299 2302
f 2303 2300 2302
f 2295 2297 2302
f 2302 2299 2295
f 2301 2300 2303
f 2304 2301 2303
f 2177 2176 2305
f 2306 2177 2305
f 2139 2262 2305
f 2305 2176 2139
f 2160 2177 2306
f 2282 2160 2306
f 2306 2305 2307
f 2308 2306 2307
f 2305 2262 2264
f 2307 2305 2264
f 2306 2308 2284
f 2284 2282 2306
f 2307 2309 2310
f 2310 2308 2307
f 2307 2264 2275
f 2309 2307 2275
f 2284 2308 2310
f 2294 2284 2310
f 2309 2311 2312
f 2312 2310 2309
f 2309 2275 2277
f 2311 2309 2277
f 2294 2310 2312
f 2296 2294 2312
f 2273 2272 2313
f 2314 2273 2313
f 2314 2313 2315
f 2316 2314 2315
f 2277 2276 2317
f 2318 2277 2317
f 2318 2317 2319
f 2320 2318 2319
f 2280 2321 2322
f 2322 2281 2280
f 2280 2273 2314
f 2321 2280 2314
f 2281 2322 2317
f 2317 2276 2281
f 2322 2321 2323
f 2324 2322 2323
f 2321 2314 2316
f 2323 2321 2316
f 2322 2324 2319
f 2319 2317 2322
f 2316 2315 2325
f 2326 2316 2325
f 2325 2327 2328
f 2328 2326 2325
f 2329 2330 2331
f 2319 2332 2330
f 2330 2320 2319
f 2331 2330 2332
f 2331 2333 2334
f 2334 2329 2331
f 2332 2335 2333
f 2333 2331 2332
f 2324 2323 2336
f 2337 2324 2336
f 2323 2316 2326
f 2336 2323 2326
f 2319 2324 2337
f 2332 2319 2337
f 2337 2336 2338
f 2339 2337 2338
f 2326 2328 2338
f 2338 2336 2326
f 2332 2337 2339
f 2335 2332 2339
f 2296 2340 2341
f 2341 2297 2296
f 2340 2342 2343
f 2343 2341 2340
f 2344 2345 2346
f 2346 2347 2348
f 2348 2344 2346
f 2302 2349 2350
f 2350 2303 2302
f 2297 2341 2349
f 2349 2302 2297
f 2303 2350 2346
f 2345 2304 2303
f 2346 2345 2303
f 2349 2351 2352
f 2352 2350 2349
f 2341 2343 2351
f 2351 2349 2341
f 2350 2352 2347
f 2347 2346 2350
f 2353 2354 2355
f 2354 2353 2356
f 2343 2342 2354
f 2356 2343 2354
f 2355 2357 2358
f 2358 2353 2355
f 2356 2353 2358
f 2359 2356 2358
f 2347 2360 2361
f 2361 2348 2347
f 2360 2362 2363
f 2363 2361 2360
f 2351 2364 2365
f 2365 2352 2351
f 2343 2356 2364
f 2364 2351 2343
f 2352 2365 2360
f 2360 2347 2352
f 2364 2366 2367
f 2367 2365 2364
f 2356 2359 2366
f 2366 2364 2356
f 2365 2367 2362
f 2362 2360 2365
f 2368 2369 2312
f 2312 2311 2368
f 2311 2277 2318
f 2368 2311 2318
f 2312 2369 2340
f 2340 2296 2312
f 2369 2368 2370
f 2371 2369 2370
f 2318 2320 2370
f 2370 2368 2318
f 2369 2371 2342
f 2342 2340 2369
f 2330 2329 2354
f 2371 2370 2330
f 2354 2371 2330
f 2355 2354 2329
f 2320 2330 2370
f 2371 2354 2342
f 2355 2329 2334
f 2357 2355 2334
f 2214 2213 2372
f 2373 2214 2372
f 2215 2374 2372
f 2372 2213 2215
f 2375 2376 2377
f 2372 2378 2259
f 2259 2373 2372
f 2260 2259 2378
f 2376 2375 2378
f 2372 2374 2376
f 2378 2372 2376
f 2220 2219 2379
f 2380 2220 2379
f 2221 2381 2379
f 2379 2219 2221
f 2215 2220 2380
f 2374 2215 2380
f 2379 2382 2376
f 2376 2380 2379
f 2377 2376 2382
f 2381 2383 2382
f 2382 2379 2381
f 2380 2376 2374
f 2145 2214 2373
f 2267 2145 2373
f 2373 2259 2267
f 2377 2384 2385
f 2385 2375 2377
f 2378 2386 2270
f 2270 2260 2378
f 2378 2375 2385
f 2386 2378 2385
f 2385 2384 2387
f 2388 2385 2387
f 2386 2389 2272
f 2272 2270 2386
f 2386 2385 2388
f 2389 2386 2388
f 2382 2390 2384
f 2384 2377 2382
f 2383 2391 2390
f 2390 2382 2383
f 2390 2392 2387
f 2387 2384 2390
f 2391 2393 2392
f 2392 2390 2391
f 2225 2394 2381
f 2381 2221 2225
f 2225 1922 1928
f 2394 2225 1928
f 2394 2395 2383
f 2383 2381 2394
f 2394 1928 1930
f 2395 2394 1930
f 1936 1935 2391
f 2383 2395 1936
f 2391 2383 1936
f 1930 1936 2395
f 2391 1935 1940
f 2393 2391 1940
f 2388 2387 2396
f 2397 2388 2396
f 2389 2398 2313
f 2313 2272 2389
f 2389 2388 2397
f 2398 2389 2397
f 2397 2396 2399
f 2400 2397 2399
f 2398 2401 2315
f 2315 2313 2398
f 2398 2397 2400
f 2401 2398 2400
f 2392 2402 2396
f 2396 2387 2392
f 2393 2403 2402
f 2402 2392 2393
f 2402 2404 2399
f 2399 2396 2402
f 1947 1946 2404
f 2402 2403 1947
f 2404 2402 1947
f 2400 2399 2405
f 2406 2400 2405
f 2401 2407 2325
f 2325 2315 2401
f 2401 2400 2406
f 2407 2401 2406
f 2405 2408 2409
f 2409 2406 2405
f 2325 2407 2410
f 2327 2325 2410
f 2406 2409 2410
f 2410 2407 2406
f 2404 2411 2405
f 2405 2399 2404
f 1949 2412 2411
f 2404 1946 1949
f 2411 2404 1949
f 2405 2411 2413
f 2408 2405 2413
f 2411 2412 2414
f 2413 2411 2414
f 2393 1940 1951
f 2403 2393 1951
f 1951 1947 2403
f 2412 1949 1960
f 1960 1963 2414
f 2414 2412 1960
f 2165 2287 2415
f 2415 2253 2165
f 2255 2254 2416
f 2417 2255 2416
f 2254 2253 2415
f 2416 2254 2415
f 2287 2289 2418
f 2418 2415 2287
f 2417 2416 2419
f 2420 2417 2419
f 2416 2415 2418
f 2419 2416 2418
f 2255 2417 2421
f 2421 2257 2255
f 2003 2257 2421
f 2021 2003 2421
f 2417 2420 2422
f 2422 2421 2417
f 2021 2421 2422
f 2023 2021 2422
f 2423 2023 2422
f 2298 2424 2425
f 2418 2289 2298
f 2425 2418 2298
f 2420 2419 2426
f 2427 2420 2426
f 2419 2418 2425
f 2426 2419 2425
f 2425 2424 2428
f 2429 2425 2428
f 2426 2430 2431
f 2431 2427 2426
f 2425 2429 2430
f 2430 2426 2425
f 2424 2298 2301
f 2301 2304 2428
f 2428 2424 2301
f 2420 2427 2432
f 2432 2422 2420
f 2422 2432 2433
f 2433 2423 2422
f 2432 2427 2431
f 2434 2432 2431
f 2433 2432 2434
f 2435 2433 2434
f 2026 2023 2423
f 2026 2423 2433
f 2033 2026 2433
f 2033 2433 2435
f 2036 2033 2435
f 2345 2344 2429
f 2429 2428 2345
f 2436 2429 2344
f 2430 2437 2438
f 2438 2431 2430
f 2429 2436 2437
f 2437 2430 2429
f 2436 2344 2348
f 2439 2436 2348
f 2437 2440 2441
f 2441 2438 2437
f 2436 2439 2440
f 2440 2437 2436
f 2304 2345 2428
f 2434 2431 2438
f 2442 2434 2438
f 2435 2434 2442
f 2443 2435 2442
f 2442 2438 2441
f 2444 2442 2441
f 2442 2444 2044
f 2044 2443 2442
f 2045 2044 2444
f 2439 2348 2361
f 2445 2439 2361
f 2440 2446 2447
f 2447 2441 2440
f 2439 2445 2446
f 2446 2440 2439
f 2445 2361 2363
f 2448 2445 2363
f 2447 2446 2449
f 2450 2447 2449
f 2446 2445 2448
f 2449 2446 2448
f 2444 2441 2447
f 2451 2444 2447
f 2444 2451 2046
f 2046 2045 2444
f 2447 2450 2452
f 2452 2451 2447
f 2046 2451 2452
f 2048 2046 2452
f 2435 2443 2050
f 2050 2036 2435
f 2443 2044 2050
f 1962 2453 2454
f 2454 1963 1962
f 1962 1964 2455
f 2453 1962 2455
f 2453 2456 2454
f 2455 2457 2456
f 2456 2453 2455
f 2458 2456 2457
f 1964 1967 2459
f 2455 1964 2459
f 1968 2460 2459
f 2459 1967 1968
f 2455 2459 2461
f 2457 2455 2461
f 2460 2462 2461
f 2461 2459 2460
f 2457 2463 2464
f 2464 2458 2457
f 2463 2465 2464
f 2457 2461 2466
f 2463 2457 2466
f 2462 2467 2466
f 2466 2461 2462
f 2466 2468 2469
f 2465 2463 2466
f 2469 2465 2466
f 2466 2467 2470
f 2468 2466 2470
f 2468 2471 2472
f 2472 2469 2468
f 2468 2470 2473
f 2471 2468 2473
f 2471 2474 2472
f 2473 2475 2476
f 2474 2471 2473
f 2476 2474 2473
f 2477 2478 2479
f 2475 2480 2478
f 2478 2476 2475
f 2479 2478 2480
f 2477 2479 2481
f 2482 2477 2481
f 2480 2483 2481
f 2481 2479 2480
f 2481 2484 2485
f 2485 2482 2481
f 2481 2483 2486
f 2484 2481 2486
f 2484 2487 2485
f 2487 2484 2486
f 2486 2488 2487
f 2489 2490 2491
f 2489 2491 2492
f 2493 2489 2492
f 2492 2494 2495
f 2495 2493 2492
f 2496 2497 2498
f 2495 2494 2499
f 2497 2495 2499
f 2498 2497 2499
f 2500 2501 2502
f 2500 2502 2503
f 2504 2500 2503
f 2496 2498 2505
f 2501 2496 2505
f 2502 2501 2505
f 2499 2506 2505
f 2505 2498 2499
f 2502 2505 2507
f 2503 2502 2507
f 2505 2506 2508
f 2507 2505 2508
f 2048 2509 2049
f 2509 2510 2061
f 2061 2049 2509
f 2511 2061 2510
f 2061 2511 2512
f 2512 2062 2061
f 2511 2510 2513
f 2514 2511 2513
f 2511 2514 2515
f 2515 2512 2511
f 2062 2512 2516
f 2516 2065 2062
f 2065 2516 2517
f 2517 2066 2065
f 2512 2515 2518
f 2518 2516 2512
f 2516 2518 2519
f 2519 2517 2516
f 2513 2520 2514
f 2520 2521 2522
f 2515 2514 2520
f 2522 2515 2520
f 2521 2523 2524
f 2524 2522 2521
f 2515 2522 2525
f 2525 2518 2515
f 2518 2525 2526
f 2526 2519 2518
f 2525 2522 2524
f 2527 2525 2524
f 2526 2525 2527
f 2528 2526 2527
f 2529 2530 2531
f 2531 2532 2533
f 2533 2529 2531
f 2534 2535 2536
f 2535 2534 2537
f 2524 2523 2535
f 2537 2524 2535
f 2536 2538 2539
f 2539 2534 2536
f 2537 2534 2539
f 2540 2537 2539
f 2527 2524 2537
f 2541 2527 2537
f 2528 2527 2541
f 2542 2528 2541
f 2541 2537 2540
f 2543 2541 2540
f 2542 2541 2543
f 2544 2542 2543
f 2530 2529 2545
f 2539 2538 2530
f 2545 2539 2530
f 2540 2539 2545
f 2546 2540 2545
f 2545 2529 2533
f 2547 2545 2533
f 2546 2545 2547
f 2548 2546 2547
f 2540 2546 2549
f 2549 2543 2540
f 2544 2543 2549
f 2550 2544 2549
f 2546 2548 2551
f 2551 2549 2546
f 2549 2551 2552
f 2552 2550 2549
f 2532 2553 2554
f 2554 2533 2532
f 2553 2555 2556
f 2556 2554 2553
f 2556 2555 2557
f 2558 2556 2557
f 2558 2557 2559
f 2560 2558 2559
f 2547 2533 2554
f 2561 2547 2554
f 2548 2547 2561
f 2562 2548 2561
f 2561 2554 2556
f 2563 2561 2556
f 2561 2563 2564
f 2564 2562 2561
f 2548 2562 2565
f 2565 2551 2548
f 2551 2565 2566
f 2566 2552 2551
f 2565 2562 2564
f 2567 2565 2564
f 2566 2565 2567
f 2568 2566 2567
f 2556 2558 2569
f 2569 2563 2556
f 2563 2569 2570
f 2570 2564 2563
f 2558 2560 2571
f 2571 2569 2558
f 2569 2571 2572
f 2572 2570 2569
f 2567 2564 2570
f 2573 2567 2570
f 2568 2567 2573
f 2574 2568 2573
f 2573 2570 2572
f 2575 2573 2572
f 2574 2573 2575
f 2576 2574 2575
f 2559 2577 2560
f 2577 2578 2579
f 2571 2560 2577
f 2579 2571 2577
f 2571 2579 2580
f 2580 2572 2571
f 2579 2578 2581
f 2582 2579 2581
f 2579 2582 2583
f 2583 2580 2579
f 2572 2580 2584
f 2584 2575 2572
f 2575 2584 2585
f 2585 2576 2575
f 2580 2583 2586
f 2586 2584 2580
f 2585 2584 2586
f 2587 2585 2586
f 2582 2581 2588
f 2589 2582 2588
f 2583 2582 2589
f 2590 2583 2589
f 2588 2591 2592
f 2592 2589 2588
f 2590 2589 2592
f 2593 2590 2592
f 2586 2583 2590
f 2594 2586 2590
f 2587 2586 2594
f 2595 2587 2594
f 2594 2590 2593
f 2596 2594 2593
f 2594 2596 2597
f 2597 2595 2594
f 2327 2598 2599
f 2599 2328 2327
f 2598 2600 2601
f 2601 2599 2598
f 2333 2602 2603
f 2603 2334 2333
f 2333 2335 2604
f 2602 2333 2604
f 2602 2605 2603
f 2604 2606 2605
f 2605 2602 2604
f 2607 2605 2606
f 2338 2608 2609
f 2609 2339 2338
f 2328 2599 2608
f 2608 2338 2328
f 2335 2339 2609
f 2604 2335 2609
f 2608 2610 2611
f 2611 2609 2608
f 2599 2601 2610
f 2610 2608 2599
f 2609 2611 2606
f 2606 2604 2609
f 2600 2612 2613
f 2613 2601 2600
f 2612 2614 2615
f 2615 2613 2612
f 2606 2616 2617
f 2617 2607 2606
f 2616 2618 2619
f 2619 2617 2616
f 2610 2620 2621
f 2621 2611 2610
f 2601 2613 2620
f 2620 2610 2601
f 2611 2621 2616
f 2616 2606 2611
f 2620 2622 2623
f 2623 2621 2620
f 2613 2615 2622
f 2622 2620 2613
f 2621 2623 2618
f 2618 2616 2621
f 2357 2624 2358
f 2624 2625 2626
f 2359 2358 2624
f 2626 2359 2624
f 2626 2625 2627
f 2628 2626 2627
f 2363 2362 2629
f 2630 2363 2629
f 2630 2629 2631
f 2632 2630 2631
f 2367 2366 2633
f 2634 2367 2633
f 2366 2359 2626
f 2633 2366 2626
f 2362 2367 2634
f 2629 2362 2634
f 2634 2633 2635
f 2636 2634 2635
f 2633 2626 2628
f 2635 2633 2628
f 2629 2634 2636
f 2631 2629 2636
f 2628 2627 2637
f 2638 2628 2637
f 2638 2637 2639
f 2640 2638 2639
f 2632 2631 2641
f 2642 2632 2641
f 2641 2643 2642
f 2636 2635 2644
f 2645 2636 2644
f 2635 2628 2638
f 2644 2635 2638
f 2631 2636 2645
f 2641 2631 2645
f 2645 2644 2646
f 2647 2645 2646
f 2644 2638 2640
f 2646 2644 2640
f 2645 2647 2643
f 2643 2641 2645
f 2648 2643 2647
f 2334 2603 2624
f 2624 2357 2334
f 2649 2624 2603
f 2625 2624 2649
f 2605 2650 2651
f 2649 2603 2605
f 2651 2649 2605
f 2650 2605 2607
f 2625 2649 2651
f 2627 2625 2651
f 2651 2650 2652
f 2653 2651 2652
f 2607 2617 2652
f 2652 2650 2607
f 2627 2651 2653
f 2637 2627 2653
f 2653 2652 2654
f 2655 2653 2654
f 2617 2619 2654
f 2654 2652 2617
f 2637 2653 2655
f 2639 2637 2655
f 2614 2656 2615
f 2618 2657 2658
f 2658 2619 2618
f 2658 2657 2659
f 2660 2658 2659
f 2622 2661 2662
f 2662 2623 2622
f 2656 2663 2661
f 2622 2615 2656
f 2661 2622 2656
f 2623 2662 2657
f 2657 2618 2623
f 2662 2661 2664
f 2665 2662 2664
f 2661 2663 2666
f 2664 2661 2666
f 2657 2662 2665
f 2659 2657 2665
f 2667 2668 2669
f 2660 2659 2670
f 2671 2660 2670
f 2670 2672 2673
f 2673 2671 2670
f 2665 2664 2674
f 2675 2665 2674
f 2666 2676 2674
f 2674 2664 2666
f 2659 2665 2675
f 2670 2659 2675
f 2675 2674 2677
f 2678 2675 2677
f 2668 2667 2677
f 2674 2676 2668
f 2677 2674 2668
f 2670 2675 2678
f 2672 2670 2678
f 2640 2639 2679
f 2680 2640 2679
f 2680 2679 2681
f 2682 2680 2681
f 2647 2646 2683
f 2684 2647 2683
f 2646 2640 2680
f 2683 2646 2680
f 2647 2684 2685
f 2685 2648 2647
f 2683 2686 2687
f 2687 2684 2683
f 2680 2682 2686
f 2686 2683 2680
f 2685 2684 2687
f 2688 2685 2687
f 2681 2689 2690
f 2690 2682 2681
f 2689 2691 2692
f 2692 2690 2689
f 2693 2694 2695
f 2695 2696 2697
f 2697 2693 2695
f 2686 2698 2699
f 2699 2687 2686
f 2682 2690 2698
f 2698 2686 2682
f 2687 2699 2694
f 2694 2688 2687
f 2695 2694 2699
f 2699 2698 2700
f 2701 2699 2700
f 2698 2690 2692
f 2700 2698 2692
f 2699 2701 2696
f 2696 2695 2699
f 2655 2654 2702
f 2703 2655 2702
f 2619 2658 2702
f 2702 2654 2619
f 2655 2703 2679
f 2679 2639 2655
f 2703 2702 2704
f 2705 2703 2704
f 2658 2660 2704
f 2704 2702 2658
f 2703 2705 2681
f 2681 2679 2703
f 2705 2704 2706
f 2707 2705 2706
f 2704 2660 2671
f 2706 2704 2671
f 2681 2705 2707
f 2689 2681 2707
f 2706 2708 2709
f 2709 2707 2706
f 2706 2671 2673
f 2708 2706 2673
f 2689 2707 2709
f 2691 2689 2709
f 2408 2710 2711
f 2711 2409 2408
f 2327 2410 2712
f 2598 2327 2712
f 2409 2711 2712
f 2712 2410 2409
f 2710 2713 2714
f 2714 2711 2710
f 2598 2712 2715
f 2600 2598 2715
f 2711 2714 2715
f 2715 2712 2711
f 2408 2413 2716
f 2710 2408 2716
f 2413 2414 2717
f 2716 2413 2717
f 2710 2716 2718
f 2713 2710 2718
f 2716 2717 2719
f 2718 2716 2719
f 2713 2720 2721
f 2721 2714 2713
f 2600 2715 2722
f 2612 2600 2722
f 2714 2721 2722
f 2722 2715 2714
f 2720 2723 2724
f 2724 2721 2720
f 2612 2722 2725
f 2614 2612 2725
f 2721 2724 2725
f 2725 2722 2721
f 2713 2718 2726
f 2720 2713 2726
f 2718 2719 2727
f 2726 2718 2727
f 2720 2726 2728
f 2723 2720 2728
f 2726 2727 2729
f 2728 2726 2729
f 1963 2454 2717
f 2717 2414 1963
f 2456 2730 2719
f 2717 2454 2456
f 2719 2717 2456
f 2730 2456 2458
f 2719 2730 2731
f 2727 2719 2731
f 2458 2464 2731
f 2731 2730 2458
f 2727 2731 2732
f 2729 2727 2732
f 2465 2733 2732
f 2464 2465 2732
f 2732 2731 2464
f 2733 2465 2469
f 2723 2734 2724
f 2725 2735 2656
f 2656 2614 2725
f 2736 2656 2735
f 2734 2737 2735
f 2725 2724 2734
f 2735 2725 2734
f 2735 2738 2739
f 2739 2736 2735
f 2735 2737 2740
f 2738 2735 2740
f 2728 2741 2734
f 2734 2723 2728
f 2742 2734 2741
f 2728 2729 2743
f 2741 2728 2743
f 2737 2734 2742
f 2741 2744 2745
f 2745 2742 2741
f 2743 2746 2744
f 2744 2741 2743
f 2742 2745 2740
f 2740 2737 2742
f 2663 2656 2736
f 2736 2739 2666
f 2666 2663 2736
f 2747 2748 2749
f 2739 2738 2750
f 2751 2739 2750
f 2748 2747 2750
f 2738 2740 2748
f 2750 2738 2748
f 2747 2749 2752
f 2753 2747 2752
f 2750 2754 2668
f 2668 2751 2750
f 2669 2668 2754
f 2750 2747 2753
f 2754 2750 2753
f 2744 2755 2748
f 2748 2745 2744
f 2749 2748 2755
f 2746 2756 2755
f 2755 2744 2746
f 2745 2748 2740
f 2755 2757 2752
f 2752 2749 2755
f 2756 2758 2757
f 2757 2755 2756
f 2666 2739 2751
f 2676 2666 2751
f 2751 2668 2676
f 2729 2732 2759
f 2743 2729 2759
f 2732 2733 2760
f 2759 2732 2760
f 2759 2761 2746
f 2746 2743 2759
f 2759 2760 2762
f 2761 2759 2762
f 2469 2472 2760
f 2760 2733 2469
f 2474 2763 2760
f 2760 2472 2474
f 2762 2760 2763
f 2763 2474 2476
f 2761 2764 2756
f 2756 2746 2761
f 2762 2765 2764
f 2764 2761 2762
f 2764 2766 2758
f 2758 2756 2764
f 2765 2767 2766
f 2766 2764 2765
f 2478 2477 2762
f 2762 2763 2478
f 2765 2762 2477
f 2476 2478 2763
f 2765 2477 2482
f 2767 2765 2482
f 2363 2630 2768
f 2768 2448 2363
f 2450 2449 2769
f 2770 2450 2769
f 2449 2448 2768
f 2769 2449 2768
f 2630 2632 2771
f 2771 2768 2630
f 2770 2769 2772
f 2773 2770 2772
f 2769 2768 2771
f 2772 2769 2771
f 2450 2770 2774
f 2774 2452 2450
f 2452 2774 2509
f 2509 2048 2452
f 2775 2509 2774
f 2770 2773 2776
f 2776 2774 2770
f 2774 2776 2777
f 2777 2775 2774
f 2632 2642 2778
f 2778 2771 2632
f 2773 2772 2779
f 2780 2773 2779
f 2772 2771 2778
f 2779 2772 2778
f 2643 2781 2782
f 2778 2642 2643
f 2782 2778 2643
f 2779 2783 2784
f 2784 2780 2779
f 2778 2782 2783
f 2783 2779 2778
f 2781 2643 2648
f 2773 2780 2785
f 2785 2776 2773
f 2776 2785 2786
f 2786 2777 2776
f 2785 2780 2784
f 2787 2785 2784
f 2786 2785 2787
f 2788 2786 2787
f 2510 2509 2775
f 2510 2775 2777
f 2513 2510 2777
f 2777 2786 2520
f 2520 2513 2777
f 2789 2520 2786
f 2521 2520 2789
f 2789 2786 2788
f 2790 2789 2788
f 2789 2790 2523
f 2523 2521 2789
f 2782 2781 2791
f 2792 2782 2791
f 2783 2793 2794
f 2794 2784 2783
f 2782 2792 2793
f 2793 2783 2782
f 2791 2795 2796
f 2796 2792 2791
f 2793 2797 2798
f 2798 2794 2793
f 2792 2796 2797
f 2797 2793 2792
f 2781 2648 2685
f 2791 2781 2685
f 2685 2688 2795
f 2795 2791 2685
f 2787 2784 2794
f 2799 2787 2794
f 2788 2787 2799
f 2800 2788 2799
f 2799 2794 2798
f 2801 2799 2798
f 2800 2799 2801
f 2802 2800 2801
f 2694 2693 2803
f 2796 2795 2694
f 2803 2796 2694
f 2797 2804 2805
f 2805 2798 2797
f 2796 2803 2804
f 2804 2797 2796
f 2803 2693 2697
f 2806 2803 2697
f 2805 2804 2807
f 2808 2805 2807
f 2803 2806 2807
f 2807 2804 2803
f 2688 2694 2795
f 2801 2798 2805
f 2809 2801 2805
f 2801 2809 2531
f 2530 2802 2801
f 2531 2530 2801
f 2809 2805 2808
f 2810 2809 2808
f 2809 2810 2532
f 2532 2531 2809
f 2788 2800 2536
f 2535 2790 2788
f 2536 2535 2788
f 2790 2535 2523
f 2800 2802 2538
f 2538 2536 2800
f 2802 2530 2538
f 2667 2669 2811
f 2812 2667 2811
f 2811 2813 2814
f 2814 2812 2811
f 2672 2815 2816
f 2816 2673 2672
f 2816 2815 2817
f 2818 2816 2817
f 2678 2677 2819
f 2820 2678 2819
f 2677 2667 2812
f 2819 2677 2812
f 2672 2678 2820
f 2815 2672 2820
f 2820 2819 2821
f 2822 2820 2821
f 2812 2814 2821
f 2821 2819 2812
f 2820 2822 2817
f 2817 2815 2820
f 2813 2823 2814
f 2818 2817 2824
f 2825 2818 2824
f 2824 2826 2827
f 2827 2825 2824
f 2821 2828 2829
f 2829 2822 2821
f 2823 2830 2828
f 2821 2814 2823
f 2828 2821 2823
f 2822 2829 2824
f 2824 2817 2822
f 2828 2831 2832
f 2832 2829 2828
f 2828 2830 2833
f 2831 2828 2833
f 2829 2832 2826
f 2826 2824 2829
f 2691 2834 2835
f 2835 2692 2691
f 2834 2836 2837
f 2837 2835 2834
f 2696 2838 2839
f 2839 2697 2696
f 2839 2838 2840
f 2841 2839 2840
f 2701 2700 2842
f 2843 2701 2842
f 2700 2692 2835
f 2842 2700 2835
f 2701 2843 2838
f 2838 2696 2701
f 2843 2842 2844
f 2845 2843 2844
f 2842 2835 2837
f 2844 2842 2837
f 2843 2845 2840
f 2840 2838 2843
f 2836 2846 2847
f 2847 2837 2836
f 2847 2846 2848
f 2849 2847 2848
f 2841 2840 2850
f 2851 2841 2850
f 2850 2852 2853
f 2853 2851 2850
f 2844 2854 2855
f 2855 2845 2844
f 2837 2847 2854
f 2854 2844 2837
f 2840 2845 2855
f 2850 2840 2855
f 2854 2856 2857
f 2857 2855 2854
f 2854 2847 2849
f 2856 2854 2849
f 2850 2855 2857
f 2852 2850 2857
f 2708 2858 2859
f 2859 2709 2708
f 2708 2673 2816
f 2858 2708 2816
f 2691 2709 2859
f 2834 2691 2859
f 2858 2860 2861
f 2861 2859 2858
f 2858 2816 2818
f 2860 2858 2818
f 2834 2859 2861
f 2836 2834 2861
f 2861 2860 2862
f 2863 2861 2862
f 2818 2825 2862
f 2862 2860 2818
f 2861 2863 2846
f 2846 2836 2861
f 2863 2862 2864
f 2865 2863 2864
f 2825 2827 2864
f 2864 2862 2825
f 2863 2865 2848
f 2848 2846 2863
f 2866 2867 2868
f 2826 2869 2870
f 2870 2827 2826
f 2870 2869 2871
f 2872 2870 2871
f 2831 2873 2874
f 2874 2832 2831
f 2833 2875 2873
f 2873 2831 2833
f 2826 2832 2874
f 2869 2826 2874
f 2873 2876 2877
f 2877 2874 2873
f 2867 2866 2876
f 2873 2875 2867
f 2876 2873 2867
f 2869 2874 2877
f 2871 2869 2877
f 2868 2878 2866
f 2871 2879 2880
f 2880 2872 2871
f 2880 2879 2881
f 2882 2880 2881
f 2877 2876 2883
f 2884 2877 2883
f 2878 2885 2883
f 2876 2866 2878
f 2883 2876 2878
f 2871 2877 2884
f 2879 2871 2884
f 2884 2883 2886
f 2887 2884 2886
f 2883 2885 2888
f 2886 2883 2888
f 2884 2887 2881
f 2881 2879 2884
f 2849 2848 2889
f 2890 2849 2889
f 2890 2889 2891
f 2892 2890 2891
f 2852 2893 2894
f 2894 2853 2852
f 2893 2895 2896
f 2896 2894 2893
f 2856 2897 2898
f 2898 2857 2856
f 2849 2890 2897
f 2897 2856 2849
f 2852 2857 2898
f 2893 2852 2898
f 2897 2899 2900
f 2900 2898 2897
f 2890 2892 2899
f 2899 2897 2890
f 2893 2898 2900
f 2895 2893 2900
f 2891 2901 2902
f 2902 2892 2891
f 2901 2903 2904
f 2904 2902 2901
f 2896 2895 2905
f 2906 2896 2905
f 2906 2905 2907
f 2908 2906 2907
f 2900 2899 2909
f 2910 2900 2909
f 2899 2892 2902
f 2909 2899 2902
f 2895 2900 2910
f 2905 2895 2910
f 2910 2909 2911
f 2912 2910 2911
f 2909 2902 2904
f 2911 2909 2904
f 2905 2910 2912
f 2907 2905 2912
f 2865 2864 2913
f 2914 2865 2913
f 2827 2870 2913
f 2913 2864 2827
f 2865 2914 2889
f 2889 2848 2865
f 2913 2915 2916
f 2916 2914 2913
f 2870 2872 2915
f 2915 2913 2870
f 2914 2916 2891
f 2891 2889 2914
f 2915 2917 2918
f 2918 2916 2915
f 2915 2872 2880
f 2917 2915 2880
f 2916 2918 2901
f 2901 2891 2916
f 2917 2919 2920
f 2920 2918 2917
f 2917 2880 2882
f 2919 2917 2882
f 2901 2918 2920
f 2903 2901 2920
f 2752 2921 2753
f 2754 2922 2811
f 2811 2669 2754
f 2921 2923 2922
f 2754 2753 2921
f 2922 2754 2921
f 2811 2922 2924
f 2813 2811 2924
f 2922 2923 2925
f 2924 2922 2925
f 2757 2926 2921
f 2921 2752 2757
f 2927 2921 2926
f 2757 2758 2928
f 2926 2757 2928
f 2923 2921 2927
f 2926 2929 2930
f 2930 2927 2926
f 2926 2928 2931
f 2929 2926 2931
f 2927 2930 2925
f 2925 2923 2927
f 2924 2932 2823
f 2823 2813 2924
f 2933 2823 2932
f 2925 2934 2932
f 2932 2924 2925
f 2935 2936 2937
f 2932 2938 2939
f 2939 2933 2932
f 2936 2935 2932
f 2932 2934 2936
f 2938 2932 2935
f 2930 2929 2940
f 2941 2930 2940
f 2931 2942 2940
f 2940 2929 2931
f 2925 2930 2941
f 2934 2925 2941
f 2940 2943 2936
f 2936 2941 2940
f 2937 2936 2943
f 2942 2944 2943
f 2943 2940 2942
f 2941 2936 2934
f 2830 2823 2933
f 2933 2939 2833
f 2833 2830 2933
f 2758 2766 2945
f 2928 2758 2945
f 2766 2767 2946
f 2945 2766 2946
f 2928 2945 2947
f 2931 2928 2947
f 2945 2946 2948
f 2947 2945 2948
f 2482 2485 2946
f 2946 2767 2482
f 2485 2487 2949
f 2485 2949 2948
f 2948 2946 2485
f 2488 2950 2949
f 2949 2487 2488
f 2947 2951 2942
f 2942 2931 2947
f 2947 2948 2952
f 2951 2947 2952
f 2951 2953 2944
f 2944 2942 2951
f 2951 2952 2954
f 2953 2951 2954
f 2949 2955 2952
f 2952 2948 2949
f 2490 2489 2949
f 2949 2950 2490
f 2955 2949 2489
f 2952 2955 2956
f 2954 2952 2956
f 2955 2489 2493
f 2956 2955 2493
f 2935 2937 2957
f 2958 2935 2957
f 2939 2938 2959
f 2960 2939 2959
f 2938 2935 2958
f 2959 2938 2958
f 2958 2957 2961
f 2962 2958 2961
f 2959 2963 2867
f 2867 2960 2959
f 2868 2867 2963
f 2959 2958 2962
f 2963 2959 2962
f 2943 2964 2957
f 2957 2937 2943
f 2944 2965 2964
f 2964 2943 2944
f 2964 2966 2961
f 2961 2957 2964
f 2965 2967 2966
f 2966 2964 2965
f 2833 2939 2960
f 2875 2833 2960
f 2960 2867 2875
f 2961 2968 2969
f 2969 2962 2961
f 2963 2970 2878
f 2878 2868 2963
f 2971 2878 2970
f 2962 2969 2970
f 2970 2963 2962
f 2968 2972 2973
f 2973 2969 2968
f 2970 2974 2975
f 2975 2971 2970
f 2969 2973 2974
f 2974 2970 2969
f 2961 2966 2976
f 2968 2961 2976
f 2966 2967 2977
f 2976 2966 2977
f 2968 2976 2978
f 2972 2968 2978
f 2976 2977 2979
f 2978 2976 2979
f 2885 2878 2971
f 2971 2975 2888
f 2888 2885 2971
f 2953 2980 2965
f 2965 2944 2953
f 2954 2981 2980
f 2980 2953 2954
f 2980 2982 2967
f 2967 2965 2980
f 2981 2983 2982
f 2982 2980 2981
f 2954 2956 2984
f 2981 2954 2984
f 2956 2493 2495
f 2984 2956 2495
f 2497 2496 2981
f 2981 2984 2497
f 2983 2981 2496
f 2495 2497 2984
f 2982 2985 2977
f 2977 2967 2982
f 2501 2500 2982
f 2982 2983 2501
f 2985 2982 2500
f 2985 2986 2979
f 2979 2977 2985
f 2985 2500 2504
f 2986 2985 2504
f 2496 2501 2983
f 2806 2697 2839
f 2987 2806 2839
f 2807 2988 2989
f 2989 2808 2807
f 2806 2987 2988
f 2988 2807 2806
f 2987 2839 2841
f 2990 2987 2841
f 2988 2991 2992
f 2992 2989 2988
f 2987 2990 2991
f 2991 2988 2987
f 2810 2808 2989
f 2993 2810 2989
f 2810 2993 2553
f 2553 2532 2810
f 2993 2989 2992
f 2994 2993 2992
f 2993 2994 2555
f 2555 2553 2993
f 2841 2851 2995
f 2995 2990 2841
f 2992 2991 2996
f 2997 2992 2996
f 2991 2990 2995
f 2996 2991 2995
f 2851 2853 2998
f 2998 2995 2851
f 2997 2996 2999
f 3000 2997 2999
f 2996 2995 2998
f 2999 2996 2998
f 2992 2997 3001
f 3001 2994 2992
f 2555 2994 3001
f 2557 2555 3001
f 2997 3000 3002
f 3002 3001 2997
f 2557 3001 3002
f 2559 2557 3002
f 2853 2894 3003
f 3003 2998 2853
f 3000 2999 3004
f 3005 3000 3004
f 2999 2998 3003
f 3004 2999 3003
f 2894 2896 3006
f 3006 3003 2894
f 3005 3004 3007
f 3008 3005 3007
f 3004 3003 3006
f 3007 3004 3006
f 3000 3005 3009
f 3009 3002 3000
f 3002 3009 2577
f 2577 2559 3002
f 3010 2577 3009
f 3005 3008 3011
f 3011 3009 3005
f 3009 3011 3012
f 3012 3010 3009
f 2896 2906 3013
f 3013 3006 2896
f 3007 3014 3015
f 3015 3008 3007
f 3006 3013 3014
f 3014 3007 3006
f 2906 2908 3016
f 3016 3013 2906
f 3014 3017 3018
f 3018 3015 3014
f 3013 3016 3017
f 3017 3014 3013
f 3011 3008 3015
f 3019 3011 3015
f 3012 3011 3019
f 3020 3012 3019
f 3019 3015 3018
f 3021 3019 3018
f 3020 3019 3021
f 3022 3020 3021
f 2578 2577 3010
f 2578 3010 3012
f 2581 2578 3012
f 2581 3012 3020
f 2588 2581 3020
f 3020 3022 2591
f 2591 2588 3020
f 2504 2503 3023
f 3024 2504 3023
f 3025 3026 3027
f 3023 3028 3026
f 3026 3024 3023
f 3027 3026 3028
f 2507 3029 3023
f 3023 2503 2507
f 2507 2508 3030
f 3029 2507 3030
f 3029 3031 3028
f 3028 3023 3029
f 3029 3030 3032
f 3031 3029 3032
f 3027 3033 3034
f 3034 3025 3027
f 3028 3035 3033
f 3033 3027 3028
f 3034 3033 3036
f 3037 3034 3036
f 3035 3038 3036
f 3036 3033 3035
f 3031 3039 3035
f 3035 3028 3031
f 3031 3032 3040
f 3039 3031 3040
f 3039 3041 3038
f 3038 3035 3039
f 3040 3042 3041
f 3041 3039 3040
f 3036 3043 3044
f 3044 3037 3036
f 3036 3038 3045
f 3043 3036 3045
f 3043 3046 3047
f 3047 3044 3043
f 3043 3045 3048
f 3046 3043 3048
f 3038 3041 3049
f 3045 3038 3049
f 3041 3042 3050
f 3049 3041 3050
f 3045 3049 3051
f 3048 3045 3051
f 3049 3050 3052
f 3051 3049 3052
f 3046 3053 3054
f 3054 3047 3046
f 3048 3055 3053
f 3053 3046 3048
f 3053 3056 3057
f 3057 3054 3053
f 3053 3055 3058
f 3056 3053 3058
f 3051 3059 3055
f 3055 3048 3051
f 3052 3060 3059
f 3059 3051 3052
f 3055 3059 3061
f 3058 3055 3061
f 3060 3062 3061
f 3061 3059 3060
f 3056 3063 3057
f 3058 3064 3063
f 3063 3056 3058
f 3065 3063 3064
f 3064 3066 3067
f 3067 3065 3064
f 3058 3061 3068
f 3064 3058 3068
f 3062 3069 3068
f 3068 3061 3062
f 3064 3068 3070
f 3066 3064 3070
f 3068 3069 3071
f 3070 3068 3071
f 3066 3072 3067
f 3070 3073 3074
f 3072 3066 3070
f 3074 3072 3070
f 3070 3071 3075
f 3073 3070 3075
f 3074 3073 3076
f 3077 3074 3076
f 3075 3078 3076
f 3076 3073 3075
f 3077 3076 3079
f 3080 3077 3079
f 3076 3078 3081
f 3079 3076 3081
f 3079 3082 3080
f 3082 3079 3081
f 3081 3083 3082
f 3084 3085 3086
f 3086 3087 3088
f 3088 3084 3086
f 3088 3087 3089
f 3090 3088 3089
f 2591 3091 3092
f 3092 2592 2591
f 2593 2592 3092
f 3093 2593 3092
f 3085 3084 3094
f 3091 3085 3094
f 3094 3092 3091
f 3093 3092 3094
f 3095 3093 3094
f 2596 2593 3093
f 3096 2596 3093
f 2597 2596 3096
f 3097 2597 3096
f 3096 3093 3095
f 3098 3096 3095
f 3096 3098 3099
f 3099 3097 3096
f 3094 3084 3088
f 3100 3094 3088
f 3095 3094 3100
f 3101 3095 3100
f 3088 3090 3102
f 3102 3100 3088
f 3100 3102 3103
f 3103 3101 3100
f 3098 3095 3101
f 3104 3098 3101
f 3098 3104 3105
f 3105 3099 3098
f 3101 3103 3106
f 3106 3104 3101
f 3104 3106 3107
f 3107 3105 3104
f 3089 3108 3090
f 3108 3109 3110
f 3102 3090 3108
f 3110 3102 3108
f 3102 3110 3111
f 3111 3103 3102
f 3110 3109 3112
f 3113 3110 3112
f 3110 3113 3114
f 3114 3111 3110
f 3103 3111 3115
f 3115 3106 3103
f 3107 3106 3115
f 3116 3107 3115
f 3111 3114 3117
f 3117 3115 3111
f 3116 3115 3117
f 3118 3116 3117
f 3113 3112 3119
f 3120 3113 3119
f 3113 3120 3121
f 3121 3114 3113
f 3119 3122 3120
f 3122 3123 3124
f 3121 3120 3122
f 3124 3121 3122
f 3114 3121 3125
f 3125 3117 3114
f 3118 3117 3125
f 3126 3118 3125
f 3121 3124 3127
f 3127 3125 3121
f 3126 3125 3127
f 3128 3126 3127
f 3124 3123 3129
f 3130 3124 3129
f 3130 3129 3131
f 3132 3130 3131
f 3124 3130 3133
f 3133 3127 3124
f 3128 3127 3133
f 3134 3128 3133
f 3130 3132 3135
f 3135 3133 3130
f 3133 3135 3136
f 3137 3134 3133
f 3136 3137 3133
f 3131 3138 3139
f 3139 3132 3131
f 3138 3140 3139
f 3132 3139 3141
f 3141 3135 3132
f 3135 3141 3142
f 3142 3136 3135
f 3140 3143 3141
f 3139 3140 3141
f 3141 3143 3142
f 2882 2881 3144
f 3145 2882 3144
f 3145 3144 3146
f 3147 3145 3146
f 2886 3148 3149
f 3149 2887 2886
f 2886 2888 3150
f 3148 2886 3150
f 2887 3149 3144
f 3144 2881 2887
f 3148 3151 3152
f 3152 3149 3148
f 3148 3150 3153
f 3151 3148 3153
f 3149 3152 3146
f 3146 3144 3149
f 3147 3146 3154
f 3155 3147 3154
f 3155 3154 3156
f 3157 3155 3156
f 3152 3151 3158
f 3159 3152 3158
f 3153 3160 3158
f 3158 3151 3153
f 3146 3152 3159
f 3154 3146 3159
f 3159 3158 3161
f 3162 3159 3161
f 3160 3163 3161
f 3161 3158 3160
f 3154 3159 3162
f 3156 3154 3162
f 2903 3164 3165
f 3165 2904 2903
f 3164 3166 3167
f 3167 3165 3164
f 2907 3168 2908
f 2912 2911 3169
f 3170 2912 3169
f 2911 2904 3165
f 3169 2911 3165
f 2912 3170 3168
f 3168 2907 2912
f 3171 3168 3170
f 3170 3169 3172
f 3173 3170 3172
f 3165 3167 3172
f 3172 3169 3165
f 3170 3173 3174
f 3174 3171 3170
f 3166 3175 3176
f 3176 3167 3166
f 3175 3177 3178
f 3178 3176 3175
f 3173 3172 3179
f 3180 3173 3179
f 3172 3167 3176
f 3179 3172 3176
f 3174 3173 3180
f 3181 3174 3180
f 3179 3182 3183
f 3183 3180 3179
f 3179 3176 3178
f 3182 3179 3178
f 3180 3183 3184
f 3184 3181 3180
f 2919 3185 3186
f 3186 2920 2919
f 2882 3145 3185
f 3185 2919 2882
f 2903 2920 3186
f 3164 2903 3186
f 3185 3187 3188
f 3188 3186 3185
f 3145 3147 3187
f 3187 3185 3145
f 3164 3186 3188
f 3166 3164 3188
f 3187 3189 3190
f 3190 3188 3187
f 3187 3147 3155
f 3189 3187 3155
f 3166 3188 3190
f 3175 3166 3190
f 3189 3191 3192
f 3192 3190 3189
f 3189 3155 3157
f 3191 3189 3157
f 3190 3192 3177
f 3177 3175 3190
f 3193 3194 3195
f 3157 3156 3196
f 3197 3157 3196
f 3197 3196 3198
f 3199 3197 3198
f 3162 3161 3200
f 3201 3162 3200
f 3163 3202 3200
f 3200 3161 3163
f 3156 3162 3201
f 3196 3156 3201
f 3201 3200 3203
f 3204 3201 3203
f 3194 3193 3203
f 3200 3202 3194
f 3203 3200 3194
f 3196 3201 3204
f 3198 3196 3204
f 3193 3195 3205
f 3206 3193 3205
f 3205 3207 3208
f 3208 3206 3205
f 3198 3209 3210
f 3210 3199 3198
f 3209 3211 3212
f 3212 3210 3209
f 3204 3203 3213
f 3214 3204 3213
f 3203 3193 3206
f 3213 3203 3206
f 3198 3204 3214
f 3209 3198 3214
f 3213 3215 3216
f 3216 3214 3213
f 3213 3206 3208
f 3215 3213 3208
f 3214 3216 3211
f 3211 3209 3214
f 3178 3177 3217
f 3218 3178 3217
f 3218 3217 3219
f 3220 3218 3219
f 3221 3222 3223
f 3182 3224 3225
f 3225 3183 3182
f 3178 3218 3224
f 3224 3182 3178
f 3184 3183 3225
f 3226 3184 3225
f 3224 3227 3228
f 3228 3225 3224
f 3218 3220 3227
f 3227 3224 3218
f 3225 3228 3222
f 3222 3226 3225
f 3223 3222 3228
f 3220 3219 3229
f 3230 3220 3229
f 3230 3229 3231
f 3232 3230 3231
f 3223 3233 3234
f 3234 3221 3223
f 3233 3235 3236
f 3236 3234 3233
f 3228 3227 3237
f 3238 3228 3237
f 3220 3230 3237
f 3237 3227 3220
f 3228 3238 3233
f 3233 3223 3228
f 3238 3237 3239
f 3240 3238 3239
f 3237 3230 3232
f 3239 3237 3232
f 3233 3238 3240
f 3235 3233 3240
f 3191 3241 3242
f 3242 3192 3191
f 3191 3157 3197
f 3241 3191 3197
f 3192 3242 3217
f 3217 3177 3192
f 3241 3243 3244
f 3244 3242 3241
f 3241 3197 3199
f 3243 3241 3199
f 3242 3244 3219
f 3219 3217 3242
f 3243 3245 3246
f 3246 3244 3243
f 3243 3199 3210
f 3245 3243 3210
f 3244 3246 3229
f 3229 3219 3244
f 3246 3245 3247
f 3248 3246 3247
f 3245 3210 3212
f 3247 3245 3212
f 3229 3246 3248
f 3231 3229 3248
f 2972 3249 3250
f 3250 2973 2972
f 2974 3251 3252
f 3252 2975 2974
f 2973 3250 3251
f 3251 2974 2973
f 3249 3253 3254
f 3254 3250 3249
f 3251 3255 3256
f 3256 3252 3251
f 3251 3250 3254
f 3255 3251 3254
f 2972 2978 3257
f 3249 2972 3257
f 2978 2979 3258
f 3257 2978 3258
f 3257 3259 3253
f 3253 3249 3257
f 3258 3260 3259
f 3259 3257 3258
f 2975 3252 3150
f 3150 2888 2975
f 3252 3256 3153
f 3153 3150 3252
f 3254 3253 3261
f 3262 3254 3261
f 3256 3255 3263
f 3264 3256 3263
f 3255 3254 3262
f 3263 3255 3262
f 3261 3265 3266
f 3266 3262 3261
f 3264 3263 3267
f 3268 3264 3267
f 3262 3266 3267
f 3267 3263 3262
f 3259 3269 3261
f 3261 3253 3259
f 3260 3270 3269
f 3269 3259 3260
f 3261 3269 3271
f 3265 3261 3271
f 3269 3270 3272
f 3271 3269 3272
f 3256 3264 3160
f 3160 3153 3256
f 3160 3264 3268
f 3163 3160 3268
f 2986 3273 3258
f 3258 2979 2986
f 2986 2504 3024
f 3273 2986 3024
f 3026 3025 3260
f 3258 3273 3026
f 3260 3258 3026
f 3024 3026 3273
f 3260 3025 3034
f 3270 3260 3034
f 3270 3034 3037
f 3272 3270 3037
f 3265 3274 3266
f 3268 3267 3275
f 3276 3268 3275
f 3274 3277 3267
f 3267 3266 3274
f 3275 3267 3277
f 3275 3278 3194
f 3194 3276 3275
f 3195 3194 3278
f 3277 3279 3278
f 3278 3275 3277
f 3280 3274 3265
f 3265 3271 3280
f 3281 3274 3280
f 3271 3272 3282
f 3280 3271 3282
f 3277 3274 3281
f 3280 3283 3284
f 3284 3281 3280
f 3280 3282 3285
f 3283 3280 3285
f 3281 3284 3279
f 3279 3277 3281
f 3163 3268 3276
f 3202 3163 3276
f 3276 3194 3202
f 3278 3286 3205
f 3205 3195 3278
f 3279 3287 3286
f 3286 3278 3279
f 3286 3288 3207
f 3207 3205 3286
f 3287 3289 3288
f 3288 3286 3287
f 3284 3283 3290
f 3291 3284 3290
f 3283 3285 3292
f 3290 3283 3292
f 3279 3284 3291
f 3287 3279 3291
f 3291 3290 3293
f 3294 3291 3293
f 3290 3292 3295
f 3293 3290 3295
f 3287 3291 3294
f 3289 3287 3294
f 3037 3044 3282
f 3282 3272 3037
f 3044 3047 3285
f 3285 3282 3044
f 3047 3054 3292
f 3292 3285 3047
f 3054 3057 3295
f 3295 3292 3054
f 3168 3296 3297
f 3016 2908 3168
f 3297 3016 3168
f 3017 3298 3299
f 3299 3018 3017
f 3016 3297 3298
f 3298 3017 3016
f 3296 3300 3301
f 3301 3297 3296
f 3298 3302 3303
f 3303 3299 3298
f 3297 3301 3302
f 3302 3298 3297
f 3296 3168 3171
f 3296 3171 3174
f 3300 3296 3174
f 3021 3018 3299
f 3304 3021 3299
f 3022 3021 3304
f 3305 3022 3304
f 3304 3299 3303
f 3306 3304 3303
f 3305 3304 3306
f 3085 3305 3306
f 3086 3085 3306
f 3300 3307 3308
f 3308 3301 3300
f 3303 3302 3309
f 3310 3303 3309
f 3302 3301 3308
f 3309 3302 3308
f 3308 3307 3311
f 3312 3308 3311
f 3310 3309 3313
f 3314 3310 3313
f 3309 3308 3312
f 3313 3309 3312
f 3300 3174 3181
f 3307 3300 3181
f 3307 3181 3184
f 3311 3307 3184
f 3306 3303 3310
f 3315 3306 3310
f 3306 3315 3087
f 3087 3086 3306
f 3310 3314 3316
f 3316 3315 3310
f 3087 3315 3316
f 3089 3087 3316
f 3022 3305 3091
f 3091 2591 3022
f 3305 3085 3091
f 3311 3317 3318
f 3318 3312 3311
f 3314 3313 3319
f 3320 3314 3319
f 3313 3312 3318
f 3319 3313 3318
f 3222 3221 3321
f 3318 3317 3222
f 3321 3318 3222
f 3319 3322 3323
f 3323 3320 3319
f 3318 3321 3322
f 3322 3319 3318
f 3184 3226 3317
f 3317 3311 3184
f 3226 3222 3317
f 3314 3320 3324
f 3324 3316 3314
f 3089 3316 3324
f 3108 3089 3324
f 3325 3108 3324
f 3320 3323 3326
f 3326 3324 3320
f 3324 3326 3327
f 3327 3325 3324
f 3321 3221 3234
f 3328 3321 3234
f 3323 3322 3329
f 3330 3323 3329
f 3322 3321 3328
f 3329 3322 3328
f 3234 3236 3331
f 3331 3328 3234
f 3330 3329 3332
f 3333 3330 3332
f 3329 3328 3331
f 3332 3329 3331
f 3323 3330 3334
f 3334 3326 3323
f 3326 3334 3335
f 3335 3327 3326
f 3330 3333 3336
f 3336 3334 3330
f 3334 3336 3337
f 3337 3335 3334
f 3109 3108 3325
f 3109 3325 3327
f 3112 3109 3327
f 3112 3327 3335
f 3119 3112 3335
f 3335 3337 3122
f 3122 3119 3335
f 3338 3122 3337
f 3123 3122 3338
f 3207 3339 3340
f 3340 3208 3207
f 3339 3341 3342
f 3342 3340 3339
f 3212 3211 3343
f 3344 3212 3343
f 3344 3343 3345
f 3346 3344 3345
f 3215 3347 3348
f 3348 3216 3215
f 3208 3340 3347
f 3347 3215 3208
f 3216 3348 3343
f 3343 3211 3216
f 3348 3347 3349
f 3350 3348 3349
f 3340 3342 3349
f 3349 3347 3340
f 3348 3350 3345
f 3345 3343 3348
f 3341 3351 3342
f 3346 3345 3352
f 3353 3346 3352
f 3353 3352 3354
f 3355 3353 3354
f 3349 3356 3357
f 3357 3350 3349
f 3351 3358 3349
f 3349 3342 3351
f 3356 3349 3358
f 3350 3357 3352
f 3352 3345 3350
f 3356 3359 3360
f 3360 3357 3356
f 3358 3361 3359
f 3359 3356 3358
f 3352 3357 3360
f 3354 3352 3360
f 3232 3231 3362
f 3363 3232 3362
f 3362 3364 3365
f 3365 3363 3362
f 3235 3366 3236
f 3240 3239 3367
f 3368 3240 3367
f 3239 3232 3363
f 3367 3239 3363
f 3240 3368 3366
f 3366 3235 3240
f 3369 3366 3368
f 3368 3367 3370
f 3371 3368 3370
f 3367 3363 3365
f 3370 3367 3365
f 3368 3371 3372
f 3372 3369 3368
f 3364 3373 3374
f 3374 3365 3364
f 3373 3375 3376
f 3376 3374 3373
f 3370 3377 3378
f 3378 3371 3370
f 3365 3374 3377
f 3377 3370 3365
f 3372 3371 3378
f 3379 3372 3378
f 3377 3380 3381
f 3381 3378 3377
f 3377 3374 3376
f 3380 3377 3376
f 3379 3378 3381
f 3382 3379 3381
f 3248 3247 3383
f 3384 3248 3383
f 3247 3212 3344
f 3383 3247 3344
f 3248 3384 3362
f 3362 3231 3248
f 3384 3383 3385
f 3386 3384 3385
f 3344 3346 3385
f 3385 3383 3344
f 3384 3386 3364
f 3364 3362 3384
f 3386 3385 3387
f 3388 3386 3387
f 3346 3353 3387
f 3387 3385 3346
f 3386 3388 3373
f 3373 3364 3386
f 3388 3387 3389
f 3390 3388 3389
f 3353 3355 3389
f 3389 3387 3353
f 3373 3388 3390
f 3375 3373 3390
f 3355 3354 3391
f 3392 3355 3391
f 3392 3391 3393
f 3394 3392 3393
f 3359 3395 3396
f 3396 3360 3359
f 3359 3361 3397
f 3395 3359 3397
f 3360 3396 3391
f 3391 3354 3360
f 3395 3398 3399
f 3399 3396 3395
f 3395 3397 3400
f 3398 3395 3400
f 3396 3399 3393
f 3393 3391 3396
f 3393 3401 3402
f 3402 3394 3393
f 3401 3403 3402
f 3398 3404 3399
f 3400 3405 3406
f 3404 3398 3400
f 3406 3404 3400
f 3404 3407 3393
f 3393 3399 3404
f 3401 3393 3407
f 3407 3404 3406
f 3405 3408 3406
f 3403 3401 3407
f 3407 3409 3403
f 3406 3408 3410
f 3406 3410 3411
f 3411 3407 3406
f 3411 3409 3407
f 3375 3412 3413
f 3413 3376 3375
f 3412 3414 3415
f 3415 3413 3412
f 3416 3417 3418
f 3418 3419 3420
f 3420 3416 3418
f 3380 3421 3422
f 3422 3381 3380
f 3376 3413 3421
f 3421 3380 3376
f 3381 3422 3418
f 3417 3382 3381
f 3418 3417 3381
f 3422 3421 3423
f 3424 3422 3423
f 3421 3413 3415
f 3423 3421 3415
f 3422 3424 3419
f 3419 3418 3422
f 3415 3414 3425
f 3426 3415 3425
f 3425 3427 3426
f 3420 3419 3428
f 3429 3420 3428
f 3428 3430 3429
f 3424 3423 3431
f 3432 3424 3431
f 3423 3415 3426
f 3431 3423 3426
f 3419 3424 3432
f 3428 3419 3432
f 3431 3433 3432
f 3426 3427 3434
f 3426 3434 3435
f 3433 3431 3426
f 3435 3433 3426
f 3433 3436 3437
f 3432 3433 3430
f 3430 3428 3432
f 3437 3430 3433
f 3436 3433 3435
f 3390 3389 3438
f 3439 3390 3438
f 3355 3392 3438
f 3438 3389 3355
f 3390 3439 3412
f 3412 3375 3390
f 3439 3438 3440
f 3441 3439 3440
f 3392 3394 3440
f 3440 3438 3392
f 3439 3441 3414
f 3414 3412 3439
f 3440 3442 3443
f 3443 3441 3440
f 3394 3402 3442
f 3442 3440 3394
f 3414 3441 3443
f 3425 3414 3443
f 3442 3444 3443
f 3403 3445 3442
f 3442 3402 3403
f 3442 3445 3446
f 3446 3444 3442
f 3443 3444 3447
f 3425 3443 3447
f 3425 3447 3448
f 3448 3427 3425
f 3447 3444 3446
f 3409 3449 3445
f 3445 3403 3409
f 3449 3409 3411
f 3434 3427 3448
f 3450 3451 3452
f 3207 3288 3453
f 3339 3207 3453
f 3451 3450 3453
f 3288 3289 3451
f 3453 3288 3451
f 3450 3452 3454
f 3455 3450 3454
f 3339 3453 3456
f 3341 3339 3456
f 3453 3450 3455
f 3456 3453 3455
f 3293 3457 3451
f 3451 3294 3293
f 3452 3451 3457
f 3295 3458 3457
f 3457 3293 3295
f 3294 3451 3289
f 3452 3457 3459
f 3454 3452 3459
f 3458 3460 3459
f 3459 3457 3458
f 3454 3461 3462
f 3462 3455 3454
f 3456 3463 3351
f 3351 3341 3456
f 3464 3351 3463
f 3455 3462 3463
f 3463 3456 3455
f 3461 3465 3462
f 3464 3463 3466
f 3467 3464 3466
f 3465 3468 3466
f 3463 3462 3465
f 3466 3463 3465
f 3454 3459 3469
f 3461 3454 3469
f 3459 3460 3470
f 3469 3459 3470
f 3469 3471 3465
f 3465 3461 3469
f 3472 3465 3471
f 3469 3470 3473
f 3471 3469 3473
f 3468 3465 3472
f 3358 3351 3464
f 3358 3464 3467
f 3361 3358 3467
f 3063 3474 3458
f 3295 3057 3063
f 3458 3295 3063
f 3474 3063 3065
f 3458 3474 3475
f 3460 3458 3475
f 3065 3067 3475
f 3475 3474 3065
f 3460 3475 3476
f 3470 3460 3476
f 3067 3072 3477
f 3067 3477 3476
f 3476 3475 3067
f 3470 3476 3478
f 3473 3470 3478
f 3476 3477 3479
f 3478 3476 3479
f 3477 3072 3074
f 3477 3074 3077
f 3479 3477 3077
f 3466 3480 3481
f 3481 3467 3466
f 3466 3468 3482
f 3480 3466 3482
f 3480 3483 3484
f 3484 3481 3480
f 3480 3482 3485
f 3483 3480 3485
f 3471 3486 3487
f 3487 3472 3471
f 3471 3473 3488
f 3486 3471 3488
f 3472 3487 3482
f 3482 3468 3472
f 3486 3489 3490
f 3490 3487 3486
f 3486 3488 3491
f 3489 3486 3491
f 3487 3490 3485
f 3485 3482 3487
f 3467 3481 3397
f 3397 3361 3467
f 3481 3484 3400
f 3400 3397 3481
f 3483 3492 3484
f 3485 3493 3494
f 3492 3483 3485
f 3494 3492 3485
f 3493 3495 3494
f 3489 3496 3490
f 3496 3489 3491
f 3491 3497 3496
f 3496 3498 3485
f 3485 3490 3496
f 3493 3485 3498
f 3497 3499 3498
f 3498 3496 3497
f 3495 3493 3498
f 3498 3500 3495
f 3498 3499 3501
f 3498 3501 3502
f 3502 3500 3498
f 3492 3503 3405
f 3400 3484 3492
f 3405 3400 3492
f 3503 3492 3494
f 3408 3405 3503
f 3503 3504 3408
f 3494 3495 3505
f 3503 3494 3505
f 3503 3505 3506
f 3506 3504 3503
f 3504 3507 3410
f 3410 3408 3504
f 3507 3504 3506
f 3500 3508 3505
f 3505 3495 3500
f 3508 3500 3502
f 3473 3478 3509
f 3488 3473 3509
f 3479 3510 3509
f 3509 3478 3479
f 3488 3509 3511
f 3491 3488 3511
f 3509 3510 3512
f 3511 3509 3512
f 3479 3077 3080
f 3510 3479 3080
f 3082 3513 3512
f 3080 3082 3512
f 3512 3510 3080
f 3083 3514 3513
f 3513 3082 3083
f 3491 3511 3515
f 3491 3515 3516
f 3516 3497 3491
f 3511 3512 3517
f 3515 3511 3517
f 3499 3497 3516
f 3515 3518 3516
f 3518 3515 3517
f 3517 3519 3518
f 3518 3520 3501
f 3501 3516 3518
f 3501 3499 3516
f 3519 3521 3520
f 3520 3518 3519
f 3512 3513 3522
f 3517 3512 3522
f 3514 3523 3522
f 3522 3513 3514
f 3524 3519 3517
f 3522 3524 3517
f 3525 3524 3522
f 3523 3525 3522
f 3524 3526 3521
f 3521 3519 3524
f 3524 3525 3527
f 3526 3524 3527
f 3366 3528 3529
f 3331 3236 3366
f 3529 3331 3366
f 3332 3530 3333
f 3331 3529 3530
f 3530 3332 3331
f 3531 3530 3529
f 3529 3528 3532
f 3533 3529 3532
f 3529 3533 3534
f 3534 3531 3529
f 3528 3366 3369
f 3528 3369 3372
f 3532 3528 3372
f 3530 3535 3536
f 3336 3333 3530
f 3536 3336 3530
f 3535 3530 3531
f 3336 3536 3537
f 3537 3337 3336
f 3536 3535 3538
f 3539 3536 3538
f 3531 3534 3538
f 3538 3535 3531
f 3537 3536 3539
f 3540 3537 3539
f 3532 3541 3542
f 3542 3533 3532
f 3543 3544 3545
f 3534 3533 3542
f 3544 3534 3542
f 3545 3544 3542
f 3541 3546 3547
f 3547 3542 3541
f 3545 3548 3549
f 3549 3543 3545
f 3542 3547 3548
f 3548 3545 3542
f 3532 3372 3379
f 3541 3532 3379
f 3379 3382 3546
f 3546 3541 3379
f 3544 3543 3550
f 3550 3538 3544
f 3550 3539 3538
f 3534 3544 3538
f 3540 3539 3550
f 3551 3540 3550
f 3550 3543 3549
f 3552 3550 3549
f 3550 3552 3553
f 3553 3551 3550
f 3337 3537 3554
f 3554 3338 3337
f 3123 3338 3554
f 3129 3123 3554
f 3554 3537 3540
f 3555 3554 3540
f 3129 3554 3555
f 3131 3129 3555
f 3556 3137 3136
f 3555 3540 3551
f 3557 3555 3551
f 3555 3557 3138
f 3138 3131 3555
f 3551 3553 3558
f 3558 3557 3551
f 3557 3558 3140
f 3140 3138 3557
f 3559 3140 3558
f 3136 3142 3560
f 3560 3556 3136
f 3143 3140 3559
f 3561 3143 3559
f 3143 3561 3562
f 3142 3143 3562
f 3562 3560 3142
f 3417 3416 3547
f 3547 3546 3417
f 3563 3547 3416
f 3548 3564 3565
f 3565 3549 3548
f 3547 3563 3564
f 3564 3548 3547
f 3563 3416 3420
f 3566 3563 3420
f 3564 3567 3568
f 3568 3565 3564
f 3563 3566 3567
f 3567 3564 3563
f 3382 3417 3546
f 3552 3549 3565
f 3569 3552 3565
f 3552 3569 3570
f 3570 3553 3552
f 3569 3565 3568
f 3571 3569 3568
f 3569 3571 3572
f 3572 3570 3569
f 3420 3429 3573
f 3573 3566 3420
f 3568 3567 3574
f 3575 3568 3574
f 3567 3566 3573
f 3574 3567 3573
f 3430 3576 3573
f 3573 3429 3430
f 3577 3573 3576
f 3574 3578 3575
f 3573 3577 3579
f 3574 3573 3579
f 3579 3578 3574
f 3576 3430 3437
f 3568 3575 3580
f 3580 3571 3568
f 3571 3580 3581
f 3581 3572 3571
f 3578 3582 3580
f 3575 3578 3580
f 3582 3578 3579
f 3583 3582 3579
f 3582 3584 3581
f 3580 3582 3581
f 3584 3582 3583
f 3585 3584 3583
f 3553 3570 3586
f 3586 3558 3553
f 3558 3586 3587
f 3587 3559 3558
f 3570 3572 3588
f 3588 3586 3570
f 3586 3588 3589
f 3589 3587 3586
f 3561 3559 3587
f 3590 3561 3587
f 3562 3561 3590
f 3591 3562 3590
f 3590 3587 3589
f 3592 3590 3589
f 3591 3590 3592
f 3593 3591 3592
f 3572 3581 3594
f 3594 3588 3572
f 3588 3594 3595
f 3595 3589 3588
f 3584 3596 3594
f 3581 3584 3594
f 3596 3584 3585
f 3597 3596 3585
f 3596 3598 3595
f 3594 3596 3595
f 3598 3596 3597
f 3599 3598 3597
f 3592 3589 3595
f 3600 3592 3595
f 3593 3592 3600
f 3601 3593 3600
f 3602 3600 3595
f 3595 3598 3602
f 3598 3599 3603
f 3603 3602 3598
f 3604 3601 3600
f 3600 3602 3604
f 3602 3603 3605
f 3605 3604 3602
f 3410 3606 3411
f 3434 3607 3435
f 3436 3608 3437
f 3607 3609 3610
f 3436 3435 3607
f 3608 3436 3607
f 3610 3608 3607
f 3609 3611 3610
f 3445 3612 3446
f 3447 3613 3448
f 3613 3447 3446
f 3612 3614 3613
f 3446 3612 3613
f 3615 3612 3445
f 3449 3615 3445
f 3615 3449 3411
f 3616 3615 3411
f 3411 3606 3616
f 3615 3617 3614
f 3614 3612 3615
f 3616 3618 3619
f 3615 3616 3619
f 3619 3617 3615
f 3618 3620 3619
f 3607 3434 3613
f 3613 3621 3607
f 3448 3613 3434
f 3614 3622 3621
f 3621 3613 3614
f 3623 3621 3622
f 3607 3621 3624
f 3609 3607 3624
f 3624 3621 3623
f 3622 3625 3623
f 3626 3611 3609
f 3624 3626 3609
f 3627 3626 3624
f 3627 3624 3623
f 3623 3625 3627
f 3614 3617 3628
f 3622 3614 3628
f 3628 3617 3619
f 3629 3625 3622
f 3628 3629 3622
f 3629 3628 3619
f 3619 3630 3629
f 3619 3620 3630
f 3629 3631 3627
f 3627 3625 3629
f 3630 3632 3631
f 3631 3629 3630
f 3501 3633 3502
f 3505 3634 3506
f 3635 3606 3410
f 3507 3635 3410
f 3635 3507 3506
f 3634 3636 3635
f 3506 3634 3635
f 3637 3634 3505
f 3508 3637 3505
f 3637 3508 3502
f 3638 3637 3502
f 3502 3633 3638
f 3637 3639 3636
f 3636 3634 3637
f 3637 3638 3640
f 3637 3640 3641
f 3641 3639 3637
f 3640 3642 3641
f 3643 3633 3501
f 3520 3643 3501
f 3644 3643 3520
f 3521 3644 3520
f 3644 3521 3526
f 3526 3645 3644
f 3645 3526 3527
f 3527 3646 3645
f 3643 3647 3638
f 3638 3633 3643
f 3643 3644 3648
f 3643 3648 3649
f 3649 3647 3643
f 3638 3647 3650
f 3640 3638 3650
f 3650 3647 3649
f 3648 3651 3649
f 3652 3642 3640
f 3650 3652 3640
f 3652 3650 3649
f 3649 3653 3652
f 3649 3651 3653
f 3644 3645 3654
f 3648 3644 3654
f 3646 3655 3654
f 3654 3645 3646
f 3656 3651 3648
f 3654 3656 3648
f 3656 3654 3655
f 3655 3657 3656
f 3656 3658 3653
f 3653 3651 3656
f 3657 3659 3658
f 3658 3656 3657
f 3635 3660 3616
f 3616 3606 3635
f 3635 3636 3661
f 3635 3661 3662
f 3662 3660 3635
f 3616 3660 3663
f 3618 3616 3663
f 3663 3660 3662
f 3661 3664 3662
f 3665 3620 3618
f 3663 3665 3618
f 3666 3665 3663
f 3666 3663 3662
f 3662 3664 3666
f 3636 3639 3667
f 3661 3636 3667
f 3667 3639 3641
f 3668 3664 3661
f 3667 3668 3661
f 3668 3667 3641
f 3641 3669 3668
f 3641 3642 3669
f 3668 3670 3666
f 3666 3664 3668
f 3669 3671 3670
f 3670 3668 3669
f 3665 3672 3630
f 3630 3620 3665
f 3666 3673 3672
f 3672 3665 3666
f 3672 3674 3632
f 3632 3630 3672
f 3673 3675 3674
f 3674 3672 3673
f 3670 3676 3673
f 3673 3666 3670
f 3671 3677 3676
f 3676 3670 3671
f 3676 3678 3675
f 3675 3673 3676
f 3676 3677 3679
f 3678 3676 3679
f 3652 3680 3669
f 3669 3642 3652
f 3653 3681 3680
f 3680 3652 3653
f 3680 3682 3671
f 3671 3669 3680
f 3681 3683 3682
f 3682 3680 3681
f 3658 3684 3681
f 3681 3653 3658
f 3659 3685 3684
f 3684 3658 3659
f 3684 3686 3683
f 3683 3681 3684
f 3684 3685 3687
f 3686 3684 3687
f 3682 3688 3677
f 3677 3671 3682
f 3682 3683 3689
f 3688 3682 3689
f 3688 3690 3679
f 3679 3677 3688
f 3688 3689 3691
f 3690 3688 3691
f 3683 3686 3692
f 3689 3683 3692
f 3686 3687 3693
f 3692 3686 3693
f 3689 3692 3694
f 3691 3689 3694
f 3692 3693 3695
f 3694 3692 3695
f 3576 3696 3577
f 3696 3697 3579
f 3577 3696 3579
f 3608 3698 3576
f 3576 3437 3608
f 3696 3576 3698
f 3699 3696 3698
f 3698 3608 3610
f 3696 3699 3700
f 3700 3697 3696
f 3698 3701 3699
f 3702 3701 3698
f 3702 3698 3610
f 3610 3611 3702
f 3703 3700 3699
f 3699 3701 3703
f 3702 3704 3703
f 3703 3701 3702
f 3697 3705 3583
f 3579 3697 3583
f 3706 3585 3583
f 3583 3705 3706
f 3697 3700 3707
f 3707 3705 3697
f 3705 3707 3708
f 3708 3706 3705
f 3709 3707 3700
f 3700 3703 3709
f 3704 3710 3709
f 3709 3703 3704
f 3711 3708 3707
f 3707 3709 3711
f 3710 3712 3711
f 3711 3709 3710
f 3611 3626 3713
f 3702 3611 3713
f 3626 3627 3714
f 3713 3626 3714
f 3702 3713 3715
f 3704 3702 3715
f 3713 3714 3716
f 3715 3713 3716
f 3627 3631 3717
f 3714 3627 3717
f 3632 3718 3717
f 3717 3631 3632
f 3714 3717 3719
f 3716 3714 3719
f 3717 3718 3720
f 3719 3717 3720
f 3704 3715 3721
f 3710 3704 3721
f 3716 3722 3721
f 3721 3715 3716
f 3721 3723 3712
f 3712 3710 3721
f 3722 3724 3723
f 3723 3721 3722
f 3719 3725 3722
f 3722 3716 3719
f 3719 3720 3726
f 3725 3719 3726
f 3725 3727 3724
f 3724 3722 3725
f 3725 3726 3728
f 3727 3725 3728
f 3585 3706 3729
f 3597 3585 3729
f 3730 3597 3729
f 3597 3730 3731
f 3599 3597 3731
f 3731 3732 3599
f 3729 3733 3730
f 3730 3733 3731
f 3729 3706 3708
f 3734 3732 3731
f 3735 3733 3729
f 3735 3729 3708
f 3708 3711 3735
f 3711 3712 3736
f 3735 3711 3736
f 3737 3734 3731
f 3731 3735 3737
f 3731 3733 3735
f 3735 3736 3738
f 3737 3735 3738
f 3739 3603 3599
f 3599 3732 3739
f 3739 3740 3605
f 3603 3739 3605
f 3739 3732 3734
f 3739 3734 3741
f 3741 3742 3739
f 3743 3742 3741
f 3739 3742 3744
f 3740 3739 3744
f 3744 3742 3743
f 3744 3743 3745
f 3745 3746 3744
f 3734 3737 3741
f 3738 3747 3743
f 3737 3738 3743
f 3741 3737 3743
f 3743 3747 3745
f 3723 3748 3736
f 3736 3712 3723
f 3723 3724 3749
f 3748 3723 3749
f 3748 3750 3738
f 3738 3736 3748
f 3749 3751 3750
f 3750 3748 3749
f 3724 3727 3752
f 3749 3724 3752
f 3728 3753 3752
f 3752 3727 3728
f 3749 3752 3754
f 3751 3749 3754
f 3753 3755 3754
f 3754 3752 3753
f 3746 3745 3756
f 3756 3757 3746
f 3758 3757 3756
f 3759 3758 3756
f 3738 3750 3760
f 3747 3738 3760
f 3751 3761 3760
f 3760 3750 3751
f 3760 3756 3745
f 3745 3747 3760
f 3760 3761 3759
f 3756 3760 3759
f 3758 3759 3762
f 3762 3763 3758
f 3763 3762 3764
f 3764 3765 3763
f 3754 3766 3761
f 3761 3751 3754
f 3754 3755 3767
f 3766 3754 3767
f 3766 3762 3759
f 3759 3761 3766
f 3767 3764 3762
f 3762 3766 3767
f 3674 3768 3718
f 3718 3632 3674
f 3675 3769 3768
f 3768 3674 3675
f 3718 3768 3770
f 3720 3718 3770
f 3768 3769 3771
f 3770 3768 3771
f 3675 3678 3772
f 3769 3675 3772
f 3679 3773 3772
f 3772 3678 3679
f 3772 3774 3771
f 3771 3769 3772
f 3773 3775 3774
f 3774 3772 3773
f 3720 3770 3776
f 3726 3720 3776
f 3770 3771 3777
f 3776 3770 3777
f 3726 3776 3778
f 3728 3726 3778
f 3776 3777 3779
f 3778 3776 3779
f 3780 3781 3782
f 3774 3783 3777
f 3777 3771 3774
f 3775 3784 3783
f 3783 3774 3775
f 3783 3785 3779
f 3779 3777 3783
f 3783 3784 3780
f 3783 3780 3782
f 3782 3785 3783
f 3690 3786 3773
f 3773 3679 3690
f 3690 3691 3787
f 3786 3690 3787
f 3786 3788 3775
f 3775 3773 3786
f 3787 3789 3788
f 3788 3786 3787
f 3691 3694 3790
f 3787 3691 3790
f 3694 3695 3791
f 3790 3694 3791
f 3787 3790 3792
f 3789 3787 3792
f 3790 3791 3793
f 3792 3790 3793
f 3794 3795 3796
f 3797 3781 3780
f 3798 3797 3780
f 3797 3798 3796
f 3796 3799 3797
f 3796 3795 3799
f 3788 3800 3784
f 3784 3775 3788
f 3789 3794 3796
f 3796 3788 3789
f 3796 3800 3788
f 3784 3800 3798
f 3780 3784 3798
f 3798 3800 3796
f 3801 3795 3794
f 3802 3801 3794
f 3801 3802 3803
f 3803 3804 3801
f 3801 3805 3799
f 3799 3795 3801
f 3801 3804 3806
f 3805 3801 3806
f 3789 3792 3802
f 3794 3789 3802
f 3793 3803 3802
f 3802 3792 3793
f 3778 3807 3753
f 3753 3728 3778
f 3779 3808 3807
f 3807 3778 3779
f 3753 3807 3809
f 3755 3753 3809
f 3808 3810 3809
f 3809 3807 3808
f 3811 3812 3782
f 3782 3781 3811
f 3813 3814 3815
f 3816 3814 3813
f 3811 3816 3813
f 3812 3811 3813
f 3785 3817 3808
f 3808 3779 3785
f 3785 3782 3812
f 3812 3817 3785
f 3808 3817 3813
f 3808 3813 3815
f 3815 3810 3808
f 3813 3817 3812
f 3818 3819 3820
f 3821 3765 3764
f 3822 3821 3764
f 3823 3821 3822
f 3823 3822 3820
f 3820 3819 3823
f 3755 3809 3824
f 3767 3755 3824
f 3810 3818 3820
f 3820 3809 3810
f 3820 3824 3809
f 3767 3824 3822
f 3764 3767 3822
f 3822 3824 3820
f 3825 3819 3818
f 3825 3818 3815
f 3815 3814 3825
f 3816 3826 3825
f 3825 3814 3816
f 3825 3827 3823
f 3823 3819 3825
f 3826 3828 3827
f 3827 3825 3826
f 3818 3810 3815
f 3797 3829 3811
f 3811 3781 3797
f 3799 3830 3829
f 3829 3797 3799
f 3829 3831 3816
f 3816 3811 3829
f 3830 3832 3831
f 3831 3829 3830
f 3805 3833 3830
f 3830 3799 3805
f 3806 3834 3833
f 3833 3805 3806
f 3833 3835 3832
f 3832 3830 3833
f 3834 3836 3835
f 3835 3833 3834
f 3831 3837 3826
f 3826 3816 3831
f 3832 3838 3837
f 3837 3831 3832
f 3837 3839 3828
f 3828 3826 3837
f 3838 3840 3839
f 3839 3837 3838
f 3835 3841 3838
f 3838 3832 3835
f 3835 3836 3842
f 3841 3835 3842
f 3841 3843 3840
f 3840 3838 3841
f 3841 3842 3844
f 3843 3841 3844
f 13 12 3845
f 3845 3846 13
f 3847 3846 3845
f 3848 3847 3845
f 3845 12 15
f 3849 3845 15
f 3845 3849 3850
f 3850 3848 3845
f 3851 3847 3848
f 3850 3852 3851
f 3851 3848 3850
f 3853 3852 3850
f 3854 3852 3853
f 3855 172 173
f 3856 3855 173
f 3855 3856 3857
f 3857 3858 3855
f 3855 3858 3859
f 3855 3859 174
f 174 172 3855
f 3860 174 3859
f 3858 3857 3861
f 3862 3858 3861
f 3859 3858 3862
f 3863 3859 3862
f 3864 3863 3862
f 3859 3863 3865
f 3865 3860 3859
f 3866 3867 3863
f 3863 3864 3866
f 3868 3863 3867
f 3869 3868 3867
f 3863 3868 3870
f 3870 3865 3863
f 3871 3872 3873
f 222 223 3873
f 3873 3874 222
f 3873 3872 3874
f 3875 3872 3871
f 3874 3872 3875
f 3876 3874 3875
f 3877 3876 3875
f 3873 227 226
f 3873 226 3878
f 3878 3871 3873
f 223 227 3873
f 3875 3871 3878
f 3875 3878 3879
f 3879 3880 3875
f 3875 3880 3877
f 3874 3876 3856
f 3874 3856 173
f 173 222 3874
f 3876 3877 3881
f 3881 3882 3876
f 3882 3881 3883
f 3883 3884 3882
f 3885 3880 3879
f 3886 3885 3879
f 3880 3885 3881
f 3877 3880 3881
f 3887 3885 3886
f 3888 3887 3886
f 3885 3887 3883
f 3881 3885 3883
f 3889 3857 3856
f 3882 3884 3889
f 3856 3882 3889
f 3856 3876 3882
f 3846 3878 226
f 226 13 3846
f 3846 3847 3879
f 3878 3846 3879
f 3847 3851 3886
f 3886 3879 3847
f 3890 3886 3851
f 3886 3890 3891
f 3891 3888 3886
f 3851 3852 3890
f 3852 3854 3892
f 3891 3890 3852
f 3892 3891 3852
f 3884 3883 3893
f 3893 3894 3884
f 3895 3894 3893
f 3896 3887 3888
f 3883 3887 3896
f 3883 3896 3897
f 3897 3893 3883
f 3895 3893 3897
f 3898 3895 3897
f 3899 3898 3897
f 3884 3894 3900
f 3900 3889 3884
f 3900 3861 3857
f 3857 3889 3900
f 3900 3894 3895
f 3900 3895 3901
f 3901 3902 3900
f 3902 3903 3862
f 3902 3862 3861
f 3861 3900 3902
f 3895 3898 3901
f 3904 3898 3899
f 3905 3902 3901
f 3902 3905 3906
f 3906 3903 3902
f 3907 3906 3905
f 3906 3907 3908
f 3908 3909 3906
f 3898 3904 3910
f 3901 3898 3910
f 3905 3901 3910
f 3910 3911 3905
f 3905 3911 3907
f 3912 3911 3910
f 3907 3911 3912
f 3907 3912 3913
f 3913 3908 3907
f 3896 3888 3891
f 3914 3896 3891
f 3915 3914 3891
f 3896 3914 3897
f 3916 3914 3915
f 3914 3916 3917
f 3897 3914 3917
f 3917 3899 3897
f 3891 3892 3918
f 3918 3915 3891
f 3916 3915 3918
f 3919 3916 3918
f 3917 3916 3919
f 3920 3917 3919
f 3904 3899 3917
f 3921 3904 3917
f 3917 3920 3922
f 3922 3921 3917
f 3910 3904 3921
f 3923 3910 3921
f 3912 3910 3923
f 3924 3912 3923
f 3913 3912 3924
f 3925 3913 3924
f 3923 3921 3922
f 3926 3923 3922
f 3923 3926 3927
f 3927 3924 3923
f 3925 3924 3927
f 3928 3925 3927
f 3862 3903 3864
f 3906 3866 3864
f 3864 3903 3906
f 3929 3867 3906
f 3906 3909 3929
f 3866 3906 3867
f 3867 3929 3869
f 174 3860 3930
f 3930 233 174
f 233 3930 3931
f 3931 234 233
f 3865 3870 3932
f 3865 3932 3930
f 3930 3860 3865
f 3933 3930 3932
f 3930 3933 3934
f 3931 3930 3934
f 3935 3931 3934
f 3936 3868 3869
f 3937 3938 3870
f 3868 3936 3937
f 3870 3868 3937
f 3939 3870 3938
f 3940 3939 3938
f 3941 3939 3940
f 3942 3909 3908
f 3942 3908 3913
f 3943 3942 3913
f 3913 3925 3944
f 3944 3943 3913
f 3925 3928 3945
f 3945 3944 3925
f 3929 3909 3942
f 3929 3942 3946
f 3946 3947 3929
f 3948 3936 3929
f 3929 3947 3948
f 3869 3929 3936
f 3949 3947 3946
f 3948 3947 3949
f 3948 3949 3950
f 3950 3951 3948
f 3946 3942 3943
f 3952 3946 3943
f 3946 3952 3953
f 3953 3949 3946
f 3950 3949 3953
f 3954 3950 3953
f 3936 3948 3937
f 3955 3938 3937
f 3948 3951 3955
f 3937 3948 3955
f 3938 3955 3940
f 3956 3951 3950
f 3956 3950 3954
f 3957 3956 3954
f 3955 3951 3956
f 3958 3955 3956
f 3955 3958 3959
f 3960 3940 3955
f 3960 3941 3940
f 3959 3960 3955
f 3961 3960 3959
f 3956 3957 3962
f 3962 3958 3956
f 3963 3962 3957
f 3958 3962 3959
f 3964 3962 3963
f 3959 3962 3964
f 3961 3959 3964
f 3965 3961 3964
f 3952 3943 3944
f 3966 3952 3944
f 3952 3966 3967
f 3967 3953 3952
f 3953 3967 3968
f 3968 3954 3953
f 3966 3944 3945
f 3969 3966 3945
f 3966 3969 3970
f 3970 3967 3966
f 3968 3967 3970
f 3971 3968 3970
f 3954 3968 3972
f 3972 3957 3954
f 3972 3968 3971
f 3973 3972 3971
f 3957 3972 3974
f 3974 3963 3957
f 3963 3974 3975
f 3975 3964 3963
f 3965 3964 3975
f 3976 3965 3975
f 3974 3972 3973
f 3977 3974 3973
f 3975 3974 3977
f 3978 3975 3977
f 3975 3978 3979
f 3979 3976 3975
f 3870 3939 3980
f 3980 3932 3870
f 3932 3980 3981
f 3981 3933 3932
f 3982 3983 3980
f 3939 3941 3982
f 3980 3939 3982
f 3984 3980 3983
f 3980 3984 3985
f 3981 3980 3985
f 3981 3985 3986
f 3986 3987 3981
f 3933 3981 3988
f 3988 3934 3933
f 3934 3988 3989
f 3989 3935 3934
f 3981 3987 3990
f 3990 3988 3981
f 3988 3990 3991
f 3991 3989 3988
f 3992 3987 3986
f 3987 3992 3993
f 3990 3987 3993
f 3994 3990 3993
f 3991 3990 3994
f 3995 3991 3994
f 3960 3996 3982
f 3941 3960 3982
f 3982 3996 3983
f 3996 3960 3961
f 3996 3961 3997
f 3997 3998 3996
f 3999 3984 3983
f 3996 3998 3999
f 3983 3996 3999
f 3961 3965 4000
f 4000 3997 3961
f 3999 4001 3985
f 3984 3999 3985
f 3985 4001 3986
f 4000 3965 3976
f 4002 4000 3976
f 4002 3976 3979
f 4003 4002 3979
f 4004 3998 3997
f 3999 3998 4004
f 4005 3999 4004
f 3997 4000 4006
f 4006 4004 3997
f 4005 4004 4006
f 4007 4005 4006
f 4008 4007 4006
f 4009 4007 4008
f 4001 3999 4005
f 4001 4005 4010
f 4010 4011 4001
f 4012 3992 3986
f 4001 4011 4012
f 3986 4001 4012
f 4013 4011 4010
f 4012 4011 4013
f 4014 4012 4013
f 4005 4007 4010
f 4007 4009 4015
f 4015 4010 4007
f 4015 4013 4010
f 4014 4013 4015
f 4014 4015 4016
f 4016 4017 4014
f 4018 4017 4016
f 4006 4000 4002
f 4019 4006 4002
f 4006 4019 4020
f 4020 4008 4006
f 4008 4020 4021
f 4021 4009 4008
f 4019 4002 4003
f 4022 4019 4003
f 4020 4019 4022
f 4023 4020 4022
f 4021 4020 4023
f 4024 4021 4023
f 4015 4009 4021
f 4025 4015 4021
f 4015 4025 4026
f 4026 4016 4015
f 4021 4024 4027
f 4027 4025 4021
f 4026 4025 4027
f 4028 4026 4027
f 4016 4026 4029
f 4029 4018 4016
f 4029 4026 4028
f 4030 4029 4028
f 4012 4031 3993
f 3992 4012 3993
f 4031 4032 3994
f 3993 4031 3994
f 4031 4012 4014
f 4031 4014 4033
f 4033 4034 4031
f 4031 4034 4035
f 4035 4032 4031
f 4014 4017 4033
f 4036 4037 3995
f 4036 3995 4032
f 4032 4035 4036
f 3994 4032 3995
f 4038 4034 4033
f 4035 4034 4038
f 4039 4035 4038
f 4017 4018 4040
f 4040 4033 4017
f 4040 4038 4033
f 4039 4038 4040
f 4039 4040 4041
f 4041 4042 4039
f 4043 4042 4041
f 4036 4035 4039
f 4044 4036 4039
f 4037 4036 4044
f 4045 4037 4044
f 4046 4044 4039
f 4039 4042 4046
f 4047 4045 4044
f 4044 4046 4047
f 4042 4043 4048
f 4048 4046 4042
f 4046 4048 4049
f 4049 4047 4046
f 4040 4018 4029
f 4050 4040 4029
f 4051 4050 4029
f 4040 4050 4041
f 4052 4050 4051
f 4050 4052 4053
f 4041 4050 4053
f 4053 4043 4041
f 4029 4030 4054
f 4054 4051 4029
f 4051 4054 4055
f 4055 4052 4051
f 4053 4052 4055
f 4056 4053 4055
f 4048 4043 4053
f 4057 4048 4053
f 4049 4048 4057
f 4058 4049 4057
f 4057 4053 4056
f 4059 4057 4056
f 4057 4059 4060
f 4061 4058 4057
f 4060 4061 4057
f 4062 4061 4060
f 3849 15 257
f 4063 3849 257
f 3849 4063 4064
f 4064 3850 3849
f 257 259 4065
f 4065 4063 257
f 4064 4063 4065
f 4066 4064 4065
f 3850 4064 4067
f 4067 3853 3850
f 3854 3853 4067
f 4068 3854 4067
f 4067 4064 4066
f 4069 4067 4066
f 4067 4069 4070
f 4070 4068 4067
f 4065 259 267
f 4071 4065 267
f 4066 4065 4071
f 4072 4066 4071
f 267 269 4073
f 4073 4071 267
f 4072 4071 4073
f 4074 4072 4073
f 4069 4066 4072
f 4075 4069 4072
f 4069 4075 4076
f 4076 4070 4069
f 4072 4074 4077
f 4077 4075 4072
f 4078 4077 4074
f 4075 4077 4076
f 269 283 4079
f 4079 4073 269
f 4073 4079 4080
f 4080 4074 4073
f 283 285 4081
f 4081 4079 283
f 4079 4081 4082
f 4082 4080 4079
f 4074 4080 4083
f 4083 4078 4074
f 4084 4083 4080
f 4085 4083 4084
f 4080 4082 4086
f 4086 4084 4080
f 4085 4084 4086
f 4087 4085 4086
f 285 291 4088
f 4088 4081 285
f 4081 4088 4089
f 4089 4082 4081
f 291 293 4090
f 4090 4088 291
f 4088 4090 4091
f 4091 4089 4088
f 4082 4089 4092
f 4092 4086 4082
f 4087 4086 4092
f 4093 4087 4092
f 4089 4091 4094
f 4094 4092 4089
f 4093 4092 4094
f 4095 4093 4094
f 293 307 4096
f 4096 4090 293
f 4090 4096 4097
f 4097 4091 4090
f 307 309 4098
f 4098 4096 307
f 4097 4096 4098
f 4099 4097 4098
f 4091 4097 4100
f 4100 4094 4091
f 4094 4100 4101
f 4101 4095 4094
f 4102 4101 4100
f 4100 4097 4099
f 4103 4100 4099
f 4102 4100 4103
f 4104 4102 4103
f 4098 309 315
f 4105 4098 315
f 4099 4098 4105
f 4106 4099 4105
f 4105 315 317
f 4107 4105 317
f 4106 4105 4107
f 4108 4106 4107
f 4103 4099 4106
f 4109 4103 4106
f 4103 4109 4110
f 4110 4104 4103
f 4111 4110 4109
f 4109 4106 4108
f 4112 4109 4108
f 4109 4112 4113
f 4113 4111 4109
f 4114 4101 4102
f 4102 4104 4115
f 4115 4114 4102
f 4104 4110 4115
f 4107 317 331
f 4116 4107 331
f 4108 4107 4116
f 4117 4108 4116
f 4116 331 333
f 4118 4116 333
f 4117 4116 4118
f 4119 4117 4118
f 4112 4108 4117
f 4120 4112 4117
f 4112 4120 4121
f 4121 4113 4112
f 4120 4117 4119
f 4122 4120 4119
f 4120 4122 4123
f 4123 4121 4120
f 4118 333 339
f 4124 4118 339
f 4119 4118 4124
f 4125 4119 4124
f 339 341 4126
f 4126 4124 339
f 4124 4126 4127
f 4127 4125 4124
f 4122 4119 4125
f 4128 4122 4125
f 4122 4128 4129
f 4129 4123 4122
f 4125 4127 4130
f 4130 4128 4125
f 4129 4128 4130
f 4131 4129 4130
f 3892 3854 4068
f 4132 3892 4068
f 4068 4070 4133
f 4133 4132 4068
f 4070 4076 4134
f 4134 4133 4070
f 4135 4077 4078
f 4077 4135 4136
f 4134 4076 4077
f 4136 4134 4077
f 3892 4132 4137
f 4137 3918 3892
f 3918 4137 4138
f 4138 3919 3918
f 3920 3919 4138
f 4139 3920 4138
f 4137 4132 4133
f 4140 4137 4133
f 4137 4140 4141
f 4141 4138 4137
f 4138 4141 4142
f 4142 4139 4138
f 3920 4139 4143
f 4143 3922 3920
f 4139 4142 4144
f 4144 4143 4139
f 3922 4143 4145
f 4145 3926 3922
f 3926 4145 4146
f 4146 3927 3926
f 3927 4146 4147
f 4147 3928 3927
f 4143 4144 4148
f 4148 4145 4143
f 4145 4148 4149
f 4149 4146 4145
f 4147 4146 4149
f 4150 4147 4149
f 4140 4133 4134
f 4151 4140 4134
f 4140 4151 4152
f 4152 4141 4140
f 4141 4152 4153
f 4153 4142 4141
f 4151 4134 4136
f 4154 4151 4136
f 4151 4154 4155
f 4155 4152 4151
f 4152 4155 4156
f 4156 4153 4152
f 4142 4153 4157
f 4157 4144 4142
f 4157 4153 4156
f 4158 4157 4156
f 4144 4157 4159
f 4159 4148 4144
f 4148 4159 4160
f 4160 4149 4148
f 4150 4149 4160
f 4161 4150 4160
f 4159 4157 4158
f 4162 4159 4158
f 4159 4162 4163
f 4163 4160 4159
f 4160 4163 4164
f 4164 4161 4160
f 4078 4083 4135
f 4083 4085 4165
f 4136 4135 4083
f 4165 4136 4083
f 4165 4085 4087
f 4166 4165 4087
f 4166 4087 4093
f 4167 4166 4093
f 4167 4093 4095
f 4168 4167 4095
f 4136 4165 4169
f 4169 4154 4136
f 4154 4169 4170
f 4170 4155 4154
f 4156 4155 4170
f 4171 4156 4170
f 4165 4166 4172
f 4172 4169 4165
f 4170 4169 4172
f 4173 4170 4172
f 4171 4170 4173
f 4174 4171 4173
f 4158 4156 4171
f 4175 4158 4171
f 4175 4171 4174
f 4176 4175 4174
f 4162 4158 4175
f 4177 4162 4175
f 4162 4177 4178
f 4178 4163 4162
f 4163 4178 4179
f 4179 4164 4163
f 4177 4175 4176
f 4180 4177 4176
f 4177 4180 4181
f 4181 4178 4177
f 4179 4178 4181
f 4182 4179 4181
f 4166 4167 4183
f 4183 4172 4166
f 4173 4172 4183
f 4184 4173 4183
f 4174 4173 4184
f 4185 4174 4184
f 4167 4168 4186
f 4186 4183 4167
f 4184 4183 4186
f 4187 4184 4186
f 4185 4184 4187
f 4188 4185 4187
f 4174 4185 4189
f 4189 4176 4174
f 4189 4185 4188
f 4190 4189 4188
f 4180 4176 4189
f 4191 4180 4189
f 4180 4191 4192
f 4192 4181 4180
f 4182 4181 4192
f 4193 4182 4192
f 4189 4190 4194
f 4194 4191 4189
f 4191 4194 4195
f 4195 4192 4191
f 4192 4195 4196
f 4196 4193 4192
f 3945 3928 4147
f 4197 3945 4147
f 4197 4147 4150
f 4198 4197 4150
f 4198 4150 4161
f 4199 4198 4161
f 4199 4161 4164
f 4200 4199 4164
f 3969 3945 4197
f 4201 3969 4197
f 3970 3969 4201
f 4202 3970 4201
f 3971 3970 4202
f 4203 3971 4202
f 4201 4197 4198
f 4204 4201 4198
f 4202 4201 4204
f 4205 4202 4204
f 4202 4205 4206
f 4206 4203 4202
f 4207 4206 4205
f 4208 4206 4207
f 3973 3971 4203
f 4209 3973 4203
f 4203 4206 4209
f 3973 4209 4210
f 4211 3977 3973
f 4210 4211 3973
f 4212 4211 4210
f 3977 4211 3978
f 4211 4212 3979
f 3979 3978 4211
f 4213 3979 4212
f 4206 4208 4214
f 4210 4209 4206
f 4214 4210 4206
f 4212 4210 4214
f 4215 4212 4214
f 4213 4212 4215
f 4216 4213 4215
f 4204 4198 4199
f 4217 4204 4199
f 4205 4204 4217
f 4218 4205 4217
f 4205 4218 4219
f 4219 4207 4205
f 4199 4200 4220
f 4220 4217 4199
f 4217 4220 4221
f 4221 4218 4217
f 4219 4218 4221
f 4222 4219 4221
f 4208 4207 4219
f 4223 4208 4219
f 4219 4222 4224
f 4224 4223 4219
f 4214 4208 4223
f 4225 4214 4223
f 4215 4214 4225
f 4226 4215 4225
f 4216 4215 4226
f 4227 4216 4226
f 4223 4224 4228
f 4228 4225 4223
f 4225 4228 4229
f 4229 4226 4225
f 4226 4229 4230
f 4230 4227 4226
f 4200 4164 4179
f 4231 4200 4179
f 4179 4182 4232
f 4232 4231 4179
f 4182 4193 4233
f 4233 4232 4182
f 4193 4196 4234
f 4234 4233 4193
f 4200 4231 4235
f 4235 4220 4200
f 4220 4235 4236
f 4236 4221 4220
f 4222 4221 4236
f 4237 4222 4236
f 4231 4232 4238
f 4238 4235 4231
f 4236 4235 4238
f 4239 4236 4238
f 4236 4239 4240
f 4240 4237 4236
f 4241 4240 4239
f 4222 4237 4242
f 4242 4224 4222
f 4237 4240 4242
f 4243 4240 4241
f 4224 4242 4244
f 4244 4228 4224
f 4228 4244 4245
f 4245 4229 4228
f 4229 4245 4246
f 4246 4230 4229
f 4240 4243 4247
f 4244 4242 4240
f 4247 4244 4240
f 4244 4247 4248
f 4248 4245 4244
f 4245 4248 4249
f 4249 4246 4245
f 4232 4233 4250
f 4250 4238 4232
f 4238 4250 4251
f 4251 4239 4238
f 4239 4251 4252
f 4252 4241 4239
f 4233 4234 4253
f 4253 4250 4233
f 4250 4253 4254
f 4254 4251 4250
f 4251 4254 4255
f 4255 4252 4251
f 4241 4252 4256
f 4256 4243 4241
f 4252 4255 4257
f 4257 4256 4252
f 4247 4243 4256
f 4258 4247 4256
f 4247 4258 4259
f 4259 4248 4247
f 4248 4259 4260
f 4260 4249 4248
f 4256 4257 4261
f 4261 4258 4256
f 4262 4261 4257
f 4258 4261 4259
f 4263 4261 4262
f 4261 4263 4264
f 4260 4259 4261
f 4264 4260 4261
f 4003 3979 4213
f 4265 4003 4213
f 4213 4216 4266
f 4267 4265 4213
f 4266 4267 4213
f 4268 4267 4266
f 4216 4227 4269
f 4269 4266 4216
f 4268 4266 4269
f 4270 4268 4269
f 4269 4227 4230
f 4271 4269 4230
f 4269 4271 4272
f 4272 4270 4269
f 4022 4003 4265
f 4273 4022 4265
f 4022 4273 4274
f 4275 4023 4022
f 4274 4275 4022
f 4023 4275 4024
f 4265 4267 4273
f 4267 4268 4274
f 4274 4273 4267
f 4276 4274 4268
f 4277 4275 4274
f 4275 4277 4027
f 4027 4024 4275
f 4278 4027 4277
f 4028 4027 4278
f 4279 4028 4278
f 4277 4274 4276
f 4280 4277 4276
f 4278 4277 4280
f 4281 4278 4280
f 4279 4278 4281
f 4282 4279 4281
f 4030 4028 4279
f 4283 4030 4279
f 4283 4279 4282
f 4284 4283 4282
f 4268 4270 4285
f 4285 4276 4268
f 4270 4272 4286
f 4286 4285 4270
f 4280 4276 4285
f 4287 4280 4285
f 4281 4280 4287
f 4288 4281 4287
f 4282 4281 4288
f 4289 4282 4288
f 4287 4285 4286
f 4290 4287 4286
f 4287 4290 4291
f 4291 4288 4287
f 4288 4291 4292
f 4292 4289 4288
f 4284 4282 4289
f 4293 4284 4289
f 4289 4292 4294
f 4294 4293 4289
f 4030 4283 4295
f 4295 4054 4030
f 4296 4295 4283
f 4297 4295 4296
f 4054 4295 4055
f 4295 4297 4298
f 4056 4055 4295
f 4298 4056 4295
f 4283 4284 4299
f 4299 4296 4283
f 4297 4296 4299
f 4300 4297 4299
f 4298 4297 4300
f 4301 4298 4300
f 4056 4298 4302
f 4302 4059 4056
f 4060 4059 4302
f 4303 4060 4302
f 4304 4303 4302
f 4298 4301 4305
f 4305 4302 4298
f 4302 4305 4306
f 4306 4304 4302
f 4284 4293 4307
f 4307 4299 4284
f 4300 4299 4307
f 4308 4300 4307
f 4301 4300 4308
f 4309 4301 4308
f 4293 4294 4310
f 4310 4307 4293
f 4308 4307 4310
f 4311 4308 4310
f 4309 4308 4311
f 4312 4309 4311
f 4301 4309 4313
f 4313 4305 4301
f 4305 4313 4314
f 4314 4306 4305
f 4309 4312 4315
f 4315 4313 4309
f 4313 4315 4316
f 4316 4314 4313
f 4271 4230 4246
f 4317 4271 4246
f 4271 4317 4318
f 4318 4272 4271
f 4246 4249 4319
f 4319 4317 4246
f 4320 4319 4249
f 4317 4319 4318
f 4249 4260 4321
f 4321 4320 4249
f 4260 4264 4322
f 4322 4321 4260
f 4272 4318 4323
f 4323 4286 4272
f 4324 4319 4320
f 4319 4324 4323
f 4323 4318 4319
f 4325 4323 4324
f 4286 4323 4326
f 4326 4290 4286
f 4290 4326 4327
f 4327 4291 4290
f 4291 4327 4328
f 4328 4292 4291
f 4323 4325 4329
f 4329 4326 4323
f 4326 4329 4330
f 4330 4327 4326
f 4327 4330 4331
f 4331 4328 4327
f 4292 4328 4332
f 4332 4294 4292
f 4328 4331 4333
f 4333 4332 4328
f 4320 4321 4334
f 4334 4324 4320
f 4324 4334 4335
f 4335 4325 4324
f 4336 4335 4334
f 4337 4335 4336
f 4321 4322 4338
f 4338 4334 4321
f 4334 4338 4339
f 4339 4336 4334
f 4336 4339 4340
f 4340 4337 4336
f 4325 4335 4329
f 4335 4337 4341
f 4330 4329 4335
f 4341 4330 4335
f 4330 4341 4342
f 4342 4331 4330
f 4341 4337 4340
f 4343 4341 4340
f 4341 4343 4344
f 4344 4342 4341
f 4331 4342 4345
f 4345 4333 4331
f 4342 4344 4346
f 4346 4345 4342
f 4310 4294 4332
f 4347 4310 4332
f 4310 4347 4348
f 4348 4311 4310
f 4311 4348 4349
f 4349 4312 4311
f 4347 4332 4333
f 4350 4347 4333
f 4347 4350 4351
f 4351 4348 4347
f 4348 4351 4352
f 4352 4349 4348
f 4315 4312 4349
f 4353 4315 4349
f 4316 4315 4353
f 4354 4316 4353
f 4353 4349 4352
f 4355 4353 4352
f 4354 4353 4355
f 4356 4354 4355
f 4350 4333 4345
f 4357 4350 4345
f 4350 4357 4358
f 4358 4351 4350
f 4351 4358 4359
f 4359 4352 4351
f 4357 4345 4346
f 4360 4357 4346
f 4357 4360 4361
f 4361 4358 4357
f 4358 4361 4362
f 4362 4359 4358
f 4355 4352 4359
f 4363 4355 4359
f 4356 4355 4363
f 4364 4356 4363
f 4363 4359 4362
f 4365 4363 4362
f 4364 4363 4365
f 4366 4364 4365
f 4095 4101 4168
f 4367 4110 4111
f 4111 4113 4368
f 4368 4367 4111
f 4101 4114 4369
f 4186 4168 4101
f 4369 4186 4101
f 4187 4186 4369
f 4370 4187 4369
f 4188 4187 4370
f 4371 4188 4370
f 4114 4115 4372
f 4372 4369 4114
f 4370 4369 4372
f 4373 4370 4372
f 4371 4370 4373
f 4374 4371 4373
f 4190 4188 4371
f 4375 4190 4371
f 4371 4374 4376
f 4376 4375 4371
f 4190 4375 4377
f 4377 4194 4190
f 4194 4377 4378
f 4378 4195 4194
f 4195 4378 4379
f 4379 4196 4195
f 4377 4375 4376
f 4380 4377 4376
f 4378 4377 4380
f 4381 4378 4380
f 4378 4381 4382
f 4382 4379 4378
f 4110 4367 4383
f 4372 4115 4110
f 4383 4372 4110
f 4372 4383 4384
f 4384 4373 4372
f 4373 4384 4385
f 4385 4374 4373
f 4383 4367 4368
f 4386 4383 4368
f 4383 4386 4387
f 4387 4384 4383
f 4384 4387 4388
f 4388 4385 4384
f 4376 4374 4385
f 4389 4376 4385
f 4389 4385 4388
f 4390 4389 4388
f 4376 4389 4391
f 4391 4380 4376
f 4381 4380 4391
f 4392 4381 4391
f 4382 4381 4392
f 4393 4382 4392
f 4389 4390 4394
f 4394 4391 4389
f 4391 4394 4395
f 4395 4392 4391
f 4396 4395 4394
f 4392 4395 4393
f 4368 4113 4121
f 4397 4368 4121
f 4121 4123 4398
f 4398 4397 4121
f 4123 4129 4399
f 4399 4398 4123
f 4399 4129 4131
f 4400 4399 4131
f 4386 4368 4397
f 4401 4386 4397
f 4386 4401 4402
f 4402 4387 4386
f 4387 4402 4403
f 4403 4388 4387
f 4401 4397 4398
f 4404 4401 4398
f 4401 4404 4405
f 4405 4402 4401
f 4402 4405 4406
f 4406 4403 4402
f 4390 4388 4403
f 4407 4390 4403
f 4403 4406 4408
f 4408 4407 4403
f 4390 4407 4409
f 4409 4394 4390
f 4394 4409 4410
f 4410 4396 4394
f 4407 4408 4411
f 4411 4409 4407
f 4410 4409 4411
f 4412 4410 4411
f 4404 4398 4399
f 4413 4404 4399
f 4404 4413 4414
f 4414 4405 4404
f 4405 4414 4415
f 4415 4406 4405
f 4413 4399 4400
f 4416 4413 4400
f 4413 4416 4417
f 4417 4414 4413
f 4414 4417 4418
f 4418 4415 4414
f 4406 4415 4419
f 4419 4408 4406
f 4419 4415 4418
f 4420 4419 4418
f 4408 4419 4421
f 4421 4411 4408
f 4412 4411 4421
f 4422 4412 4421
f 4421 4419 4420
f 4423 4421 4420
f 4421 4423 4424
f 4424 4422 4421
f 4234 4196 4379
f 4425 4234 4379
f 4425 4379 4382
f 4426 4425 4382
f 4426 4382 4393
f 4427 4426 4393
f 4428 4395 4396
f 4395 4428 4429
f 4393 4395 4430
f 4430 4427 4393
f 4429 4430 4395
f 4431 4430 4429
f 4234 4425 4432
f 4432 4253 4234
f 4253 4432 4433
f 4433 4254 4253
f 4254 4433 4434
f 4434 4255 4254
f 4425 4426 4435
f 4435 4432 4425
f 4433 4432 4435
f 4436 4433 4435
f 4433 4436 4437
f 4437 4434 4433
f 4255 4434 4438
f 4438 4257 4255
f 4434 4437 4439
f 4439 4438 4434
f 4257 4438 4440
f 4440 4262 4257
f 4262 4440 4441
f 4441 4263 4262
f 4264 4263 4441
f 4442 4264 4441
f 4438 4439 4443
f 4443 4440 4438
f 4440 4443 4444
f 4444 4441 4440
f 4441 4444 4445
f 4445 4442 4441
f 4446 4445 4444
f 4426 4427 4447
f 4447 4435 4426
f 4436 4435 4447
f 4448 4436 4447
f 4436 4448 4449
f 4449 4437 4436
f 4427 4430 4447
f 4430 4431 4450
f 4448 4447 4430
f 4450 4448 4430
f 4451 4450 4431
f 4448 4450 4449
f 4437 4449 4452
f 4452 4439 4437
f 4453 4450 4451
f 4450 4453 4454
f 4452 4449 4450
f 4454 4452 4450
f 4439 4452 4455
f 4455 4443 4439
f 4443 4455 4456
f 4456 4444 4443
f 4444 4456 4457
f 4457 4446 4444
f 4452 4454 4458
f 4458 4455 4452
f 4455 4458 4459
f 4459 4456 4455
f 4456 4459 4460
f 4460 4457 4456
f 4461 4445 4446
f 4446 4457 4462
f 4462 4461 4446
f 4457 4460 4463
f 4463 4462 4457
f 4428 4396 4410
f 4464 4428 4410
f 4428 4464 4465
f 4465 4429 4428
f 4431 4429 4465
f 4466 4431 4465
f 4410 4412 4467
f 4467 4464 4410
f 4464 4467 4468
f 4468 4465 4464
f 4466 4465 4468
f 4469 4466 4468
f 4467 4412 4422
f 4470 4467 4422
f 4467 4470 4471
f 4471 4468 4467
f 4469 4468 4471
f 4472 4469 4471
f 4470 4422 4424
f 4473 4470 4424
f 4471 4470 4473
f 4474 4471 4473
f 4471 4474 4475
f 4475 4472 4471
f 4451 4431 4466
f 4476 4451 4466
f 4476 4466 4469
f 4477 4476 4469
f 4451 4476 4478
f 4478 4453 4451
f 4454 4453 4478
f 4479 4454 4478
f 4476 4477 4480
f 4480 4478 4476
f 4479 4478 4480
f 4481 4479 4480
f 4454 4479 4482
f 4482 4458 4454
f 4458 4482 4483
f 4483 4459 4458
f 4459 4483 4484
f 4484 4460 4459
f 4482 4479 4481
f 4485 4482 4481
f 4483 4482 4485
f 4486 4483 4485
f 4483 4486 4487
f 4487 4484 4483
f 4469 4472 4488
f 4488 4477 4469
f 4488 4472 4475
f 4489 4488 4475
f 4477 4488 4490
f 4490 4480 4477
f 4481 4480 4490
f 4491 4481 4490
f 4488 4489 4492
f 4492 4490 4488
f 4491 4490 4492
f 4493 4491 4492
f 4485 4481 4491
f 4494 4485 4491
f 4486 4485 4494
f 4495 4486 4494
f 4487 4486 4495
f 4496 4487 4495
f 4494 4491 4493
f 4497 4494 4493
f 4494 4497 4498
f 4498 4495 4494
f 4495 4498 4499
f 4499 4496 4495
f 4460 4484 4500
f 4500 4463 4460
f 4484 4487 4501
f 4501 4500 4484
f 4501 4487 4496
f 4502 4501 4496
f 4502 4496 4499
f 4503 4502 4499
f 4264 4442 4504
f 4504 4322 4264
f 4442 4445 4504
f 4322 4504 4505
f 4505 4338 4322
f 4338 4505 4506
f 4506 4339 4338
f 4339 4506 4507
f 4507 4340 4339
f 4445 4461 4505
f 4505 4504 4445
f 4508 4505 4461
f 4505 4508 4509
f 4509 4506 4505
f 4506 4509 4510
f 4510 4507 4506
f 4343 4340 4507
f 4511 4343 4507
f 4343 4511 4512
f 4512 4344 4343
f 4511 4507 4510
f 4513 4511 4510
f 4514 4513 4510
f 4511 4513 4512
f 4344 4512 4515
f 4515 4346 4344
f 4516 4513 4514
f 4513 4516 4517
f 4515 4512 4513
f 4517 4515 4513
f 4508 4461 4462
f 4518 4508 4462
f 4508 4518 4519
f 4519 4509 4508
f 4509 4519 4520
f 4520 4510 4509
f 4462 4463 4521
f 4521 4518 4462
f 4522 4521 4463
f 4518 4521 4519
f 4523 4521 4522
f 4521 4523 4524
f 4520 4519 4521
f 4524 4520 4521
f 4514 4510 4520
f 4525 4514 4520
f 4525 4520 4524
f 4526 4525 4524
f 4516 4514 4525
f 4527 4516 4525
f 4516 4527 4528
f 4528 4517 4516
f 4525 4526 4529
f 4529 4527 4525
f 4527 4529 4530
f 4530 4528 4527
f 4360 4346 4515
f 4531 4360 4515
f 4532 4531 4515
f 4360 4531 4361
f 4533 4531 4532
f 4531 4533 4534
f 4361 4531 4534
f 4534 4362 4361
f 4515 4517 4535
f 4535 4532 4515
f 4532 4535 4536
f 4536 4533 4532
f 4534 4533 4536
f 4537 4534 4536
f 4365 4362 4534
f 4538 4365 4534
f 4366 4365 4538
f 4539 4366 4538
f 4538 4534 4537
f 4540 4538 4537
f 4539 4538 4540
f 4541 4539 4540
f 4535 4517 4528
f 4542 4535 4528
f 4536 4535 4542
f 4543 4536 4542
f 4536 4543 4544
f 4544 4537 4536
f 4528 4530 4545
f 4545 4542 4528
f 4546 4545 4530
f 4547 4545 4546
f 4542 4545 4543
f 4545 4547 4548
f 4544 4543 4545
f 4548 4544 4545
f 4537 4544 4549
f 4549 4540 4537
f 4540 4549 4550
f 4550 4541 4540
f 4544 4548 4551
f 4551 4549 4544
f 4549 4551 4552
f 4552 4550 4549
f 4463 4500 4553
f 4553 4522 4463
f 4522 4553 4554
f 4554 4523 4522
f 4524 4523 4554
f 4555 4524 4554
f 4500 4501 4556
f 4556 4553 4500
f 4553 4556 4557
f 4557 4554 4553
f 4555 4554 4557
f 4558 4555 4557
f 4524 4555 4559
f 4559 4526 4524
f 4555 4558 4560
f 4560 4559 4555
f 4526 4559 4561
f 4561 4529 4526
f 4530 4529 4561
f 4562 4530 4561
f 4559 4560 4563
f 4563 4561 4559
f 4562 4561 4563
f 4564 4562 4563
f 4501 4502 4565
f 4565 4556 4501
f 4557 4556 4565
f 4566 4557 4565
f 4558 4557 4566
f 4567 4558 4566
f 4565 4502 4503
f 4568 4565 4503
f 4566 4565 4568
f 4569 4566 4568
f 4566 4569 4570
f 4570 4567 4566
f 4560 4558 4567
f 4571 4560 4567
f 4571 4567 4570
f 4572 4571 4570
f 4560 4571 4573
f 4573 4563 4560
f 4564 4563 4573
f 4574 4564 4573
f 4573 4571 4572
f 4575 4573 4572
f 4573 4575 4576
f 4576 4574 4573
f 4546 4530 4562
f 4577 4546 4562
f 4547 4546 4577
f 4578 4547 4577
f 4548 4547 4578
f 4579 4548 4578
f 4577 4562 4564
f 4580 4577 4564
f 4578 4577 4580
f 4581 4578 4580
f 4578 4581 4582
f 4582 4579 4578
f 4551 4548 4579
f 4583 4551 4579
f 4552 4551 4583
f 4584 4552 4583
f 4583 4579 4582
f 4585 4583 4582
f 4584 4583 4585
f 4586 4584 4585
f 4564 4574 4587
f 4587 4580 4564
f 4588 4587 4574
f 4580 4587 4581
f 4589 4587 4588
f 4587 4589 4590
f 4582 4581 4587
f 4590 4582 4587
f 4588 4574 4576
f 4591 4588 4576
f 4589 4588 4591
f 4592 4589 4591
f 4589 4592 4593
f 4593 4590 4589
f 4582 4590 4594
f 4594 4585 4582
f 4585 4594 4595
f 4595 4586 4585
f 4590 4593 4596
f 4596 4594 4590
f 4594 4596 4597
f 4597 4595 4594
f 4060 4303 4062
f 341 837 4598
f 4598 4126 341
f 4126 4598 4599
f 4599 4127 4126
f 837 839 4600
f 4600 4598 837
f 4598 4600 4601
f 4601 4599 4598
f 4127 4599 4602
f 4602 4130 4127
f 4131 4130 4602
f 4603 4131 4602
f 4599 4601 4604
f 4604 4602 4599
f 4603 4602 4604
f 4605 4603 4604
f 4600 839 845
f 4606 4600 845
f 4600 4606 4607
f 4607 4601 4600
f 4606 845 847
f 4608 4606 847
f 4607 4606 4608
f 4609 4607 4608
f 4601 4607 4610
f 4610 4604 4601
f 4605 4604 4610
f 4611 4605 4610
f 4610 4607 4609
f 4612 4610 4609
f 4610 4612 4613
f 4613 4611 4610
f 4608 847 861
f 4614 4608 861
f 4609 4608 4614
f 4615 4609 4614
f 4614 861 863
f 4616 4614 863
f 4615 4614 4616
f 4617 4615 4616
f 4612 4609 4615
f 4618 4612 4615
f 4612 4618 4619
f 4619 4613 4612
f 4618 4615 4617
f 4620 4618 4617
f 4618 4620 4621
f 4621 4619 4618
f 4616 863 869
f 4622 4616 869
f 4617 4616 4622
f 4623 4617 4622
f 869 871 4624
f 4624 4622 869
f 4622 4624 4625
f 4625 4623 4622
f 4620 4617 4623
f 4626 4620 4623
f 4620 4626 4627
f 4627 4621 4620
f 4623 4625 4628
f 4628 4626 4623
f 4627 4626 4628
f 4629 4627 4628
f 871 885 4630
f 4630 4624 871
f 4624 4630 4631
f 4631 4625 4624
f 885 887 4632
f 4632 4630 885
f 4630 4632 4633
f 4633 4631 4630
f 4625 4631 4634
f 4634 4628 4625
f 4629 4628 4634
f 4635 4629 4634
f 4631 4633 4636
f 4636 4634 4631
f 4635 4634 4636
f 4637 4635 4636
f 887 893 4638
f 4638 4632 887
f 4632 4638 4639
f 4639 4633 4632
f 893 895 4640
f 4640 4638 893
f 4638 4640 4641
f 4641 4639 4638
f 4633 4639 4642
f 4642 4636 4633
f 4637 4636 4642
f 4643 4637 4642
f 4639 4641 4644
f 4644 4642 4639
f 4643 4642 4644
f 4645 4643 4644
f 895 909 4646
f 4646 4640 895
f 4640 4646 4647
f 4647 4641 4640
f 4646 909 911
f 4648 4646 911
f 4647 4646 4648
f 4649 4647 4648
f 4641 4647 4650
f 4650 4644 4641
f 4645 4644 4650
f 4651 4645 4650
f 4650 4647 4649
f 4652 4650 4649
f 4650 4652 4653
f 4653 4651 4650
f 4648 911 917
f 4654 4648 917
f 4649 4648 4654
f 4655 4649 4654
f 4654 917 919
f 4656 4654 919
f 4655 4654 4656
f 4657 4655 4656
f 4652 4649 4655
f 4658 4652 4655
f 4652 4658 4659
f 4659 4653 4652
f 4658 4655 4657
f 4660 4658 4657
f 4658 4660 4661
f 4661 4659 4658
f 4400 4131 4603
f 4662 4400 4603
f 4662 4603 4605
f 4663 4662 4605
f 4663 4605 4611
f 4664 4663 4611
f 4611 4613 4665
f 4665 4664 4611
f 4400 4662 4666
f 4666 4416 4400
f 4417 4416 4666
f 4667 4417 4666
f 4418 4417 4667
f 4668 4418 4667
f 4662 4663 4669
f 4669 4666 4662
f 4667 4666 4669
f 4670 4667 4669
f 4668 4667 4670
f 4671 4668 4670
f 4420 4418 4668
f 4672 4420 4668
f 4668 4671 4673
f 4673 4672 4668
f 4674 4673 4671
f 4675 4673 4674
f 4423 4420 4672
f 4676 4423 4672
f 4423 4676 4677
f 4677 4424 4423
f 4672 4673 4676
f 4673 4675 4678
f 4677 4676 4673
f 4678 4677 4673
f 4663 4664 4679
f 4679 4669 4663
f 4670 4669 4679
f 4680 4670 4679
f 4671 4670 4680
f 4681 4671 4680
f 4679 4664 4665
f 4682 4679 4665
f 4679 4682 4683
f 4683 4680 4679
f 4680 4683 4684
f 4684 4681 4680
f 4671 4681 4685
f 4685 4674 4671
f 4675 4674 4685
f 4686 4675 4685
f 4685 4681 4684
f 4687 4685 4684
f 4686 4685 4687
f 4688 4686 4687
f 4678 4675 4686
f 4689 4678 4686
f 4686 4688 4690
f 4690 4689 4686
f 4613 4619 4691
f 4691 4665 4613
f 4619 4621 4692
f 4692 4691 4619
f 4621 4627 4693
f 4693 4692 4621
f 4693 4627 4629
f 4694 4693 4629
f 4682 4665 4691
f 4695 4682 4691
f 4682 4695 4696
f 4696 4683 4682
f 4683 4696 4697
f 4697 4684 4683
f 4695 4691 4692
f 4698 4695 4692
f 4695 4698 4699
f 4699 4696 4695
f 4696 4699 4700
f 4700 4697 4696
f 4687 4684 4697
f 4701 4687 4697
f 4687 4701 4702
f 4702 4688 4687
f 4701 4697 4700
f 4703 4701 4700
f 4701 4703 4704
f 4704 4702 4701
f 4688 4702 4705
f 4705 4690 4688
f 4702 4704 4706
f 4706 4705 4702
f 4698 4692 4693
f 4707 4698 4693
f 4698 4707 4708
f 4708 4699 4698
f 4700 4699 4708
f 4709 4700 4708
f 4693 4694 4710
f 4710 4707 4693
f 4708 4707 4710
f 4711 4708 4710
f 4709 4708 4711
f 4712 4709 4711
f 4700 4709 4713
f 4713 4703 4700
f 4714 4713 4709
f 4703 4713 4704
f 4709 4712 4715
f 4715 4714 4709
f 4716 4713 4714
f 4713 4716 4717
f 4706 4704 4713
f 4717 4706 4713
f 4714 4715 4718
f 4718 4716 4714
f 4717 4716 4718
f 4719 4717 4718
f 4473 4424 4677
f 4720 4473 4677
f 4474 4473 4720
f 4721 4474 4720
f 4474 4721 4722
f 4722 4475 4474
f 4720 4677 4678
f 4723 4720 4678
f 4721 4720 4723
f 4724 4721 4723
f 4721 4724 4725
f 4725 4722 4721
f 4723 4678 4689
f 4726 4723 4689
f 4724 4723 4726
f 4727 4724 4726
f 4724 4727 4728
f 4728 4725 4724
f 4726 4689 4690
f 4729 4726 4690
f 4726 4729 4730
f 4730 4727 4726
f 4728 4727 4730
f 4731 4728 4730
f 4489 4475 4722
f 4732 4489 4722
f 4732 4722 4725
f 4733 4732 4725
f 4489 4732 4734
f 4734 4492 4489
f 4492 4734 4735
f 4735 4493 4492
f 4736 4735 4734
f 4737 4735 4736
f 4732 4733 4738
f 4738 4734 4732
f 4734 4738 4739
f 4739 4736 4734
f 4736 4739 4740
f 4740 4737 4736
f 4493 4735 4497
f 4735 4737 4741
f 4498 4497 4735
f 4741 4498 4735
f 4498 4741 4742
f 4742 4499 4498
f 4741 4737 4740
f 4743 4741 4740
f 4741 4743 4744
f 4744 4742 4741
f 4733 4725 4728
f 4745 4733 4728
f 4745 4728 4731
f 4746 4745 4731
f 4738 4733 4745
f 4747 4738 4745
f 4738 4747 4748
f 4748 4739 4738
f 4739 4748 4749
f 4749 4740 4739
f 4745 4746 4750
f 4750 4747 4745
f 4747 4750 4751
f 4751 4748 4747
f 4748 4751 4752
f 4752 4749 4748
f 4743 4740 4749
f 4753 4743 4749
f 4743 4753 4754
f 4754 4744 4743
f 4753 4749 4752
f 4755 4753 4752
f 4754 4753 4755
f 4756 4754 4755
f 4499 4742 4757
f 4757 4503 4499
f 4742 4744 4758
f 4758 4757 4742
f 4758 4744 4754
f 4759 4758 4754
f 4754 4756 4760
f 4760 4759 4754
f 4729 4690 4705
f 4761 4729 4705
f 4729 4761 4762
f 4762 4730 4729
f 4731 4730 4762
f 4763 4731 4762
f 4705 4706 4764
f 4764 4761 4705
f 4761 4764 4765
f 4765 4762 4761
f 4763 4762 4765
f 4766 4763 4765
f 4706 4717 4767
f 4767 4764 4706
f 4764 4767 4768
f 4768 4765 4764
f 4765 4768 4769
f 4769 4766 4765
f 4717 4719 4770
f 4770 4767 4717
f 4767 4770 4771
f 4771 4768 4767
f 4768 4771 4772
f 4772 4769 4768
f 4731 4763 4773
f 4773 4746 4731
f 4763 4766 4774
f 4774 4773 4763
f 4750 4746 4773
f 4775 4750 4773
f 4750 4775 4776
f 4776 4751 4750
f 4751 4776 4777
f 4777 4752 4751
f 4775 4773 4774
f 4778 4775 4774
f 4776 4775 4778
f 4779 4776 4778
f 4776 4779 4780
f 4780 4777 4776
f 4755 4752 4777
f 4781 4755 4777
f 4756 4755 4781
f 4782 4756 4781
f 4777 4780 4783
f 4783 4781 4777
f 4782 4781 4783
f 4784 4782 4783
f 4766 4769 4785
f 4785 4774 4766
f 4769 4772 4786
f 4786 4785 4769
f 4778 4774 4785
f 4787 4778 4785
f 4778 4787 4788
f 4788 4779 4778
f 4780 4779 4788
f 4789 4780 4788
f 4787 4785 4786
f 4790 4787 4786
f 4787 4790 4791
f 4791 4788 4787
f 4789 4788 4791
f 4792 4789 4791
f 4780 4789 4793
f 4793 4783 4780
f 4784 4783 4793
f 4794 4784 4793
f 4793 4789 4792
f 4795 4793 4792
f 4793 4795 4796
f 4796 4794 4793
f 4760 4756 4782
f 4797 4760 4782
f 4797 4782 4784
f 4798 4797 4784
f 4784 4794 4799
f 4799 4798 4784
f 4794 4796 4800
f 4800 4799 4794
f 4568 4503 4757
f 4801 4568 4757
f 4568 4801 4802
f 4802 4569 4568
f 4570 4569 4802
f 4803 4570 4802
f 4757 4758 4804
f 4804 4801 4757
f 4801 4804 4805
f 4805 4802 4801
f 4803 4802 4805
f 4806 4803 4805
f 4572 4570 4803
f 4807 4572 4803
f 4803 4806 4808
f 4808 4807 4803
f 4575 4572 4807
f 4809 4575 4807
f 4575 4809 4810
f 4810 4576 4575
f 4807 4808 4811
f 4811 4809 4807
f 4809 4811 4812
f 4812 4810 4809
f 4758 4759 4813
f 4813 4804 4758
f 4804 4813 4814
f 4814 4805 4804
f 4806 4805 4814
f 4815 4806 4814
f 4759 4760 4816
f 4816 4813 4759
f 4814 4813 4816
f 4817 4814 4816
f 4815 4814 4817
f 4818 4815 4817
f 4806 4815 4819
f 4819 4808 4806
f 4815 4818 4820
f 4820 4819 4815
f 4808 4819 4821
f 4821 4811 4808
f 4812 4811 4821
f 4822 4812 4821
f 4819 4820 4823
f 4823 4821 4819
f 4822 4821 4823
f 4824 4822 4823
f 4576 4810 4825
f 4825 4591 4576
f 4826 4825 4810
f 4827 4825 4826
f 4591 4825 4592
f 4825 4827 4593
f 4593 4592 4825
f 4828 4593 4827
f 4810 4812 4829
f 4829 4826 4810
f 4827 4826 4829
f 4830 4827 4829
f 4828 4827 4830
f 4831 4828 4830
f 4593 4828 4832
f 4832 4596 4593
f 4596 4832 4833
f 4833 4597 4596
f 4828 4831 4834
f 4834 4832 4828
f 4833 4832 4834
f 4835 4833 4834
f 4829 4812 4822
f 4836 4829 4822
f 4829 4836 4837
f 4837 4830 4829
f 4830 4837 4838
f 4838 4831 4830
f 4822 4824 4839
f 4840 4836 4822
f 4839 4840 4822
f 4836 4840 4837
f 4841 4840 4839
f 4840 4841 4842
f 4838 4837 4840
f 4842 4838 4840
f 4834 4831 4838
f 4843 4834 4838
f 4834 4843 4844
f 4844 4835 4834
f 4838 4842 4845
f 4845 4843 4838
f 4843 4845 4846
f 4846 4844 4843
f 4760 4797 4847
f 4847 4816 4760
f 4816 4847 4848
f 4848 4817 4816
f 4817 4848 4849
f 4849 4818 4817
f 4847 4797 4798
f 4850 4847 4798
f 4848 4847 4850
f 4851 4848 4850
f 4848 4851 4852
f 4852 4849 4848
f 4820 4818 4849
f 4853 4820 4849
f 4853 4849 4852
f 4854 4853 4852
f 4823 4820 4853
f 4855 4823 4853
f 4824 4823 4855
f 4856 4824 4855
f 4855 4853 4854
f 4857 4855 4854
f 4855 4857 4858
f 4858 4856 4855
f 4798 4799 4859
f 4859 4850 4798
f 4851 4850 4859
f 4860 4851 4859
f 4851 4860 4861
f 4861 4852 4851
f 4799 4800 4862
f 4862 4859 4799
f 4859 4862 4863
f 4863 4860 4859
f 4861 4860 4863
f 4864 4861 4863
f 4854 4852 4861
f 4865 4854 4861
f 4865 4861 4864
f 4866 4865 4864
f 4857 4854 4865
f 4867 4857 4865
f 4857 4867 4868
f 4868 4858 4857
f 4867 4865 4866
f 4869 4867 4866
f 4867 4869 4870
f 4870 4868 4867
f 4824 4856 4871
f 4871 4839 4824
f 4839 4871 4872
f 4872 4841 4839
f 4842 4841 4872
f 4873 4842 4872
f 4871 4856 4858
f 4874 4871 4858
f 4872 4871 4874
f 4875 4872 4874
f 4872 4875 4876
f 4876 4873 4872
f 4842 4873 4877
f 4877 4845 4842
f 4845 4877 4878
f 4878 4846 4845
f 4873 4876 4879
f 4879 4877 4873
f 4877 4879 4880
f 4880 4878 4877
f 4874 4858 4868
f 4881 4874 4868
f 4875 4874 4881
f 4882 4875 4881
f 4875 4882 4883
f 4883 4876 4875
f 4881 4868 4870
f 4884 4881 4870
f 4882 4881 4884
f 4885 4882 4884
f 4882 4885 4886
f 4886 4883 4882
f 4876 4883 4887
f 4887 4879 4876
f 4879 4887 4888
f 4888 4880 4879
f 4883 4886 4889
f 4889 4887 4883
f 4887 4889 4890
f 4890 4888 4887
f 4694 4629 4635
f 4891 4694 4635
f 4891 4635 4637
f 4892 4891 4637
f 4892 4637 4643
f 4893 4892 4643
f 4893 4643 4645
f 4894 4893 4645
f 4710 4694 4891
f 4895 4710 4891
f 4710 4895 4896
f 4896 4711 4710
f 4711 4896 4897
f 4897 4712 4711
f 4895 4891 4892
f 4898 4895 4892
f 4895 4898 4899
f 4899 4896 4895
f 4896 4899 4900
f 4900 4897 4896
f 4715 4712 4897
f 4901 4715 4897
f 4901 4897 4900
f 4902 4901 4900
f 4715 4901 4903
f 4903 4718 4715
f 4719 4718 4903
f 4904 4719 4903
f 4901 4902 4905
f 4905 4903 4901
f 4903 4905 4906
f 4906 4904 4903
f 4892 4893 4907
f 4907 4898 4892
f 4898 4907 4908
f 4908 4899 4898
f 4900 4899 4908
f 4909 4900 4908
f 4893 4894 4910
f 4910 4907 4893
f 4908 4907 4910
f 4911 4908 4910
f 4908 4911 4912
f 4912 4909 4908
f 4902 4900 4909
f 4913 4902 4909
f 4913 4909 4912
f 4914 4913 4912
f 4902 4913 4915
f 4915 4905 4902
f 4905 4915 4916
f 4916 4906 4905
f 4915 4913 4914
f 4917 4915 4914
f 4915 4917 4918
f 4918 4916 4915
f 4894 4645 4651
f 4919 4894 4651
f 4651 4653 4920
f 4920 4919 4651
f 4653 4659 4921
f 4921 4920 4653
f 4659 4661 4922
f 4922 4921 4659
f 4894 4919 4923
f 4923 4910 4894
f 4911 4910 4923
f 4924 4911 4923
f 4912 4911 4924
f 4925 4912 4924
f 4919 4920 4926
f 4926 4923 4919
f 4924 4923 4926
f 4927 4924 4926
f 4925 4924 4927
f 4928 4925 4927
f 4912 4925 4929
f 4929 4914 4912
f 4930 4929 4925
f 4931 4929 4930
f 4925 4928 4932
f 4932 4930 4925
f 4931 4930 4932
f 4933 4931 4932
f 4914 4929 4917
f 4929 4931 4934
f 4918 4917 4929
f 4934 4918 4929
f 4934 4931 4933
f 4935 4934 4933
f 4926 4920 4921
f 4936 4926 4921
f 4927 4926 4936
f 4937 4927 4936
f 4927 4937 4938
f 4938 4928 4927
f 4936 4921 4922
f 4939 4936 4922
f 4936 4939 4940
f 4940 4937 4936
f 4937 4940 4941
f 4941 4938 4937
f 4928 4938 4942
f 4942 4932 4928
f 4933 4932 4942
f 4943 4933 4942
f 4942 4938 4941
f 4944 4942 4941
f 4943 4942 4944
f 4945 4943 4944
f 4935 4933 4943
f 4946 4935 4943
f 4943 4945 4947
f 4947 4946 4943
f 4770 4719 4904
f 4948 4770 4904
f 4770 4948 4949
f 4949 4771 4770
f 4772 4771 4949
f 4950 4772 4949
f 4948 4904 4906
f 4951 4948 4906
f 4948 4951 4952
f 4952 4949 4948
f 4950 4949 4952
f 4953 4950 4952
f 4951 4906 4916
f 4954 4951 4916
f 4952 4951 4954
f 4955 4952 4954
f 4953 4952 4955
f 4956 4953 4955
f 4916 4918 4957
f 4957 4954 4916
f 4955 4954 4957
f 4958 4955 4957
f 4955 4958 4959
f 4959 4956 4955
f 4772 4950 4960
f 4960 4786 4772
f 4950 4953 4961
f 4961 4960 4950
f 4786 4960 4962
f 4962 4790 4786
f 4791 4790 4962
f 4963 4791 4962
f 4791 4963 4964
f 4964 4792 4791
f 4960 4961 4965
f 4965 4962 4960
f 4963 4962 4965
f 4966 4963 4965
f 4963 4966 4967
f 4967 4964 4963
f 4795 4792 4964
f 4968 4795 4964
f 4795 4968 4969
f 4969 4796 4795
f 4968 4964 4967
f 4970 4968 4967
f 4969 4968 4970
f 4971 4969 4970
f 4953 4956 4972
f 4972 4961 4953
f 4972 4956 4959
f 4973 4972 4959
f 4961 4972 4974
f 4974 4965 4961
f 4966 4965 4974
f 4975 4966 4974
f 4966 4975 4976
f 4976 4967 4966
f 4972 4973 4977
f 4977 4974 4972
f 4975 4974 4977
f 4978 4975 4977
f 4976 4975 4978
f 4979 4976 4978
f 4970 4967 4976
f 4980 4970 4976
f 4970 4980 4981
f 4981 4971 4970
f 4980 4976 4979
f 4982 4980 4979
f 4980 4982 4983
f 4983 4981 4980
f 4796 4969 4984
f 4984 4800 4796
f 4984 4969 4971
f 4985 4984 4971
f 4971 4981 4986
f 4986 4985 4971
f 4981 4983 4987
f 4987 4986 4981
f 4918 4934 4988
f 4988 4957 4918
f 4958 4957 4988
f 4989 4958 4988
f 4958 4989 4990
f 4990 4959 4958
f 4988 4934 4935
f 4991 4988 4935
f 4989 4988 4991
f 4992 4989 4991
f 4989 4992 4993
f 4993 4990 4989
f 4991 4935 4946
f 4994 4991 4946
f 4992 4991 4994
f 4995 4992 4994
f 4992 4995 4996
f 4996 4993 4992
f 4994 4946 4947
f 4997 4994 4947
f 4995 4994 4997
f 4998 4995 4997
f 4996 4995 4998
f 4999 4996 4998
f 4973 4959 4990
f 5000 4973 4990
f 4990 4993 5001
f 5001 5000 4990
f 4973 5000 5002
f 5002 4977 4973
f 4977 5002 5003
f 5003 4978 4977
f 4979 4978 5003
f 5004 4979 5003
f 5002 5000 5001
f 5005 5002 5001
f 5002 5005 5006
f 5006 5003 5002
f 5004 5003 5006
f 5007 5004 5006
f 4979 5004 5008
f 5008 4982 4979
f 5009 5008 5004
f 4982 5008 4983
f 5004 5007 5010
f 5010 5009 5004
f 4993 4996 5011
f 5011 5001 4993
f 5011 4996 4999
f 5012 5011 4999
f 5005 5001 5011
f 5013 5005 5011
f 5005 5013 5014
f 5014 5006 5005
f 5006 5014 5015
f 5015 5007 5006
f 5013 5011 5012
f 5016 5013 5012
f 5013 5016 5017
f 5017 5014 5013
f 5014 5017 5018
f 5018 5015 5014
f 5007 5015 5019
f 5019 5010 5007
f 5015 5018 5020
f 5020 5019 5015
f 5021 5008 5009
f 5008 5021 5022
f 4987 4983 5008
f 5022 4987 5008
f 5009 5010 5023
f 5023 5021 5009
f 5022 5021 5023
f 5024 5022 5023
f 5023 5010 5019
f 5025 5023 5019
f 5024 5023 5025
f 5026 5024 5025
f 5019 5020 5027
f 5027 5025 5019
f 5026 5025 5027
f 5028 5026 5027
f 4800 4984 5029
f 5029 4862 4800
f 4862 5029 5030
f 5030 4863 4862
f 4864 4863 5030
f 5031 4864 5030
f 4984 4985 5032
f 5032 5029 4984
f 5029 5032 5033
f 5033 5030 5029
f 5031 5030 5033
f 5034 5031 5033
f 4864 5031 5035
f 5035 4866 4864
f 5031 5034 5036
f 5036 5035 5031
f 4866 5035 5037
f 5037 4869 4866
f 4870 4869 5037
f 5038 4870 5037
f 5035 5036 5039
f 5039 5037 5035
f 5038 5037 5039
f 5040 5038 5039
f 5032 4985 4986
f 5041 5032 4986
f 5033 5032 5041
f 5042 5033 5041
f 5033 5042 5043
f 5043 5034 5033
f 5041 4986 4987
f 5044 5041 4987
f 5042 5041 5044
f 5045 5042 5044
f 5042 5045 5046
f 5046 5043 5042
f 5036 5034 5043
f 5047 5036 5043
f 5047 5043 5046
f 5048 5047 5046
f 5039 5036 5047
f 5049 5039 5047
f 5039 5049 5050
f 5050 5040 5039
f 5049 5047 5048
f 5051 5049 5048
f 5049 5051 5052
f 5052 5050 5049
f 4884 4870 5038
f 5053 4884 5038
f 5054 5053 5038
f 5055 5053 5054
f 4884 5053 4885
f 5053 5055 5056
f 4886 4885 5053
f 5056 4886 5053
f 5038 5040 5057
f 5057 5054 5038
f 5055 5054 5057
f 5058 5055 5057
f 5056 5055 5058
f 5059 5056 5058
f 4886 5056 5060
f 5060 4889 4886
f 4889 5060 5061
f 5061 4890 4889
f 5056 5059 5062
f 5062 5060 5056
f 5060 5062 5063
f 5063 5061 5060
f 5040 5050 5064
f 5064 5057 5040
f 5058 5057 5064
f 5065 5058 5064
f 5059 5058 5065
f 5066 5059 5065
f 5050 5052 5067
f 5067 5064 5050
f 5065 5064 5067
f 5068 5065 5067
f 5066 5065 5068
f 5069 5066 5068
f 5059 5066 5070
f 5070 5062 5059
f 5062 5070 5071
f 5071 5063 5062
f 5066 5069 5072
f 5072 5070 5066
f 5070 5072 5073
f 5073 5071 5070
f 5044 4987 5022
f 5074 5044 5022
f 5044 5074 5075
f 5075 5045 5044
f 5045 5075 5076
f 5076 5046 5045
f 5074 5022 5024
f 5077 5074 5024
f 5074 5077 5078
f 5078 5075 5074
f 5076 5075 5078
f 5079 5076 5078
f 5048 5046 5076
f 5080 5048 5076
f 5080 5076 5079
f 5081 5080 5079
f 5051 5048 5080
f 5082 5051 5080
f 5051 5082 5083
f 5083 5052 5051
f 5082 5080 5081
f 5084 5082 5081
f 5082 5084 5085
f 5085 5083 5082
f 5024 5026 5086
f 5086 5077 5024
f 5077 5086 5087
f 5087 5078 5077
f 5079 5078 5087
f 5088 5079 5087
f 5086 5026 5028
f 5089 5086 5028
f 5087 5086 5089
f 5090 5087 5089
f 5088 5087 5090
f 5091 5088 5090
f 5079 5088 5092
f 5092 5081 5079
f 5088 5091 5093
f 5093 5092 5088
f 5081 5092 5094
f 5094 5084 5081
f 5084 5094 5095
f 5095 5085 5084
f 5092 5093 5096
f 5096 5094 5092
f 5095 5094 5096
f 5097 5095 5096
f 5052 5083 5098
f 5098 5067 5052
f 5068 5067 5098
f 5099 5068 5098
f 5069 5068 5099
f 5100 5069 5099
f 5083 5085 5101
f 5101 5098 5083
f 5099 5098 5101
f 5102 5099 5101
f 5100 5099 5102
f 5103 5100 5102
f 5072 5069 5100
f 5104 5072 5100
f 5073 5072 5104
f 5105 5073 5104
f 5100 5103 5106
f 5106 5104 5100
f 5104 5106 5107
f 5107 5105 5104
f 5085 5095 5108
f 5108 5101 5085
f 5102 5101 5108
f 5109 5102 5108
f 5103 5102 5109
f 5110 5103 5109
f 5108 5095 5097
f 5111 5108 5097
f 5109 5108 5111
f 5112 5109 5111
f 5110 5109 5112
f 5113 5110 5112
f 5103 5110 5114
f 5114 5106 5103
f 5106 5114 5115
f 5115 5107 5106
f 5110 5113 5116
f 5116 5114 5110
f 5114 5116 5117
f 5117 5115 5114
f 4656 919 1410
f 5118 4656 1410
f 4657 4656 5118
f 5119 4657 5118
f 5118 1410 1412
f 5120 5118 1412
f 5119 5118 5120
f 5121 5119 5120
f 4660 4657 5119
f 5122 4660 5119
f 4661 4660 5122
f 5123 4661 5122
f 5119 5121 5124
f 5124 5122 5119
f 5122 5124 5125
f 5125 5123 5122
f 1412 1418 5126
f 5126 5120 1412
f 5120 5126 5127
f 5127 5121 5120
f 1418 1420 5128
f 5128 5126 1418
f 5126 5128 5129
f 5129 5127 5126
f 5121 5127 5130
f 5130 5124 5121
f 5125 5124 5130
f 5131 5125 5130
f 5127 5129 5132
f 5132 5130 5127
f 5131 5130 5132
f 5133 5131 5132
f 1420 1434 5134
f 5134 5128 1420
f 5128 5134 5135
f 5135 5129 5128
f 5134 1434 1436
f 5136 5134 1436
f 5135 5134 5136
f 5137 5135 5136
f 5129 5135 5138
f 5138 5132 5129
f 5133 5132 5138
f 5139 5133 5138
f 5138 5135 5137
f 5140 5138 5137
f 5138 5140 5141
f 5141 5139 5138
f 5136 1436 1442
f 5142 5136 1442
f 5137 5136 5142
f 5143 5137 5142
f 5142 1442 1444
f 5144 5142 1444
f 5143 5142 5144
f 5145 5143 5144
f 5140 5137 5143
f 5146 5140 5143
f 5140 5146 5147
f 5147 5141 5140
f 5146 5143 5145
f 5148 5146 5145
f 5146 5148 5149
f 5149 5147 5146
f 5144 1444 1458
f 5150 5144 1458
f 5145 5144 5150
f 5151 5145 5150
f 5150 1458 1460
f 5152 5150 1460
f 5151 5150 5152
f 5153 5151 5152
f 5148 5145 5151
f 5154 5148 5151
f 5148 5154 5155
f 5155 5149 5148
f 5154 5151 5153
f 5156 5154 5153
f 5154 5156 5157
f 5157 5155 5154
f 5152 1460 1466
f 5158 5152 1466
f 5153 5152 5158
f 5159 5153 5158
f 1466 1468 5160
f 5160 5158 1466
f 5158 5160 5161
f 5161 5159 5158
f 5156 5153 5159
f 5162 5156 5159
f 5157 5156 5162
f 5163 5157 5162
f 5159 5161 5164
f 5164 5162 5159
f 5163 5162 5164
f 5165 5163 5164
f 1468 1482 5166
f 5166 5160 1468
f 5160 5166 5167
f 5167 5161 5160
f 1482 1484 5168
f 5168 5166 1482
f 5166 5168 5169
f 5169 5167 5166
f 5161 5167 5170
f 5170 5164 5161
f 5165 5164 5170
f 5171 5165 5170
f 5167 5169 5172
f 5172 5170 5167
f 5171 5170 5172
f 5173 5171 5172
f 1484 1490 5174
f 5174 5168 1484
f 5168 5174 5175
f 5175 5169 5168
f 5174 1490 1492
f 5176 5174 1492
f 5175 5174 5176
f 5177 5175 5176
f 5172 5169 5175
f 5178 5172 5175
f 5172 5178 5179
f 5179 5173 5172
f 5178 5175 5177
f 5180 5178 5177
f 5178 5180 5181
f 5181 5179 5178
f 4661 5123 5182
f 5182 4922 4661
f 5182 5123 5125
f 5183 5182 5125
f 5183 5125 5131
f 5184 5183 5131
f 5184 5131 5133
f 5185 5184 5133
f 4939 4922 5182
f 5186 4939 5182
f 4940 4939 5186
f 5187 4940 5186
f 4941 4940 5187
f 5188 4941 5187
f 5182 5183 5189
f 5189 5186 5182
f 5187 5186 5189
f 5190 5187 5189
f 5188 5187 5190
f 5191 5188 5190
f 4941 5188 5192
f 5192 4944 4941
f 4944 5192 5193
f 5193 4945 4944
f 5188 5191 5194
f 5194 5192 5188
f 5193 5192 5194
f 5195 5193 5194
f 4947 4945 5193
f 5196 4947 5193
f 5193 5195 5197
f 5197 5196 5193
f 5183 5184 5198
f 5198 5189 5183
f 5190 5189 5198
f 5199 5190 5198
f 5191 5190 5199
f 5200 5191 5199
f 5184 5185 5201
f 5201 5198 5184
f 5199 5198 5201
f 5202 5199 5201
f 5200 5199 5202
f 5203 5200 5202
f 5194 5191 5200
f 5204 5194 5200
f 5194 5204 5205
f 5205 5195 5194
f 5204 5200 5203
f 5206 5204 5203
f 5204 5206 5207
f 5207 5205 5204
f 5195 5205 5208
f 5208 5197 5195
f 5205 5207 5209
f 5209 5208 5205
f 5185 5133 5139
f 5210 5185 5139
f 5139 5141 5211
f 5211 5210 5139
f 5141 5147 5212
f 5212 5211 5141
f 5147 5149 5213
f 5213 5212 5147
f 5185 5210 5214
f 5214 5201 5185
f 5202 5201 5214
f 5215 5202 5214
f 5203 5202 5215
f 5216 5203 5215
f 5210 5211 5217
f 5217 5214 5210
f 5215 5214 5217
f 5218 5215 5217
f 5216 5215 5218
f 5219 5216 5218
f 5203 5216 5220
f 5220 5206 5203
f 5207 5206 5220
f 5221 5207 5220
f 5216 5219 5222
f 5222 5220 5216
f 5221 5220 5222
f 5223 5221 5222
f 5209 5207 5221
f 5224 5209 5221
f 5224 5221 5223
f 5225 5224 5223
f 5217 5211 5212
f 5226 5217 5212
f 5218 5217 5226
f 5227 5218 5226
f 5218 5227 5228
f 5228 5219 5218
f 5226 5212 5213
f 5229 5226 5213
f 5226 5229 5230
f 5230 5227 5226
f 5227 5230 5231
f 5231 5228 5227
f 5219 5228 5232
f 5232 5222 5219
f 5222 5232 5233
f 5233 5223 5222
f 5232 5228 5231
f 5234 5232 5231
f 5233 5232 5234
f 5235 5233 5234
f 5225 5223 5233
f 5236 5225 5233
f 5236 5233 5235
f 5237 5236 5235
f 4997 4947 5196
f 5238 4997 5196
f 4997 5238 5239
f 5239 4998 4997
f 4999 4998 5239
f 5240 4999 5239
f 5238 5196 5197
f 5241 5238 5197
f 5239 5238 5241
f 5242 5239 5241
f 5239 5242 5243
f 5243 5240 5239
f 5241 5197 5208
f 5244 5241 5208
f 5241 5244 5245
f 5245 5242 5241
f 5243 5242 5245
f 5246 5243 5245
f 5244 5208 5209
f 5247 5244 5209
f 5244 5247 5248
f 5248 5245 5244
f 5246 5245 5248
f 5249 5246 5248
f 5012 4999 5240
f 5250 5012 5240
f 5250 5240 5243
f 5251 5250 5243
f 5012 5250 5252
f 5252 5016 5012
f 5016 5252 5253
f 5253 5017 5016
f 5017 5253 5254
f 5254 5018 5017
f 5250 5251 5255
f 5255 5252 5250
f 5253 5252 5255
f 5256 5253 5255
f 5254 5253 5256
f 5257 5254 5256
f 5020 5018 5254
f 5258 5020 5254
f 5258 5254 5257
f 5259 5258 5257
f 5251 5243 5246
f 5260 5251 5246
f 5260 5246 5249
f 5261 5260 5249
f 5251 5260 5262
f 5262 5255 5251
f 5256 5255 5262
f 5263 5256 5262
f 5257 5256 5263
f 5264 5257 5263
f 5260 5261 5265
f 5265 5262 5260
f 5263 5262 5265
f 5266 5263 5265
f 5264 5263 5266
f 5267 5264 5266
f 5257 5264 5268
f 5268 5259 5257
f 5269 5268 5264
f 5270 5268 5269
f 5264 5267 5271
f 5271 5269 5264
f 5269 5271 5272
f 5272 5270 5269
f 5027 5020 5258
f 5273 5027 5258
f 5027 5273 5274
f 5274 5028 5027
f 5273 5258 5259
f 5275 5273 5259
f 5273 5275 5276
f 5276 5274 5273
f 5259 5268 5275
f 5268 5270 5277
f 5276 5275 5268
f 5277 5276 5268
f 5270 5272 5278
f 5278 5277 5270
f 5247 5209 5224
f 5279 5247 5224
f 5248 5247 5279
f 5280 5248 5279
f 5248 5280 5281
f 5281 5249 5248
f 5279 5224 5225
f 5282 5279 5225
f 5280 5279 5282
f 5283 5280 5282
f 5280 5283 5284
f 5284 5281 5280
f 5225 5236 5285
f 5285 5282 5225
f 5282 5285 5286
f 5286 5283 5282
f 5284 5283 5286
f 5287 5284 5286
f 5285 5236 5237
f 5288 5285 5237
f 5285 5288 5289
f 5289 5286 5285
f 5287 5286 5289
f 5290 5287 5289
f 5261 5249 5281
f 5291 5261 5281
f 5281 5284 5292
f 5292 5291 5281
f 5261 5291 5293
f 5293 5265 5261
f 5265 5293 5294
f 5294 5266 5265
f 5267 5266 5294
f 5295 5267 5294
f 5293 5291 5292
f 5296 5293 5292
f 5293 5296 5297
f 5297 5294 5293
f 5294 5297 5298
f 5298 5295 5294
f 5267 5295 5299
f 5299 5271 5267
f 5300 5299 5295
f 5271 5299 5272
f 5295 5298 5301
f 5301 5300 5295
f 5284 5287 5302
f 5302 5292 5284
f 5287 5290 5303
f 5303 5302 5287
f 5292 5302 5304
f 5304 5296 5292
f 5297 5296 5304
f 5305 5297 5304
f 5297 5305 5306
f 5306 5298 5297
f 5302 5303 5307
f 5307 5304 5302
f 5304 5307 5308
f 5308 5305 5304
f 5305 5308 5309
f 5309 5306 5305
f 5298 5306 5310
f 5310 5301 5298
f 5306 5309 5311
f 5311 5310 5306
f 5312 5299 5300
f 5299 5312 5313
f 5278 5272 5299
f 5313 5278 5299
f 5300 5301 5314
f 5314 5312 5300
f 5313 5312 5314
f 5315 5313 5314
f 5301 5310 5316
f 5316 5314 5301
f 5315 5314 5316
f 5317 5315 5316
f 5310 5311 5318
f 5318 5316 5310
f 5317 5316 5318
f 5319 5317 5318
f 5089 5028 5274
f 5320 5089 5274
f 5090 5089 5320
f 5321 5090 5320
f 5090 5321 5322
f 5322 5091 5090
f 5320 5274 5276
f 5323 5320 5276
f 5321 5320 5323
f 5324 5321 5323
f 5321 5324 5325
f 5325 5322 5321
f 5091 5322 5326
f 5326 5093 5091
f 5326 5322 5325
f 5327 5326 5325
f 5093 5326 5328
f 5328 5096 5093
f 5097 5096 5328
f 5329 5097 5328
f 5328 5326 5327
f 5330 5328 5327
f 5329 5328 5330
f 5331 5329 5330
f 5276 5277 5332
f 5332 5323 5276
f 5324 5323 5332
f 5333 5324 5332
f 5325 5324 5333
f 5334 5325 5333
f 5277 5278 5335
f 5335 5332 5277
f 5332 5335 5336
f 5336 5333 5332
f 5334 5333 5336
f 5337 5334 5336
f 5325 5334 5338
f 5338 5327 5325
f 5334 5337 5339
f 5339 5338 5334
f 5327 5338 5340
f 5340 5330 5327
f 5330 5340 5341
f 5341 5331 5330
f 5338 5339 5342
f 5342 5340 5338
f 5341 5340 5342
f 5343 5341 5342
f 5111 5097 5329
f 5344 5111 5329
f 5111 5344 5345
f 5345 5112 5111
f 5112 5345 5346
f 5346 5113 5112
f 5344 5329 5331
f 5347 5344 5331
f 5344 5347 5348
f 5348 5345 5344
f 5345 5348 5349
f 5349 5346 5345
f 5116 5113 5346
f 5350 5116 5346
f 5117 5116 5350
f 5351 5117 5350
f 5350 5346 5349
f 5352 5350 5349
f 5351 5350 5352
f 5353 5351 5352
f 5331 5341 5354
f 5354 5347 5331
f 5348 5347 5354
f 5355 5348 5354
f 5349 5348 5355
f 5356 5349 5355
f 5354 5341 5343
f 5357 5354 5343
f 5355 5354 5357
f 5358 5355 5357
f 5355 5358 5359
f 5359 5356 5355
f 5352 5349 5356
f 5360 5352 5356
f 5353 5352 5360
f 5361 5353 5360
f 5360 5356 5359
f 5362 5360 5359
f 5361 5360 5362
f 5363 5361 5362
f 5278 5313 5364
f 5364 5335 5278
f 5335 5364 5365
f 5365 5336 5335
f 5337 5336 5365
f 5366 5337 5365
f 5313 5315 5367
f 5367 5364 5313
f 5364 5367 5368
f 5368 5365 5364
f 5366 5365 5368
f 5369 5366 5368
f 5337 5366 5370
f 5370 5339 5337
f 5366 5369 5371
f 5371 5370 5366
f 5339 5370 5372
f 5372 5342 5339
f 5343 5342 5372
f 5373 5343 5372
f 5370 5371 5374
f 5374 5372 5370
f 5373 5372 5374
f 5375 5373 5374
f 5315 5317 5376
f 5376 5367 5315
f 5367 5376 5377
f 5377 5368 5367
f 5369 5368 5377
f 5378 5369 5377
f 5317 5319 5379
f 5379 5376 5317
f 5376 5379 5380
f 5380 5377 5376
f 5378 5377 5380
f 5381 5378 5380
f 5369 5378 5382
f 5382 5371 5369
f 5378 5381 5383
f 5383 5382 5378
f 5371 5382 5384
f 5384 5374 5371
f 5375 5374 5384
f 5385 5375 5384
f 5384 5382 5383
f 5386 5384 5383
f 5385 5384 5386
f 5387 5385 5386
f 5357 5343 5373
f 5388 5357 5373
f 5357 5388 5389
f 5389 5358 5357
f 5358 5389 5390
f 5390 5359 5358
f 5373 5375 5391
f 5391 5388 5373
f 5392 5391 5375
f 5388 5391 5389
f 5393 5391 5392
f 5391 5393 5394
f 5390 5389 5391
f 5394 5390 5391
f 5362 5359 5390
f 5395 5362 5390
f 5363 5362 5395
f 5396 5363 5395
f 5395 5390 5394
f 5397 5395 5394
f 5396 5395 5397
f 5398 5396 5397
f 5392 5375 5385
f 5399 5392 5385
f 5393 5392 5399
f 5400 5393 5399
f 5393 5400 5401
f 5401 5394 5393
f 5385 5387 5402
f 5402 5399 5385
f 5403 5402 5387
f 5404 5402 5403
f 5399 5402 5400
f 5402 5404 5401
f 5401 5400 5402
f 5405 5401 5404
f 5394 5401 5406
f 5406 5397 5394
f 5397 5406 5407
f 5407 5398 5397
f 5401 5405 5408
f 5408 5406 5401
f 5406 5408 5409
f 5409 5407 5406
f 5149 5155 5410
f 5410 5213 5149
f 5155 5157 5411
f 5411 5410 5155
f 5411 5157 5163
f 5412 5411 5163
f 5412 5163 5165
f 5413 5412 5165
f 5229 5213 5410
f 5414 5229 5410
f 5230 5229 5414
f 5415 5230 5414
f 5230 5415 5416
f 5416 5231 5230
f 5414 5410 5411
f 5417 5414 5411
f 5415 5414 5417
f 5418 5415 5417
f 5416 5415 5418
f 5419 5416 5418
f 5231 5416 5420
f 5420 5234 5231
f 5235 5234 5420
f 5421 5235 5420
f 5416 5419 5422
f 5422 5420 5416
f 5421 5420 5422
f 5423 5421 5422
f 5237 5235 5421
f 5424 5237 5421
f 5424 5421 5423
f 5425 5424 5423
f 5411 5412 5426
f 5426 5417 5411
f 5418 5417 5426
f 5427 5418 5426
f 5419 5418 5427
f 5428 5419 5427
f 5412 5413 5429
f 5429 5426 5412
f 5427 5426 5429
f 5430 5427 5429
f 5428 5427 5430
f 5431 5428 5430
f 5419 5428 5432
f 5432 5422 5419
f 5422 5432 5433
f 5433 5423 5422
f 5428 5431 5434
f 5434 5432 5428
f 5432 5434 5435
f 5435 5433 5432
f 5423 5433 5436
f 5436 5425 5423
f 5433 5435 5437
f 5437 5436 5433
f 5413 5165 5171
f 5438 5413 5171
f 5438 5171 5173
f 5439 5438 5173
f 5173 5179 5440
f 5440 5439 5173
f 5179 5181 5441
f 5441 5440 5179
f 5413 5438 5442
f 5442 5429 5413
f 5429 5442 5443
f 5443 5430 5429
f 5444 5443 5442
f 5430 5443 5431
f 5438 5439 5445
f 5445 5442 5438
f 5442 5445 5446
f 5446 5444 5442
f 5447 5443 5444
f 5443 5447 5448
f 5434 5431 5443
f 5448 5434 5443
f 5434 5448 5449
f 5449 5435 5434
f 5447 5444 5446
f 5450 5447 5446
f 5448 5447 5450
f 5451 5448 5450
f 5449 5448 5451
f 5452 5449 5451
f 5437 5435 5449
f 5453 5437 5449
f 5453 5449 5452
f 5454 5453 5452
f 5445 5439 5440
f 5455 5445 5440
f 5446 5445 5455
f 5456 5446 5455
f 5455 5440 5441
f 5457 5455 5441
f 5456 5455 5457
f 5458 5456 5457
f 5446 5456 5459
f 5459 5450 5446
f 5450 5459 5460
f 5460 5451 5450
f 5452 5451 5460
f 5461 5452 5460
f 5456 5458 5462
f 5462 5459 5456
f 5459 5462 5463
f 5463 5460 5459
f 5461 5460 5463
f 5464 5461 5463
f 5454 5452 5461
f 5465 5454 5461
f 5461 5464 5466
f 5466 5465 5461
f 5288 5237 5424
f 5467 5288 5424
f 5289 5288 5467
f 5468 5289 5467
f 5289 5468 5469
f 5469 5290 5289
f 5424 5425 5470
f 5470 5467 5424
f 5468 5467 5470
f 5471 5468 5470
f 5468 5471 5472
f 5472 5469 5468
f 5425 5436 5473
f 5473 5470 5425
f 5470 5473 5474
f 5474 5471 5470
f 5471 5474 5475
f 5475 5472 5471
f 5436 5437 5476
f 5476 5473 5436
f 5473 5476 5477
f 5477 5474 5473
f 5474 5477 5478
f 5478 5475 5474
f 5290 5469 5479
f 5479 5303 5290
f 5469 5472 5480
f 5480 5479 5469
f 5307 5303 5479
f 5481 5307 5479
f 5307 5481 5482
f 5482 5308 5307
f 5308 5482 5483
f 5483 5309 5308
f 5481 5479 5480
f 5484 5481 5480
f 5481 5484 5485
f 5485 5482 5481
f 5482 5485 5486
f 5486 5483 5482
f 5309 5483 5487
f 5487 5311 5309
f 5487 5483 5486
f 5488 5487 5486
f 5480 5472 5475
f 5489 5480 5475
f 5489 5475 5478
f 5490 5489 5478
f 5484 5480 5489
f 5491 5484 5489
f 5485 5484 5491
f 5492 5485 5491
f 5486 5485 5492
f 5493 5486 5492
f 5489 5490 5494
f 5494 5491 5489
f 5492 5491 5494
f 5495 5492 5494
f 5493 5492 5495
f 5496 5493 5495
f 5486 5493 5497
f 5497 5488 5486
f 5497 5493 5496
f 5498 5497 5496
f 5311 5487 5499
f 5499 5318 5311
f 5319 5318 5499
f 5500 5319 5499
f 5499 5487 5488
f 5501 5499 5488
f 5499 5501 5502
f 5502 5500 5499
f 5488 5497 5503
f 5503 5501 5488
f 5501 5503 5504
f 5504 5502 5501
f 5503 5497 5498
f 5505 5503 5498
f 5503 5505 5506
f 5506 5504 5503
f 5437 5453 5507
f 5507 5476 5437
f 5476 5507 5508
f 5508 5477 5476
f 5478 5477 5508
f 5509 5478 5508
f 5453 5454 5510
f 5510 5507 5453
f 5508 5507 5510
f 5511 5508 5510
f 5509 5508 5511
f 5512 5509 5511
f 5510 5454 5465
f 5513 5510 5465
f 5511 5510 5513
f 5514 5511 5513
f 5512 5511 5514
f 5515 5512 5514
f 5513 5465 5466
f 5516 5513 5466
f 5514 5513 5516
f 5517 5514 5516
f 5514 5517 5518
f 5518 5515 5514
f 5478 5509 5519
f 5519 5490 5478
f 5509 5512 5520
f 5520 5519 5509
f 5494 5490 5519
f 5521 5494 5519
f 5494 5521 5522
f 5522 5495 5494
f 5496 5495 5522
f 5523 5496 5522
f 5521 5519 5520
f 5524 5521 5520
f 5521 5524 5525
f 5525 5522 5521
f 5522 5525 5526
f 5526 5523 5522
f 5496 5523 5527
f 5527 5498 5496
f 5523 5526 5528
f 5528 5527 5523
f 5520 5512 5515
f 5529 5520 5515
f 5529 5515 5518
f 5530 5529 5518
f 5520 5529 5531
f 5531 5524 5520
f 5525 5524 5531
f 5532 5525 5531
f 5525 5532 5533
f 5533 5526 5525
f 5529 5530 5534
f 5534 5531 5529
f 5532 5531 5534
f 5535 5532 5534
f 5532 5535 5536
f 5536 5533 5532
f 5528 5526 5533
f 5537 5528 5533
f 5537 5533 5536
f 5538 5537 5536
f 5498 5527 5539
f 5539 5505 5498
f 5505 5539 5540
f 5540 5506 5505
f 5527 5528 5541
f 5541 5539 5527
f 5539 5541 5542
f 5542 5540 5539
f 5541 5528 5537
f 5543 5541 5537
f 5541 5543 5544
f 5544 5542 5541
f 5543 5537 5538
f 5545 5543 5538
f 5543 5545 5546
f 5546 5544 5543
f 5379 5319 5500
f 5547 5379 5500
f 5380 5379 5547
f 5548 5380 5547
f 5381 5380 5548
f 5549 5381 5548
f 5547 5500 5502
f 5550 5547 5502
f 5548 5547 5550
f 5551 5548 5550
f 5549 5548 5551
f 5552 5549 5551
f 5381 5549 5553
f 5553 5383 5381
f 5549 5552 5554
f 5554 5553 5549
f 5383 5553 5555
f 5555 5386 5383
f 5387 5386 5555
f 5556 5387 5555
f 5553 5554 5557
f 5557 5555 5553
f 5556 5555 5557
f 5558 5556 5557
f 5550 5502 5504
f 5559 5550 5504
f 5551 5550 5559
f 5560 5551 5559
f 5551 5560 5561
f 5561 5552 5551
f 5559 5504 5506
f 5562 5559 5506
f 5560 5559 5562
f 5563 5560 5562
f 5560 5563 5564
f 5564 5561 5560
f 5554 5552 5561
f 5565 5554 5561
f 5565 5561 5564
f 5566 5565 5564
f 5557 5554 5565
f 5567 5557 5565
f 5557 5567 5568
f 5568 5558 5557
f 5567 5565 5566
f 5569 5567 5566
f 5567 5569 5570
f 5570 5568 5567
f 5387 5556 5571
f 5571 5403 5387
f 5572 5571 5556
f 5403 5571 5404
f 5573 5571 5572
f 5571 5573 5574
f 5404 5571 5574
f 5574 5405 5404
f 5556 5558 5575
f 5575 5572 5556
f 5572 5575 5576
f 5576 5573 5572
f 5574 5573 5576
f 5577 5574 5576
f 5408 5405 5574
f 5578 5408 5574
f 5408 5578 5579
f 5579 5409 5408
f 5578 5574 5577
f 5580 5578 5577
f 5578 5580 5581
f 5581 5579 5578
f 5575 5558 5568
f 5582 5575 5568
f 5576 5575 5582
f 5583 5576 5582
f 5576 5583 5584
f 5584 5577 5576
f 5568 5570 5585
f 5585 5582 5568
f 5586 5585 5570
f 5587 5585 5586
f 5582 5585 5583
f 5585 5587 5588
f 5584 5583 5585
f 5588 5584 5585
f 5577 5584 5589
f 5589 5580 5577
f 5580 5589 5590
f 5590 5581 5580
f 5584 5588 5591
f 5591 5589 5584
f 5589 5591 5592
f 5592 5590 5589
f 5562 5506 5540
f 5593 5562 5540
f 5563 5562 5593
f 5594 5563 5593
f 5563 5594 5595
f 5595 5564 5563
f 5593 5540 5542
f 5596 5593 5542
f 5594 5593 5596
f 5597 5594 5596
f 5594 5597 5598
f 5598 5595 5594
f 5566 5564 5595
f 5599 5566 5595
f 5599 5595 5598
f 5600 5599 5598
f 5569 5566 5599
f 5601 5569 5599
f 5569 5601 5602
f 5602 5570 5569
f 5601 5599 5600
f 5603 5601 5600
f 5601 5603 5604
f 5604 5602 5601
f 5596 5542 5544
f 5605 5596 5544
f 5597 5596 5605
f 5606 5597 5605
f 5597 5606 5607
f 5607 5598 5597
f 5605 5544 5546
f 5608 5605 5546
f 5606 5605 5608
f 5609 5606 5608
f 5606 5609 5610
f 5610 5607 5606
f 5600 5598 5607
f 5611 5600 5607
f 5611 5607 5610
f 5612 5611 5610
f 5603 5600 5611
f 5613 5603 5611
f 5603 5613 5614
f 5614 5604 5603
f 5613 5611 5612
f 5615 5613 5612
f 5613 5615 5616
f 5616 5614 5613
f 5570 5602 5617
f 5617 5586 5570
f 5587 5586 5617
f 5618 5587 5617
f 5588 5587 5618
f 5619 5588 5618
f 5602 5604 5620
f 5620 5617 5602
f 5618 5617 5620
f 5621 5618 5620
f 5619 5618 5621
f 5622 5619 5621
f 5588 5619 5623
f 5623 5591 5588
f 5591 5623 5624
f 5624 5592 5591
f 5619 5622 5625
f 5625 5623 5619
f 5624 5623 5625
f 5626 5624 5625
f 5604 5614 5627
f 5627 5620 5604
f 5621 5620 5627
f 5628 5621 5627
f 5622 5621 5628
f 5629 5622 5628
f 5614 5616 5630
f 5630 5627 5614
f 5628 5627 5630
f 5631 5628 5630
f 5629 5628 5631
f 5632 5629 5631
f 5622 5629 5633
f 5633 5625 5622
f 5626 5625 5633
f 5634 5626 5633
f 5629 5632 5635
f 5635 5633 5629
f 5633 5635 5636
f 5636 5634 5633
f 5176 1492 1982
f 5637 5176 1982
f 5177 5176 5637
f 5638 5177 5637
f 5637 1982 1984
f 5639 5637 1984
f 5638 5637 5639
f 5640 5638 5639
f 5180 5177 5638
f 5641 5180 5638
f 5180 5641 5642
f 5642 5181 5180
f 5641 5638 5640
f 5643 5641 5640
f 5644 5643 5640
f 5641 5643 5642
f 5639 1984 1990
f 5645 5639 1990
f 5640 5639 5645
f 5646 5640 5645
f 1990 1992 5647
f 5647 5645 1990
f 5645 5647 5648
f 5648 5646 5645
f 5640 5646 5649
f 5649 5644 5640
f 5646 5648 5650
f 5650 5649 5646
f 1992 2010 5651
f 5651 5647 1992
f 5647 5651 5652
f 5652 5648 5647
f 2010 2012 5653
f 5653 5651 2010
f 5651 5653 5654
f 5654 5652 5651
f 5650 5648 5652
f 5655 5650 5652
f 5655 5652 5654
f 5656 5655 5654
f 5657 5656 5654
f 5658 5656 5657
f 2012 2018 5659
f 5659 5653 2012
f 5653 5659 5660
f 5660 5654 5653
f 5659 2018 2020
f 5661 5659 2020
f 5660 5659 5661
f 5662 5660 5661
f 5654 5660 5663
f 5663 5657 5654
f 5657 5663 5664
f 5664 5658 5657
f 5660 5662 5665
f 5665 5663 5660
f 5666 5665 5662
f 5663 5665 5664
f 5661 2020 2030
f 5667 5661 2030
f 5662 5661 5667
f 5668 5662 5667
f 5667 2030 2032
f 5669 5667 2032
f 5668 5667 5669
f 5670 5668 5669
f 5662 5668 5671
f 5671 5666 5662
f 5668 5670 5672
f 5672 5671 5668
f 5669 2032 2040
f 5673 5669 2040
f 5670 5669 5673
f 5674 5670 5673
f 2040 2042 5675
f 5675 5673 2040
f 5673 5675 5676
f 5676 5674 5673
f 5670 5674 5677
f 5677 5672 5670
f 5674 5676 5678
f 5678 5677 5674
f 2042 2056 5679
f 5679 5675 2042
f 5675 5679 5680
f 5680 5676 5675
f 2056 2058 5681
f 5681 5679 2056
f 5679 5681 5682
f 5682 5680 5679
f 5678 5676 5680
f 5683 5678 5680
f 5683 5680 5682
f 5684 5683 5682
f 2058 2064 5685
f 5685 5681 2058
f 5681 5685 5686
f 5686 5682 5681
f 2064 2066 5687
f 5687 5685 2064
f 5685 5687 5688
f 5688 5686 5685
f 5684 5682 5686
f 5689 5684 5686
f 5686 5688 5690
f 5690 5689 5686
f 5691 5690 5688
f 5692 5690 5691
f 5181 5642 5693
f 5693 5441 5181
f 5694 5643 5644
f 5643 5694 5695
f 5693 5642 5643
f 5695 5693 5643
f 5644 5649 5696
f 5696 5694 5644
f 5695 5694 5696
f 5697 5695 5696
f 5649 5650 5698
f 5698 5696 5649
f 5697 5696 5698
f 5699 5697 5698
f 5457 5441 5693
f 5700 5457 5693
f 5457 5700 5701
f 5701 5458 5457
f 5702 5701 5700
f 5703 5701 5702
f 5700 5693 5695
f 5704 5700 5695
f 5700 5704 5705
f 5705 5702 5700
f 5702 5705 5706
f 5706 5703 5702
f 5458 5701 5462
f 5701 5703 5707
f 5463 5462 5701
f 5707 5463 5701
f 5464 5463 5707
f 5708 5464 5707
f 5707 5703 5706
f 5709 5707 5706
f 5707 5709 5710
f 5710 5708 5707
f 5464 5708 5711
f 5711 5466 5464
f 5708 5710 5712
f 5712 5711 5708
f 5704 5695 5697
f 5713 5704 5697
f 5704 5713 5714
f 5714 5705 5704
f 5705 5714 5715
f 5715 5706 5705
f 5713 5697 5699
f 5716 5713 5699
f 5713 5716 5717
f 5717 5714 5713
f 5714 5717 5718
f 5718 5715 5714
f 5709 5706 5715
f 5719 5709 5715
f 5709 5719 5720
f 5720 5710 5709
f 5719 5715 5718
f 5721 5719 5718
f 5719 5721 5722
f 5722 5720 5719
f 5710 5720 5723
f 5723 5712 5710
f 5720 5722 5724
f 5724 5723 5720
f 5698 5650 5655
f 5725 5698 5655
f 5698 5725 5726
f 5726 5699 5698
f 5655 5656 5725
f 5656 5658 5727
f 5726 5725 5656
f 5727 5726 5656
f 5727 5658 5664
f 5728 5727 5664
f 5729 5665 5666
f 5665 5729 5730
f 5728 5664 5665
f 5730 5728 5665
f 5699 5726 5731
f 5731 5716 5699
f 5717 5716 5731
f 5732 5717 5731
f 5718 5717 5732
f 5733 5718 5732
f 5726 5727 5734
f 5734 5731 5726
f 5732 5731 5734
f 5735 5732 5734
f 5733 5732 5735
f 5736 5733 5735
f 5718 5733 5737
f 5737 5721 5718
f 5722 5721 5737
f 5738 5722 5737
f 5733 5736 5739
f 5739 5737 5733
f 5738 5737 5739
f 5740 5738 5739
f 5724 5722 5738
f 5741 5724 5738
f 5741 5738 5740
f 5742 5741 5740
f 5727 5728 5743
f 5743 5734 5727
f 5735 5734 5743
f 5744 5735 5743
f 5736 5735 5744
f 5745 5736 5744
f 5743 5728 5730
f 5746 5743 5730
f 5744 5743 5746
f 5747 5744 5746
f 5745 5744 5747
f 5748 5745 5747
f 5736 5745 5749
f 5749 5739 5736
f 5740 5739 5749
f 5750 5740 5749
f 5749 5745 5748
f 5751 5749 5748
f 5749 5751 5752
f 5752 5750 5749
f 5742 5740 5750
f 5753 5742 5750
f 5750 5752 5754
f 5754 5753 5750
f 5516 5466 5711
f 5755 5516 5711
f 5517 5516 5755
f 5756 5517 5755
f 5518 5517 5756
f 5757 5518 5756
f 5755 5711 5712
f 5758 5755 5712
f 5756 5755 5758
f 5759 5756 5758
f 5757 5756 5759
f 5760 5757 5759
f 5758 5712 5723
f 5761 5758 5723
f 5758 5761 5762
f 5762 5759 5758
f 5759 5762 5763
f 5763 5760 5759
f 5723 5724 5764
f 5764 5761 5723
f 5761 5764 5765
f 5765 5762 5761
f 5762 5765 5766
f 5766 5763 5762
f 5530 5518 5757
f 5767 5530 5757
f 5757 5760 5768
f 5768 5767 5757
f 5530 5767 5769
f 5769 5534 5530
f 5534 5769 5770
f 5770 5535 5534
f 5535 5770 5771
f 5771 5536 5535
f 5767 5768 5772
f 5772 5769 5767
f 5770 5769 5772
f 5773 5770 5772
f 5771 5770 5773
f 5774 5771 5773
f 5536 5771 5775
f 5775 5538 5536
f 5771 5774 5776
f 5776 5775 5771
f 5768 5760 5763
f 5777 5768 5763
f 5777 5763 5766
f 5778 5777 5766
f 5768 5777 5779
f 5779 5772 5768
f 5773 5772 5779
f 5780 5773 5779
f 5774 5773 5780
f 5781 5774 5780
f 5779 5777 5778
f 5782 5779 5778
f 5780 5779 5782
f 5783 5780 5782
f 5781 5780 5783
f 5784 5781 5783
f 5776 5774 5781
f 5785 5776 5781
f 5785 5781 5784
f 5786 5785 5784
f 5538 5775 5787
f 5787 5545 5538
f 5545 5787 5788
f 5788 5546 5545
f 5775 5776 5789
f 5789 5787 5775
f 5788 5787 5789
f 5790 5788 5789
f 5789 5776 5785
f 5791 5789 5785
f 5789 5791 5792
f 5792 5790 5789
f 5791 5785 5786
f 5793 5791 5786
f 5791 5793 5794
f 5794 5792 5791
f 5724 5741 5795
f 5795 5764 5724
f 5765 5764 5795
f 5796 5765 5795
f 5765 5796 5797
f 5797 5766 5765
f 5741 5742 5798
f 5798 5795 5741
f 5796 5795 5798
f 5799 5796 5798
f 5796 5799 5800
f 5800 5797 5796
f 5798 5742 5753
f 5801 5798 5753
f 5798 5801 5802
f 5802 5799 5798
f 5800 5799 5802
f 5803 5800 5802
f 5801 5753 5754
f 5804 5801 5754
f 5801 5804 5805
f 5805 5802 5801
f 5803 5802 5805
f 5806 5803 5805
f 5778 5766 5797
f 5807 5778 5797
f 5797 5800 5808
f 5808 5807 5797
f 5782 5778 5807
f 5809 5782 5807
f 5783 5782 5809
f 5810 5783 5809
f 5783 5810 5811
f 5811 5784 5783
f 5809 5807 5808
f 5812 5809 5808
f 5809 5812 5813
f 5813 5810 5809
f 5810 5813 5814
f 5814 5811 5810
f 5784 5811 5815
f 5815 5786 5784
f 5816 5815 5811
f 5817 5815 5816
f 5811 5814 5818
f 5818 5816 5811
f 5819 5818 5814
f 5816 5818 5817
f 5800 5803 5820
f 5820 5808 5800
f 5803 5806 5821
f 5821 5820 5803
f 5808 5820 5822
f 5822 5812 5808
f 5812 5822 5823
f 5823 5813 5812
f 5813 5823 5824
f 5824 5814 5813
f 5822 5820 5821
f 5825 5822 5821
f 5822 5825 5826
f 5826 5823 5822
f 5823 5826 5827
f 5827 5824 5823
f 5814 5824 5828
f 5828 5819 5814
f 5824 5827 5829
f 5829 5828 5824
f 5786 5815 5793
f 5815 5817 5830
f 5794 5793 5815
f 5830 5794 5815
f 5831 5818 5819
f 5818 5831 5832
f 5830 5817 5818
f 5832 5830 5818
f 5819 5828 5833
f 5833 5831 5819
f 5832 5831 5833
f 5834 5832 5833
f 5828 5829 5835
f 5835 5833 5828
f 5834 5833 5835
f 5836 5834 5835
f 5608 5546 5788
f 5837 5608 5788
f 5609 5608 5837
f 5838 5609 5837
f 5609 5838 5839
f 5839 5610 5609
f 5837 5788 5790
f 5840 5837 5790
f 5838 5837 5840
f 5841 5838 5840
f 5838 5841 5842
f 5842 5839 5838
f 5610 5839 5843
f 5843 5612 5610
f 5844 5843 5839
f 5845 5843 5844
f 5839 5842 5846
f 5846 5844 5839
f 5845 5844 5846
f 5847 5845 5846
f 5612 5843 5615
f 5843 5845 5848
f 5616 5615 5843
f 5848 5616 5843
f 5848 5845 5847
f 5849 5848 5847
f 5840 5790 5792
f 5850 5840 5792
f 5841 5840 5850
f 5851 5841 5850
f 5841 5851 5852
f 5852 5842 5841
f 5792 5794 5853
f 5853 5850 5792
f 5850 5853 5854
f 5854 5851 5850
f 5852 5851 5854
f 5855 5852 5854
f 5846 5842 5852
f 5856 5846 5852
f 5846 5856 5857
f 5857 5847 5846
f 5856 5852 5855
f 5858 5856 5855
f 5856 5858 5859
f 5859 5857 5856
f 5849 5847 5857
f 5860 5849 5857
f 5857 5859 5861
f 5861 5860 5857
f 5616 5848 5862
f 5862 5630 5616
f 5631 5630 5862
f 5863 5631 5862
f 5632 5631 5863
f 5864 5632 5863
f 5848 5849 5865
f 5865 5862 5848
f 5862 5865 5866
f 5866 5863 5862
f 5867 5866 5865
f 5863 5866 5864
f 5632 5864 5868
f 5868 5635 5632
f 5636 5635 5868
f 5869 5636 5868
f 5870 5866 5867
f 5866 5870 5871
f 5868 5864 5866
f 5871 5868 5866
f 5869 5868 5871
f 5872 5869 5871
f 5849 5860 5873
f 5873 5865 5849
f 5865 5873 5874
f 5874 5867 5865
f 5875 5874 5873
f 5876 5874 5875
f 5873 5860 5861
f 5877 5873 5861
f 5873 5877 5878
f 5878 5875 5873
f 5875 5878 5879
f 5879 5876 5875
f 5867 5874 5870
f 5874 5876 5880
f 5871 5870 5874
f 5880 5871 5874
f 5871 5880 5881
f 5881 5872 5871
f 5876 5879 5882
f 5882 5880 5876
f 5880 5882 5883
f 5883 5881 5880
f 5794 5830 5884
f 5884 5853 5794
f 5853 5884 5885
f 5885 5854 5853
f 5855 5854 5885
f 5886 5855 5885
f 5830 5832 5887
f 5887 5884 5830
f 5884 5887 5888
f 5888 5885 5884
f 5886 5885 5888
f 5889 5886 5888
f 5858 5855 5886
f 5890 5858 5886
f 5858 5890 5891
f 5891 5859 5858
f 5886 5889 5892
f 5893 5890 5886
f 5892 5893 5886
f 5890 5893 5891
f 5859 5891 5894
f 5894 5861 5859
f 5895 5893 5892
f 5893 5895 5896
f 5894 5891 5893
f 5896 5894 5893
f 5832 5834 5897
f 5897 5887 5832
f 5887 5897 5898
f 5898 5888 5887
f 5889 5888 5898
f 5899 5889 5898
f 5834 5836 5900
f 5900 5897 5834
f 5897 5900 5901
f 5901 5898 5897
f 5898 5901 5902
f 5902 5899 5898
f 5892 5889 5899
f 5903 5892 5899
f 5903 5899 5902
f 5904 5903 5902
f 5895 5892 5903
f 5905 5895 5903
f 5895 5905 5906
f 5906 5896 5895
f 5905 5903 5904
f 5907 5905 5904
f 5905 5907 5908
f 5908 5906 5905
f 5877 5861 5894
f 5909 5877 5894
f 5878 5877 5909
f 5910 5878 5909
f 5879 5878 5910
f 5911 5879 5910
f 5909 5894 5896
f 5912 5909 5896
f 5909 5912 5913
f 5913 5910 5909
f 5914 5913 5912
f 5910 5913 5911
f 5879 5911 5915
f 5915 5882 5879
f 5882 5915 5916
f 5916 5883 5882
f 5917 5913 5914
f 5913 5917 5915
f 5915 5911 5913
f 5918 5915 5917
f 5915 5918 5919
f 5919 5916 5915
f 5896 5906 5920
f 5920 5912 5896
f 5912 5920 5921
f 5921 5914 5912
f 5906 5908 5922
f 5922 5920 5906
f 5920 5922 5923
f 5923 5921 5920
f 5917 5914 5921
f 5924 5917 5921
f 5918 5917 5924
f 5925 5918 5924
f 5919 5918 5925
f 5926 5919 5925
f 5924 5921 5923
f 5927 5924 5923
f 5925 5924 5927
f 5928 5925 5927
f 5925 5928 5929
f 5929 5926 5925
f 5666 5671 5930
f 5930 5729 5666
f 5730 5729 5930
f 5931 5730 5930
f 5671 5672 5932
f 5932 5930 5671
f 5931 5930 5932
f 5933 5931 5932
f 5672 5677 5934
f 5934 5932 5672
f 5933 5932 5934
f 5935 5933 5934
f 5677 5678 5936
f 5936 5934 5677
f 5935 5934 5936
f 5937 5935 5936
f 5746 5730 5931
f 5938 5746 5931
f 5746 5938 5939
f 5939 5747 5746
f 5747 5939 5940
f 5940 5748 5747
f 5938 5931 5933
f 5941 5938 5933
f 5938 5941 5942
f 5942 5939 5938
f 5939 5942 5943
f 5943 5940 5939
f 5751 5748 5940
f 5944 5751 5940
f 5751 5944 5945
f 5945 5752 5751
f 5944 5940 5943
f 5946 5944 5943
f 5944 5946 5947
f 5947 5945 5944
f 5752 5945 5948
f 5948 5754 5752
f 5948 5945 5947
f 5949 5948 5947
f 5941 5933 5935
f 5950 5941 5935
f 5941 5950 5951
f 5951 5942 5941
f 5942 5951 5952
f 5952 5943 5942
f 5950 5935 5937
f 5953 5950 5937
f 5950 5953 5954
f 5954 5951 5950
f 5951 5954 5955
f 5955 5952 5951
f 5946 5943 5952
f 5956 5946 5952
f 5947 5946 5956
f 5957 5947 5956
f 5952 5955 5958
f 5958 5956 5952
f 5959 5958 5955
f 5956 5958 5957
f 5947 5957 5960
f 5960 5949 5947
f 5961 5958 5959
f 5958 5961 5962
f 5960 5957 5958
f 5962 5960 5958
f 5936 5678 5683
f 5963 5936 5683
f 5936 5963 5964
f 5964 5937 5936
f 5963 5683 5684
f 5965 5963 5684
f 5963 5965 5966
f 5966 5964 5963
f 5965 5684 5689
f 5967 5965 5689
f 5965 5967 5968
f 5968 5966 5965
f 5689 5690 5967
f 5690 5692 5969
f 5968 5967 5690
f 5969 5968 5690
f 5953 5937 5964
f 5970 5953 5964
f 5953 5970 5971
f 5971 5954 5953
f 5954 5971 5972
f 5972 5955 5954
f 5964 5966 5973
f 5973 5970 5964
f 5970 5973 5974
f 5974 5971 5970
f 5972 5971 5974
f 5975 5972 5974
f 5959 5955 5972
f 5976 5959 5972
f 5976 5972 5975
f 5977 5976 5975
f 5959 5976 5978
f 5978 5961 5959
f 5962 5961 5978
f 5979 5962 5978
f 5978 5976 5977
f 5980 5978 5977
f 5978 5980 5981
f 5981 5979 5978
f 5966 5968 5982
f 5982 5973 5966
f 5974 5973 5982
f 5983 5974 5982
f 5975 5974 5983
f 5984 5975 5983
f 5968 5969 5985
f 5985 5982 5968
f 5983 5982 5985
f 5986 5983 5985
f 5984 5983 5986
f 5987 5984 5986
f 5975 5984 5988
f 5989 5977 5975
f 5988 5989 5975
f 5990 5989 5988
f 5984 5987 5991
f 5991 5988 5984
f 5990 5988 5991
f 5992 5990 5991
f 5977 5989 5980
f 5989 5990 5981
f 5981 5980 5989
f 5993 5981 5990
f 5993 5990 5992
f 5994 5993 5992
f 5804 5754 5948
f 5995 5804 5948
f 5804 5995 5996
f 5996 5805 5804
f 5806 5805 5996
f 5997 5806 5996
f 5948 5949 5998
f 5998 5995 5948
f 5995 5998 5999
f 5999 5996 5995
f 5997 5996 5999
f 6000 5997 5999
f 5949 5960 6001
f 6001 5998 5949
f 5998 6001 6002
f 6002 5999 5998
f 6000 5999 6002
f 6003 6000 6002
f 5960 5962 6004
f 6004 6001 5960
f 6001 6004 6005
f 6005 6002 6001
f 6002 6005 6006
f 6006 6003 6002
f 5806 5997 6007
f 6007 5821 5806
f 5997 6000 6008
f 6008 6007 5997
f 5821 6007 6009
f 6009 5825 5821
f 5825 6009 6010
f 6010 5826 5825
f 5826 6010 6011
f 6011 5827 5826
f 6009 6007 6008
f 6012 6009 6008
f 6010 6009 6012
f 6013 6010 6012
f 6011 6010 6013
f 6014 6011 6013
f 5827 6011 6015
f 6015 5829 5827
f 6011 6014 6016
f 6016 6015 6011
f 6000 6003 6017
f 6017 6008 6000
f 6003 6006 6018
f 6018 6017 6003
f 6012 6008 6017
f 6019 6012 6017
f 6013 6012 6019
f 6020 6013 6019
f 6014 6013 6020
f 6021 6014 6020
f 6019 6017 6018
f 6022 6019 6018
f 6019 6022 6023
f 6023 6020 6019
f 6021 6020 6023
f 6024 6021 6023
f 6016 6014 6021
f 6025 6016 6021
f 6025 6021 6024
f 6026 6025 6024
f 5829 6015 6027
f 6027 5835 5829
f 5836 5835 6027
f 6028 5836 6027
f 6015 6016 6029
f 6029 6027 6015
f 6027 6029 6030
f 6030 6028 6027
f 6029 6016 6025
f 6031 6029 6025
f 6029 6031 6032
f 6032 6030 6029
f 6031 6025 6026
f 6033 6031 6026
f 6031 6033 6034
f 6034 6032 6031
f 6004 5962 5979
f 6035 6004 5979
f 6004 6035 6036
f 6036 6005 6004
f 6006 6005 6036
f 6037 6006 6036
f 6035 5979 5981
f 6038 6035 5981
f 6036 6035 6038
f 6039 6036 6038
f 6037 6036 6039
f 6040 6037 6039
f 6038 5981 5993
f 6041 6038 5993
f 6039 6038 6041
f 6042 6039 6041
f 6039 6042 6043
f 6043 6040 6039
f 5993 5994 6044
f 6044 6041 5993
f 6042 6041 6044
f 6045 6042 6044
f 6042 6045 6046
f 6046 6043 6042
f 6018 6006 6037
f 6047 6018 6037
f 6037 6040 6048
f 6048 6047 6037
f 6018 6047 6049
f 6049 6022 6018
f 6023 6022 6049
f 6050 6023 6049
f 6024 6023 6050
f 6051 6024 6050
f 6047 6048 6052
f 6052 6049 6047
f 6050 6049 6052
f 6053 6050 6052
f 6050 6053 6054
f 6054 6051 6050
f 6024 6051 6055
f 6055 6026 6024
f 6056 6055 6051
f 6057 6055 6056
f 6056 6051 6054
f 6058 6056 6054
f 6057 6056 6058
f 6059 6057 6058
f 6048 6040 6043
f 6060 6048 6043
f 6060 6043 6046
f 6061 6060 6046
f 6048 6060 6062
f 6062 6052 6048
f 6053 6052 6062
f 6063 6053 6062
f 6053 6063 6064
f 6064 6054 6053
f 6062 6060 6061
f 6065 6062 6061
f 6062 6065 6066
f 6066 6063 6062
f 6064 6063 6066
f 6067 6064 6066
f 6058 6054 6064
f 6068 6058 6064
f 6059 6058 6068
f 6069 6059 6068
f 6064 6067 6070
f 6070 6068 6064
f 6071 6070 6067
f 6068 6070 6069
f 6026 6055 6033
f 6055 6057 6072
f 6034 6033 6055
f 6072 6034 6055
f 6072 6057 6059
f 6073 6072 6059
f 6073 6059 6069
f 6074 6073 6069
f 6075 6070 6071
f 6070 6075 6074
f 6074 6069 6070
f 6076 6074 6075
f 5836 6028 6077
f 6077 5900 5836
f 5900 6077 6078
f 6078 5901 5900
f 5901 6078 6079
f 6079 5902 5901
f 6077 6028 6030
f 6080 6077 6030
f 6078 6077 6080
f 6081 6078 6080
f 6078 6081 6082
f 6082 6079 6078
f 5902 6079 6083
f 6083 5904 5902
f 6084 6083 6079
f 6085 6083 6084
f 6079 6082 6086
f 6086 6084 6079
f 6085 6084 6086
f 6087 6085 6086
f 5904 6083 5907
f 6083 6085 5908
f 5908 5907 6083
f 6088 5908 6085
f 6088 6085 6087
f 6089 6088 6087
f 6080 6030 6032
f 6090 6080 6032
f 6081 6080 6090
f 6091 6081 6090
f 6081 6091 6092
f 6092 6082 6081
f 6032 6034 6093
f 6093 6090 6032
f 6091 6090 6093
f 6094 6091 6093
f 6092 6091 6094
f 6095 6092 6094
f 6086 6082 6092
f 6096 6086 6092
f 6086 6096 6097
f 6097 6087 6086
f 6092 6095 6098
f 6098 6096 6092
f 6099 6098 6095
f 6096 6098 6097
f 6087 6097 6100
f 6100 6089 6087
f 6101 6098 6099
f 6098 6101 6102
f 6100 6097 6098
f 6102 6100 6098
f 5908 6088 6103
f 6103 5922 5908
f 5922 6103 6104
f 6104 5923 5922
f 6103 6088 6089
f 6105 6103 6089
f 6104 6103 6105
f 6106 6104 6105
f 5927 5923 6104
f 6107 5927 6104
f 5928 5927 6107
f 6108 5928 6107
f 5928 6108 6109
f 6109 5929 5928
f 6104 6106 6110
f 6110 6107 6104
f 6107 6110 6111
f 6111 6108 6107
f 6109 6108 6111
f 6112 6109 6111
f 6105 6089 6100
f 6113 6105 6100
f 6106 6105 6113
f 6114 6106 6113
f 6113 6100 6102
f 6115 6113 6102
f 6114 6113 6115
f 6116 6114 6115
f 6106 6114 6117
f 6117 6110 6106
f 6110 6117 6118
f 6118 6111 6110
f 6112 6111 6118
f 6119 6112 6118
f 6114 6116 6120
f 6120 6117 6114
f 6117 6120 6121
f 6121 6118 6117
f 6119 6118 6121
f 6122 6119 6121
f 6034 6072 6123
f 6123 6093 6034
f 6094 6093 6123
f 6124 6094 6123
f 6095 6094 6124
f 6125 6095 6124
f 6072 6073 6126
f 6126 6123 6072
f 6123 6126 6127
f 6127 6124 6123
f 6125 6124 6127
f 6128 6125 6127
f 6095 6125 6129
f 6129 6099 6095
f 6125 6128 6130
f 6130 6129 6125
f 6099 6129 6131
f 6131 6101 6099
f 6102 6101 6131
f 6132 6102 6131
f 6129 6130 6133
f 6133 6131 6129
f 6132 6131 6133
f 6134 6132 6133
f 6073 6074 6135
f 6135 6126 6073
f 6126 6135 6136
f 6136 6127 6126
f 6128 6127 6136
f 6137 6128 6136
f 6074 6076 6138
f 6138 6135 6074
f 6135 6138 6139
f 6139 6136 6135
f 6137 6136 6139
f 6140 6137 6139
f 6128 6137 6141
f 6141 6130 6128
f 6137 6140 6142
f 6142 6141 6137
f 6130 6141 6143
f 6143 6133 6130
f 6134 6133 6143
f 6144 6134 6143
f 6141 6142 6145
f 6145 6143 6141
f 6144 6143 6145
f 6146 6144 6145
f 6115 6102 6132
f 6147 6115 6132
f 6116 6115 6147
f 6148 6116 6147
f 6147 6132 6134
f 6149 6147 6134
f 6147 6149 6150
f 6151 6148 6147
f 6150 6151 6147
f 6152 6151 6150
f 6116 6148 6153
f 6153 6120 6116
f 6120 6153 6154
f 6154 6121 6120
f 6121 6154 6155
f 6155 6122 6121
f 6148 6151 6153
f 6151 6152 6156
f 6154 6153 6151
f 6156 6154 6151
f 6154 6156 6157
f 6157 6155 6154
f 6149 6134 6144
f 6158 6149 6144
f 6149 6158 6159
f 6159 6150 6149
f 6150 6159 6160
f 6160 6152 6150
f 6144 6146 6161
f 6161 6158 6144
f 6162 6161 6146
f 6158 6161 6159
f 6163 6161 6162
f 6161 6163 6164
f 6160 6159 6161
f 6164 6160 6161
f 6156 6152 6160
f 6165 6156 6160
f 6157 6156 6165
f 6166 6157 6165
f 6165 6160 6164
f 6167 6165 6164
f 6166 6165 6167
f 6168 6166 6167
f 5687 2066 2517
f 6169 5687 2517
f 5688 5687 6169
f 6170 5688 6169
f 6169 2517 2519
f 6171 6169 2519
f 6170 6169 6171
f 6172 6170 6171
f 5688 6170 6173
f 6173 5691 5688
f 5692 5691 6173
f 6174 5692 6173
f 6173 6170 6172
f 6175 6173 6172
f 6173 6175 6176
f 6176 6174 6173
f 6171 2519 2526
f 6177 6171 2526
f 6172 6171 6177
f 6178 6172 6177
f 6177 2526 2528
f 6179 6177 2528
f 6178 6177 6179
f 6180 6178 6179
f 6172 6178 6181
f 6182 6175 6172
f 6181 6182 6172
f 6175 6182 6176
f 6178 6180 6183
f 6183 6181 6178
f 6179 2528 2542
f 6184 6179 2542
f 6180 6179 6184
f 6185 6180 6184
f 6184 2542 2544
f 6186 6184 2544
f 6184 6186 6187
f 6187 6185 6184
f 6180 6185 6188
f 6188 6183 6180
f 6188 6185 6187
f 6189 6188 6187
f 6186 2544 2550
f 6190 6186 2550
f 6187 6186 6190
f 6191 6187 6190
f 6190 2550 2552
f 6192 6190 2552
f 6190 6192 6193
f 6193 6191 6190
f 6194 6193 6192
f 6187 6191 6195
f 6195 6189 6187
f 6191 6193 6195
f 2552 2566 6196
f 6196 6192 2552
f 6194 6192 6196
f 6197 6194 6196
f 2566 2568 6198
f 6198 6196 2566
f 6196 6198 6199
f 6199 6197 6196
f 6200 6199 6198
f 6201 6199 6200
f 2568 2574 6202
f 6202 6198 2568
f 6198 6202 6203
f 6203 6200 6198
f 2574 2576 6204
f 6204 6202 2574
f 6202 6204 6205
f 6205 6203 6202
f 6201 6200 6203
f 6206 6201 6203
f 6203 6205 6207
f 6207 6206 6203
f 2576 2585 6208
f 6208 6204 2576
f 6204 6208 6209
f 6209 6205 6204
f 2585 2587 6210
f 6210 6208 2585
f 6208 6210 6211
f 6211 6209 6208
f 6207 6205 6209
f 6212 6207 6209
f 6212 6209 6211
f 6213 6212 6211
f 2587 2595 6214
f 6214 6210 2587
f 6210 6214 6215
f 6215 6211 6210
f 6214 2595 2597
f 6216 6214 2597
f 6215 6214 6216
f 6217 6215 6216
f 6211 6215 6218
f 6218 6213 6211
f 6218 6215 6217
f 6219 6218 6217
f 5969 5692 6174
f 6220 5969 6174
f 6174 6176 6221
f 6221 6220 6174
f 6222 6182 6181
f 6182 6222 6223
f 6221 6176 6182
f 6223 6221 6182
f 6181 6183 6224
f 6224 6222 6181
f 6223 6222 6224
f 6225 6223 6224
f 5969 6220 6226
f 6226 5985 5969
f 5986 5985 6226
f 6227 5986 6226
f 5987 5986 6227
f 6228 5987 6227
f 6226 6220 6221
f 6229 6226 6221
f 6226 6229 6230
f 6230 6227 6226
f 6227 6230 6231
f 6231 6228 6227
f 5987 6228 6232
f 6232 5991 5987
f 5992 5991 6232
f 6233 5992 6232
f 6232 6228 6231
f 6234 6232 6231
f 6232 6234 6235
f 6235 6233 6232
f 5994 5992 6233
f 6236 5994 6233
f 6233 6235 6237
f 6237 6236 6233
f 6229 6221 6223
f 6238 6229 6223
f 6229 6238 6239
f 6239 6230 6229
f 6230 6239 6240
f 6240 6231 6230
f 6238 6223 6225
f 6241 6238 6225
f 6238 6241 6242
f 6242 6239 6238
f 6239 6242 6243
f 6243 6240 6239
f 6234 6231 6240
f 6244 6234 6240
f 6235 6234 6244
f 6245 6235 6244
f 6244 6240 6243
f 6246 6244 6243
f 6244 6246 6247
f 6247 6245 6244
f 6235 6245 6248
f 6248 6237 6235
f 6248 6245 6247
f 6249 6248 6247
f 6183 6188 6250
f 6250 6224 6183
f 6224 6250 6251
f 6251 6225 6224
f 6250 6188 6189
f 6252 6250 6189
f 6250 6252 6253
f 6253 6251 6250
f 6254 6193 6194
f 6189 6195 6255
f 6255 6252 6189
f 6252 6255 6256
f 6256 6253 6252
f 6193 6254 6257
f 6255 6195 6193
f 6257 6255 6193
f 6256 6255 6257
f 6258 6256 6257
f 6225 6251 6259
f 6259 6241 6225
f 6242 6241 6259
f 6260 6242 6259
f 6243 6242 6260
f 6261 6243 6260
f 6251 6253 6262
f 6262 6259 6251
f 6260 6259 6262
f 6263 6260 6262
f 6261 6260 6263
f 6264 6261 6263
f 6243 6261 6265
f 6265 6246 6243
f 6247 6246 6265
f 6266 6247 6265
f 6261 6264 6267
f 6267 6265 6261
f 6266 6265 6267
f 6268 6266 6267
f 6249 6247 6266
f 6269 6249 6266
f 6269 6266 6268
f 6270 6269 6268
f 6253 6256 6271
f 6271 6262 6253
f 6263 6262 6271
f 6272 6263 6271
f 6264 6263 6272
f 6273 6264 6272
f 6256 6258 6274
f 6274 6271 6256
f 6272 6271 6274
f 6275 6272 6274
f 6273 6272 6275
f 6276 6273 6275
f 6264 6273 6277
f 6277 6267 6264
f 6268 6267 6277
f 6278 6268 6277
f 6273 6276 6279
f 6279 6277 6273
f 6278 6277 6279
f 6280 6278 6279
f 6270 6268 6278
f 6281 6270 6278
f 6281 6278 6280
f 6282 6281 6280
f 5994 6236 6283
f 6283 6044 5994
f 6045 6044 6283
f 6284 6045 6283
f 6045 6284 6285
f 6285 6046 6045
f 6236 6237 6286
f 6286 6283 6236
f 6283 6286 6287
f 6287 6284 6283
f 6285 6284 6287
f 6288 6285 6287
f 6237 6248 6289
f 6289 6286 6237
f 6286 6289 6290
f 6290 6287 6286
f 6288 6287 6290
f 6291 6288 6290
f 6248 6249 6292
f 6292 6289 6248
f 6289 6292 6293
f 6293 6290 6289
f 6291 6290 6293
f 6294 6291 6293
f 6046 6285 6295
f 6295 6061 6046
f 6295 6285 6288
f 6296 6295 6288
f 6065 6061 6295
f 6297 6065 6295
f 6065 6297 6298
f 6298 6066 6065
f 6066 6298 6299
f 6299 6067 6066
f 6297 6295 6296
f 6300 6297 6296
f 6297 6300 6301
f 6301 6298 6297
f 6299 6298 6301
f 6302 6299 6301
f 6067 6299 6303
f 6303 6071 6067
f 6299 6302 6304
f 6304 6303 6299
f 6296 6288 6291
f 6305 6296 6291
f 6291 6294 6306
f 6306 6305 6291
f 6296 6305 6307
f 6307 6300 6296
f 6301 6300 6307
f 6308 6301 6307
f 6302 6301 6308
f 6309 6302 6308
f 6307 6305 6306
f 6310 6307 6306
f 6308 6307 6310
f 6311 6308 6310
f 6308 6311 6312
f 6312 6309 6308
f 6304 6302 6309
f 6313 6304 6309
f 6313 6309 6312
f 6314 6313 6312
f 6071 6303 6315
f 6315 6075 6071
f 6076 6075 6315
f 6316 6076 6315
f 6303 6304 6317
f 6317 6315 6303
f 6316 6315 6317
f 6318 6316 6317
f 6317 6304 6313
f 6319 6317 6313
f 6317 6319 6320
f 6320 6318 6317
f 6319 6313 6314
f 6321 6319 6314
f 6319 6321 6322
f 6322 6320 6319
f 6249 6269 6323
f 6323 6292 6249
f 6293 6292 6323
f 6324 6293 6323
f 6293 6324 6325
f 6325 6294 6293
f 6323 6269 6270
f 6326 6323 6270
f 6323 6326 6327
f 6327 6324 6323
f 6325 6324 6327
f 6328 6325 6327
f 6326 6270 6281
f 6329 6326 6281
f 6326 6329 6330
f 6330 6327 6326
f 6328 6327 6330
f 6331 6328 6330
f 6329 6281 6282
f 6332 6329 6282
f 6330 6329 6332
f 6333 6330 6332
f 6331 6330 6333
f 6334 6331 6333
f 6294 6325 6335
f 6335 6306 6294
f 6335 6325 6328
f 6336 6335 6328
f 6310 6306 6335
f 6337 6310 6335
f 6311 6310 6337
f 6338 6311 6337
f 6311 6338 6339
f 6339 6312 6311
f 6337 6335 6336
f 6340 6337 6336
f 6338 6337 6340
f 6341 6338 6340
f 6338 6341 6342
f 6342 6339 6338
f 6314 6312 6339
f 6343 6314 6339
f 6343 6339 6342
f 6344 6343 6342
f 6336 6328 6331
f 6345 6336 6331
f 6345 6331 6334
f 6346 6345 6334
f 6336 6345 6347
f 6347 6340 6336
f 6340 6347 6348
f 6348 6341 6340
f 6341 6348 6349
f 6349 6342 6341
f 6345 6346 6350
f 6350 6347 6345
f 6348 6347 6350
f 6351 6348 6350
f 6348 6351 6352
f 6352 6349 6348
f 6342 6349 6353
f 6353 6344 6342
f 6349 6352 6354
f 6354 6353 6349
f 6321 6314 6343
f 6355 6321 6343
f 6321 6355 6356
f 6356 6322 6321
f 6355 6343 6344
f 6357 6355 6344
f 6355 6357 6358
f 6358 6356 6355
f 6344 6353 6359
f 6359 6357 6344
f 6358 6357 6359
f 6360 6358 6359
f 6353 6354 6361
f 6361 6359 6353
f 6360 6359 6361
f 6362 6360 6361
f 6076 6316 6363
f 6363 6138 6076
f 6138 6363 6364
f 6364 6139 6138
f 6140 6139 6364
f 6365 6140 6364
f 6316 6318 6366
f 6366 6363 6316
f 6363 6366 6367
f 6367 6364 6363
f 6365 6364 6367
f 6368 6365 6367
f 6140 6365 6369
f 6369 6142 6140
f 6365 6368 6370
f 6370 6369 6365
f 6142 6369 6371
f 6371 6145 6142
f 6146 6145 6371
f 6372 6146 6371
f 6369 6370 6373
f 6373 6371 6369
f 6371 6373 6374
f 6374 6372 6371
f 6318 6320 6375
f 6375 6366 6318
f 6367 6366 6375
f 6376 6367 6375
f 6368 6367 6376
f 6377 6368 6376
f 6375 6320 6322
f 6378 6375 6322
f 6376 6375 6378
f 6379 6376 6378
f 6377 6376 6379
f 6380 6377 6379
f 6368 6377 6381
f 6381 6370 6368
f 6377 6380 6382
f 6382 6381 6377
f 6370 6381 6383
f 6383 6373 6370
f 6374 6373 6383
f 6384 6374 6383
f 6381 6382 6385
f 6385 6383 6381
f 6384 6383 6385
f 6386 6384 6385
f 6146 6372 6387
f 6387 6162 6146
f 6162 6387 6388
f 6388 6163 6162
f 6164 6163 6388
f 6389 6164 6388
f 6387 6372 6374
f 6390 6387 6374
f 6388 6387 6390
f 6391 6388 6390
f 6388 6391 6392
f 6392 6389 6388
f 6167 6164 6389
f 6393 6167 6389
f 6168 6167 6393
f 6394 6168 6393
f 6389 6392 6395
f 6395 6393 6389
f 6393 6395 6396
f 6396 6394 6393
f 6390 6374 6384
f 6397 6390 6384
f 6391 6390 6397
f 6398 6391 6397
f 6391 6398 6399
f 6399 6392 6391
f 6384 6386 6400
f 6400 6397 6384
f 6401 6400 6386
f 6402 6400 6401
f 6397 6400 6398
f 6400 6402 6403
f 6399 6398 6400
f 6403 6399 6400
f 6392 6399 6404
f 6404 6395 6392
f 6395 6404 6405
f 6405 6396 6395
f 6399 6403 6406
f 6406 6404 6399
f 6404 6406 6407
f 6407 6405 6404
f 6378 6322 6356
f 6408 6378 6356
f 6379 6378 6408
f 6409 6379 6408
f 6379 6409 6410
f 6410 6380 6379
f 6408 6356 6358
f 6411 6408 6358
f 6409 6408 6411
f 6412 6409 6411
f 6409 6412 6413
f 6413 6410 6409
f 6382 6380 6410
f 6414 6382 6410
f 6414 6410 6413
f 6415 6414 6413
f 6385 6382 6414
f 6416 6385 6414
f 6385 6416 6417
f 6417 6386 6385
f 6416 6414 6415
f 6418 6416 6415
f 6416 6418 6419
f 6419 6417 6416
f 6411 6358 6360
f 6420 6411 6360
f 6412 6411 6420
f 6421 6412 6420
f 6412 6421 6422
f 6422 6413 6412
f 6360 6362 6423
f 6423 6420 6360
f 6420 6423 6424
f 6424 6421 6420
f 6422 6421 6424
f 6425 6422 6424
f 6415 6413 6422
f 6426 6415 6422
f 6422 6425 6427
f 6427 6426 6422
f 6418 6415 6426
f 6428 6418 6426
f 6418 6428 6429
f 6429 6419 6418
f 6426 6427 6430
f 6430 6428 6426
f 6429 6428 6430
f 6431 6429 6430
f 6386 6417 6432
f 6432 6401 6386
f 6402 6401 6432
f 6433 6402 6432
f 6403 6402 6433
f 6434 6403 6433
f 6417 6419 6435
f 6435 6432 6417
f 6433 6432 6435
f 6436 6433 6435
f 6434 6433 6436
f 6437 6434 6436
f 6403 6434 6438
f 6438 6406 6403
f 6406 6438 6439
f 6439 6407 6406
f 6434 6437 6440
f 6440 6438 6434
f 6438 6440 6441
f 6441 6439 6438
f 6419 6429 6442
f 6442 6435 6419
f 6436 6435 6442
f 6443 6436 6442
f 6437 6436 6443
f 6444 6437 6443
f 6442 6429 6431
f 6445 6442 6431
f 6442 6445 6446
f 6446 6443 6442
f 6443 6446 6447
f 6447 6444 6443
f 6440 6437 6444
f 6448 6440 6444
f 6441 6440 6448
f 6449 6441 6448
f 6448 6444 6447
f 6450 6448 6447
f 6449 6448 6450
f 6451 6449 6450
f 6254 6194 6197
f 6452 6254 6197
f 6197 6199 6452
f 6257 6254 6452
f 6453 6257 6452
f 6258 6257 6453
f 6454 6258 6453
f 6199 6201 6453
f 6453 6452 6199
f 6455 6453 6201
f 6454 6453 6455
f 6456 6454 6455
f 6455 6201 6206
f 6457 6455 6206
f 6456 6455 6457
f 6458 6456 6457
f 6206 6207 6459
f 6459 6457 6206
f 6458 6457 6459
f 6460 6458 6459
f 6274 6258 6454
f 6461 6274 6454
f 6274 6461 6462
f 6462 6275 6274
f 6275 6462 6463
f 6463 6276 6275
f 6461 6454 6456
f 6464 6461 6456
f 6461 6464 6465
f 6465 6462 6461
f 6462 6465 6466
f 6466 6463 6462
f 6279 6276 6463
f 6467 6279 6463
f 6280 6279 6467
f 6468 6280 6467
f 6467 6463 6466
f 6469 6467 6466
f 6467 6469 6470
f 6470 6468 6467
f 6280 6468 6471
f 6471 6282 6280
f 6468 6470 6472
f 6472 6471 6468
f 6464 6456 6458
f 6473 6464 6458
f 6464 6473 6474
f 6474 6465 6464
f 6465 6474 6475
f 6475 6466 6465
f 6458 6460 6476
f 6476 6473 6458
f 6477 6476 6460
f 6478 6476 6477
f 6473 6476 6474
f 6476 6478 6479
f 6475 6474 6476
f 6479 6475 6476
f 6469 6466 6475
f 6480 6469 6475
f 6469 6480 6481
f 6481 6470 6469
f 6475 6479 6482
f 6482 6480 6475
f 6483 6482 6479
f 6480 6482 6481
f 6470 6481 6484
f 6484 6472 6470
f 6485 6482 6483
f 6482 6485 6486
f 6484 6481 6482
f 6486 6484 6482
f 6459 6207 6212
f 6487 6459 6212
f 6460 6459 6487
f 6488 6460 6487
f 6487 6212 6213
f 6489 6487 6213
f 6488 6487 6489
f 6490 6488 6489
f 6213 6218 6491
f 6491 6489 6213
f 6489 6491 6492
f 6492 6490 6489
f 6218 6219 6493
f 6493 6491 6218
f 6491 6493 6494
f 6494 6492 6491
f 6460 6488 6495
f 6495 6477 6460
f 6477 6495 6496
f 6496 6478 6477
f 6479 6478 6496
f 6497 6479 6496
f 6488 6490 6498
f 6498 6495 6488
f 6495 6498 6499
f 6499 6496 6495
f 6497 6496 6499
f 6500 6497 6499
f 6479 6497 6501
f 6501 6483 6479
f 6497 6500 6502
f 6502 6501 6497
f 6483 6501 6503
f 6503 6485 6483
f 6486 6485 6503
f 6504 6486 6503
f 6501 6502 6505
f 6505 6503 6501
f 6504 6503 6505
f 6506 6504 6505
f 6498 6490 6492
f 6507 6498 6492
f 6499 6498 6507
f 6508 6499 6507
f 6499 6508 6509
f 6509 6500 6499
f 6507 6492 6494
f 6510 6507 6494
f 6508 6507 6510
f 6511 6508 6510
f 6508 6511 6512
f 6512 6509 6508
f 6500 6509 6513
f 6513 6502 6500
f 6509 6512 6514
f 6514 6513 6509
f 6502 6513 6515
f 6515 6505 6502
f 6506 6505 6515
f 6516 6506 6515
f 6513 6514 6517
f 6517 6515 6513
f 6516 6515 6517
f 6518 6516 6517
f 6332 6282 6471
f 6519 6332 6471
f 6333 6332 6519
f 6520 6333 6519
f 6334 6333 6520
f 6521 6334 6520
f 6471 6472 6522
f 6522 6519 6471
f 6519 6522 6523
f 6523 6520 6519
f 6520 6523 6524
f 6524 6521 6520
f 6472 6484 6525
f 6525 6522 6472
f 6522 6525 6526
f 6526 6523 6522
f 6524 6523 6526
f 6527 6524 6526
f 6484 6486 6528
f 6528 6525 6484
f 6525 6528 6529
f 6529 6526 6525
f 6526 6529 6530
f 6530 6527 6526
f 6346 6334 6521
f 6531 6346 6521
f 6521 6524 6532
f 6532 6531 6521
f 6346 6531 6533
f 6533 6350 6346
f 6351 6350 6533
f 6534 6351 6533
f 6351 6534 6535
f 6535 6352 6351
f 6533 6531 6532
f 6536 6533 6532
f 6533 6536 6537
f 6537 6534 6533
f 6535 6534 6537
f 6538 6535 6537
f 6352 6535 6539
f 6539 6354 6352
f 6535 6538 6540
f 6540 6539 6535
f 6524 6527 6541
f 6541 6532 6524
f 6527 6530 6542
f 6542 6541 6527
f 6536 6532 6541
f 6543 6536 6541
f 6536 6543 6544
f 6544 6537 6536
f 6538 6537 6544
f 6545 6538 6544
f 6541 6542 6546
f 6546 6543 6541
f 6544 6543 6546
f 6547 6544 6546
f 6545 6544 6547
f 6548 6545 6547
f 6540 6538 6545
f 6549 6540 6545
f 6549 6545 6548
f 6550 6549 6548
f 6354 6539 6551
f 6551 6361 6354
f 6362 6361 6551
f 6552 6362 6551
f 6539 6540 6553
f 6553 6551 6539
f 6552 6551 6553
f 6554 6552 6553
f 6553 6540 6549
f 6555 6553 6549
f 6553 6555 6556
f 6556 6554 6553
f 6555 6549 6550
f 6557 6555 6550
f 6555 6557 6558
f 6558 6556 6555
f 6486 6504 6559
f 6559 6528 6486
f 6528 6559 6560
f 6560 6529 6528
f 6530 6529 6560
f 6561 6530 6560
f 6504 6506 6562
f 6562 6559 6504
f 6559 6562 6563
f 6563 6560 6559
f 6561 6560 6563
f 6564 6561 6563
f 6506 6516 6565
f 6565 6562 6506
f 6562 6565 6566
f 6566 6563 6562
f 6564 6563 6566
f 6567 6564 6566
f 6516 6518 6568
f 6568 6565 6516
f 6565 6568 6569
f 6569 6566 6565
f 6567 6566 6569
f 6570 6567 6569
f 6542 6530 6561
f 6571 6542 6561
f 6571 6561 6564
f 6572 6571 6564
f 6542 6571 6573
f 6573 6546 6542
f 6547 6546 6573
f 6574 6547 6573
f 6548 6547 6574
f 6575 6548 6574
f 6571 6572 6576
f 6576 6573 6571
f 6574 6573 6576
f 6577 6574 6576
f 6574 6577 6578
f 6578 6575 6574
f 6550 6548 6575
f 6579 6550 6575
f 6579 6575 6578
f 6580 6579 6578
f 6564 6567 6581
f 6581 6572 6564
f 6581 6567 6570
f 6582 6581 6570
f 6576 6572 6581
f 6583 6576 6581
f 6576 6583 6584
f 6584 6577 6576
f 6578 6577 6584
f 6585 6578 6584
f 6581 6582 6586
f 6586 6583 6581
f 6584 6583 6586
f 6587 6584 6586
f 6585 6584 6587
f 6588 6585 6587
f 6580 6578 6585
f 6589 6580 6585
f 6585 6588 6590
f 6590 6589 6585
f 6591 6590 6588
f 6592 6590 6591
f 6557 6550 6579
f 6593 6557 6579
f 6557 6593 6594
f 6594 6558 6557
f 6593 6579 6580
f 6595 6593 6580
f 6593 6595 6596
f 6596 6594 6593
f 6595 6580 6589
f 6597 6595 6589
f 6595 6597 6598
f 6598 6596 6595
f 6589 6590 6597
f 6590 6592 6599
f 6598 6597 6590
f 6599 6598 6590
f 6362 6552 6600
f 6600 6423 6362
f 6423 6600 6601
f 6601 6424 6423
f 6425 6424 6601
f 6602 6425 6601
f 6552 6554 6603
f 6603 6600 6552
f 6600 6603 6604
f 6604 6601 6600
f 6602 6601 6604
f 6605 6602 6604
f 6425 6602 6606
f 6606 6427 6425
f 6606 6602 6605
f 6607 6606 6605
f 6427 6606 6608
f 6608 6430 6427
f 6431 6430 6608
f 6609 6431 6608
f 6606 6607 6610
f 6610 6608 6606
f 6608 6610 6611
f 6611 6609 6608
f 6603 6554 6556
f 6612 6603 6556
f 6604 6603 6612
f 6613 6604 6612
f 6604 6613 6614
f 6614 6605 6604
f 6612 6556 6558
f 6615 6612 6558
f 6613 6612 6615
f 6616 6613 6615
f 6613 6616 6617
f 6617 6614 6613
f 6607 6605 6614
f 6618 6607 6614
f 6618 6614 6617
f 6619 6618 6617
f 6610 6607 6618
f 6620 6610 6618
f 6610 6620 6621
f 6621 6611 6610
f 6620 6618 6619
f 6622 6620 6619
f 6620 6622 6623
f 6623 6621 6620
f 6445 6431 6609
f 6624 6445 6609
f 6446 6445 6624
f 6625 6446 6624
f 6447 6446 6625
f 6626 6447 6625
f 6609 6611 6627
f 6627 6624 6609
f 6625 6624 6627
f 6628 6625 6627
f 6626 6625 6628
f 6629 6626 6628
f 6447 6626 6630
f 6630 6450 6447
f 6450 6630 6631
f 6631 6451 6450
f 6626 6629 6632
f 6632 6630 6626
f 6630 6632 6633
f 6633 6631 6630
f 6611 6621 6634
f 6634 6627 6611
f 6627 6634 6635
f 6635 6628 6627
f 6636 6635 6634
f 6628 6635 6629
f 6621 6623 6637
f 6637 6634 6621
f 6634 6637 6638
f 6638 6636 6634
f 6639 6635 6636
f 6635 6639 6640
f 6632 6629 6635
f 6640 6632 6635
f 6632 6640 6641
f 6641 6633 6632
f 6639 6636 6638
f 6642 6639 6638
f 6640 6639 6642
f 6643 6640 6642
f 6640 6643 6644
f 6644 6641 6640
f 6615 6558 6594
f 6645 6615 6594
f 6616 6615 6645
f 6646 6616 6645
f 6617 6616 6646
f 6647 6617 6646
f 6645 6594 6596
f 6648 6645 6596
f 6646 6645 6648
f 6649 6646 6648
f 6647 6646 6649
f 6650 6647 6649
f 6617 6647 6651
f 6651 6619 6617
f 6647 6650 6652
f 6652 6651 6647
f 6619 6651 6653
f 6653 6622 6619
f 6623 6622 6653
f 6654 6623 6653
f 6651 6652 6655
f 6655 6653 6651
f 6654 6653 6655
f 6656 6654 6655
f 6648 6596 6598
f 6657 6648 6598
f 6649 6648 6657
f 6658 6649 6657
f 6649 6658 6659
f 6659 6650 6649
f 6657 6598 6599
f 6660 6657 6599
f 6657 6660 6661
f 6661 6658 6657
f 6658 6661 6662
f 6662 6659 6658
f 6650 6659 6663
f 6663 6652 6650
f 6663 6659 6662
f 6664 6663 6662
f 6652 6663 6665
f 6665 6655 6652
f 6656 6655 6665
f 6666 6656 6665
f 6665 6663 6664
f 6667 6665 6664
f 6665 6667 6668
f 6668 6666 6665
f 6623 6654 6669
f 6669 6637 6623
f 6637 6669 6670
f 6670 6638 6637
f 6669 6654 6656
f 6671 6669 6656
f 6670 6669 6671
f 6672 6670 6671
f 6642 6638 6670
f 6673 6642 6670
f 6643 6642 6673
f 6674 6643 6673
f 6643 6674 6675
f 6675 6644 6643
f 6670 6672 6676
f 6676 6673 6670
f 6673 6676 6677
f 6677 6674 6673
f 6675 6674 6677
f 6678 6675 6677
f 6671 6656 6666
f 6679 6671 6666
f 6672 6671 6679
f 6680 6672 6679
f 6666 6668 6681
f 6681 6679 6666
f 6679 6681 6682
f 6682 6680 6679
f 6672 6680 6683
f 6683 6676 6672
f 6676 6683 6684
f 6684 6677 6676
f 6678 6677 6684
f 6685 6678 6684
f 6683 6680 6682
f 6686 6683 6682
f 6684 6683 6686
f 6687 6684 6686
f 6684 6687 6688
f 6688 6685 6684
f 6216 2597 3097
f 6689 6216 3097
f 6217 6216 6689
f 6690 6217 6689
f 6689 3097 3099
f 6691 6689 3099
f 6690 6689 6691
f 6692 6690 6691
f 6217 6690 6693
f 6693 6219 6217
f 6693 6690 6692
f 6694 6693 6692
f 3099 3105 6695
f 6695 6691 3099
f 6691 6695 6696
f 6696 6692 6691
f 3105 3107 6697
f 6697 6695 3105
f 6695 6697 6698
f 6698 6696 6695
f 6694 6692 6696
f 6699 6694 6696
f 6696 6698 6700
f 6700 6699 6696
f 6697 3107 3116
f 6701 6697 3116
f 6698 6697 6701
f 6702 6698 6701
f 6701 3116 3118
f 6703 6701 3118
f 6701 6703 6704
f 6704 6702 6701
f 6705 6704 6703
f 6698 6702 6706
f 6706 6700 6698
f 6702 6704 6706
f 6703 3118 3126
f 6707 6703 3126
f 6703 6707 6708
f 6708 6705 6703
f 6707 3126 3128
f 6709 6707 3128
f 6707 6709 6710
f 6710 6708 6707
f 3128 3134 6711
f 6712 6709 3128
f 6711 6712 3128
f 6709 6712 6710
f 3134 3137 6711
f 6219 6693 6713
f 6713 6493 6219
f 6493 6713 6714
f 6714 6494 6493
f 6713 6693 6694
f 6715 6713 6694
f 6713 6715 6716
f 6716 6714 6713
f 6715 6694 6699
f 6717 6715 6699
f 6715 6717 6718
f 6718 6716 6715
f 6717 6699 6700
f 6719 6717 6700
f 6717 6719 6720
f 6720 6718 6717
f 6510 6494 6714
f 6721 6510 6714
f 6511 6510 6721
f 6722 6511 6721
f 6511 6722 6723
f 6723 6512 6511
f 6714 6716 6724
f 6724 6721 6714
f 6722 6721 6724
f 6725 6722 6724
f 6722 6725 6726
f 6726 6723 6722
f 6512 6723 6727
f 6727 6514 6512
f 6727 6723 6726
f 6728 6727 6726
f 6514 6727 6729
f 6729 6517 6514
f 6518 6517 6729
f 6730 6518 6729
f 6729 6727 6728
f 6731 6729 6728
f 6729 6731 6732
f 6732 6730 6729
f 6724 6716 6718
f 6733 6724 6718
f 6725 6724 6733
f 6734 6725 6733
f 6725 6734 6735
f 6735 6726 6725
f 6733 6718 6720
f 6736 6733 6720
f 6734 6733 6736
f 6737 6734 6736
f 6734 6737 6738
f 6738 6735 6734
f 6728 6726 6735
f 6739 6728 6735
f 6739 6735 6738
f 6740 6739 6738
f 6728 6739 6741
f 6741 6731 6728
f 6731 6741 6742
f 6742 6732 6731
f 6741 6739 6740
f 6743 6741 6740
f 6741 6743 6744
f 6744 6742 6741
f 6745 6704 6705
f 6700 6706 6746
f 6746 6719 6700
f 6720 6719 6746
f 6747 6720 6746
f 6704 6745 6748
f 6706 6704 6748
f 6748 6746 6706
f 6747 6746 6748
f 6749 6747 6748
f 6705 6708 6750
f 6750 6745 6705
f 6708 6710 6751
f 6751 6750 6708
f 6748 6745 6750
f 6752 6748 6750
f 6749 6748 6752
f 6753 6749 6752
f 6752 6750 6751
f 6754 6752 6751
f 6753 6752 6754
f 6755 6753 6754
f 6736 6720 6747
f 6756 6736 6747
f 6737 6736 6756
f 6757 6737 6756
f 6737 6757 6758
f 6758 6738 6737
f 6747 6749 6759
f 6759 6756 6747
f 6756 6759 6760
f 6760 6757 6756
f 6758 6757 6760
f 6761 6758 6760
f 6738 6758 6762
f 6762 6740 6738
f 6758 6761 6763
f 6763 6762 6758
f 6743 6740 6762
f 6764 6743 6762
f 6744 6743 6764
f 6765 6744 6764
f 6762 6763 6766
f 6766 6764 6762
f 6765 6764 6766
f 6767 6765 6766
f 6749 6753 6768
f 6768 6759 6749
f 6759 6768 6769
f 6769 6760 6759
f 6761 6760 6769
f 6770 6761 6769
f 6753 6755 6771
f 6771 6768 6753
f 6768 6771 6772
f 6772 6769 6768
f 6770 6769 6772
f 6773 6770 6772
f 6761 6770 6774
f 6774 6763 6761
f 6770 6773 6775
f 6775 6774 6770
f 6763 6774 6776
f 6776 6766 6763
f 6767 6766 6776
f 6777 6767 6776
f 6774 6775 6778
f 6778 6776 6774
f 6777 6776 6778
f 6779 6777 6778
f 6568 6518 6730
f 6780 6568 6730
f 6568 6780 6781
f 6781 6569 6568
f 6570 6569 6781
f 6782 6570 6781
f 6780 6730 6732
f 6783 6780 6732
f 6781 6780 6783
f 6784 6781 6783
f 6781 6784 6785
f 6785 6782 6781
f 6783 6732 6742
f 6786 6783 6742
f 6784 6783 6786
f 6787 6784 6786
f 6784 6787 6788
f 6788 6785 6784
f 6742 6744 6789
f 6789 6786 6742
f 6787 6786 6789
f 6790 6787 6789
f 6787 6790 6791
f 6791 6788 6787
f 6582 6570 6782
f 6792 6582 6782
f 6792 6782 6785
f 6793 6792 6785
f 6582 6792 6794
f 6794 6586 6582
f 6587 6586 6794
f 6795 6587 6794
f 6587 6795 6796
f 6796 6588 6587
f 6794 6792 6793
f 6797 6794 6793
f 6794 6797 6798
f 6798 6795 6794
f 6795 6798 6799
f 6799 6796 6795
f 6588 6796 6800
f 6800 6591 6588
f 6591 6800 6801
f 6801 6592 6591
f 6796 6799 6802
f 6802 6800 6796
f 6801 6800 6802
f 6803 6801 6802
f 6785 6788 6804
f 6804 6793 6785
f 6804 6788 6791
f 6805 6804 6791
f 6797 6793 6804
f 6806 6797 6804
f 6797 6806 6807
f 6807 6798 6797
f 6799 6798 6807
f 6808 6799 6807
f 6806 6804 6805
f 6809 6806 6805
f 6806 6809 6810
f 6810 6807 6806
f 6808 6807 6810
f 6811 6808 6810
f 6799 6808 6812
f 6812 6802 6799
f 6803 6802 6812
f 6813 6803 6812
f 6812 6808 6811
f 6814 6812 6811
f 6812 6814 6815
f 6815 6813 6812
f 6599 6592 6801
f 6816 6599 6801
f 6816 6801 6803
f 6817 6816 6803
f 6817 6803 6813
f 6818 6817 6813
f 6813 6815 6819
f 6819 6818 6813
f 6744 6765 6820
f 6820 6789 6744
f 6789 6820 6821
f 6821 6790 6789
f 6790 6821 6822
f 6822 6791 6790
f 6765 6767 6823
f 6823 6820 6765
f 6820 6823 6824
f 6824 6821 6820
f 6821 6824 6825
f 6825 6822 6821
f 6767 6777 6826
f 6826 6823 6767
f 6823 6826 6827
f 6827 6824 6823
f 6825 6824 6827
f 6828 6825 6827
f 6777 6779 6829
f 6829 6826 6777
f 6826 6829 6830
f 6830 6827 6826
f 6828 6827 6830
f 6831 6828 6830
f 6791 6822 6832
f 6832 6805 6791
f 6822 6825 6833
f 6833 6832 6822
f 6809 6805 6832
f 6834 6809 6832
f 6809 6834 6835
f 6835 6810 6809
f 6811 6810 6835
f 6836 6811 6835
f 6834 6832 6833
f 6837 6834 6833
f 6834 6837 6838
f 6838 6835 6834
f 6835 6838 6839
f 6839 6836 6835
f 6814 6811 6836
f 6840 6814 6836
f 6814 6840 6841
f 6841 6815 6814
f 6836 6839 6842
f 6842 6840 6836
f 6843 6842 6839
f 6840 6842 6841
f 6825 6828 6844
f 6844 6833 6825
f 6828 6831 6845
f 6845 6844 6828
f 6837 6833 6844
f 6846 6837 6844
f 6837 6846 6847
f 6847 6838 6837
f 6838 6847 6848
f 6848 6839 6838
f 6844 6845 6849
f 6849 6846 6844
f 6847 6846 6849
f 6850 6847 6849
f 6848 6847 6850
f 6851 6848 6850
f 6839 6848 6852
f 6852 6843 6839
f 6848 6851 6853
f 6853 6852 6848
f 6815 6841 6854
f 6854 6819 6815
f 6855 6842 6843
f 6842 6855 6856
f 6854 6841 6842
f 6856 6854 6842
f 6843 6852 6857
f 6857 6855 6843
f 6856 6855 6857
f 6858 6856 6857
f 6857 6852 6853
f 6859 6857 6853
f 6858 6857 6859
f 6860 6858 6859
f 6599 6816 6861
f 6861 6660 6599
f 6660 6861 6862
f 6862 6661 6660
f 6662 6661 6862
f 6863 6662 6862
f 6816 6817 6864
f 6864 6861 6816
f 6862 6861 6864
f 6865 6862 6864
f 6862 6865 6866
f 6866 6863 6862
f 6664 6662 6863
f 6867 6664 6863
f 6867 6863 6866
f 6868 6867 6866
f 6667 6664 6867
f 6869 6667 6867
f 6667 6869 6870
f 6870 6668 6667
f 6869 6867 6868
f 6871 6869 6868
f 6869 6871 6872
f 6872 6870 6869
f 6864 6817 6818
f 6873 6864 6818
f 6864 6873 6874
f 6874 6865 6864
f 6866 6865 6874
f 6875 6866 6874
f 6818 6819 6876
f 6876 6873 6818
f 6873 6876 6877
f 6877 6874 6873
f 6875 6874 6877
f 6878 6875 6877
f 6868 6866 6875
f 6879 6868 6875
f 6875 6878 6880
f 6880 6879 6875
f 6871 6868 6879
f 6881 6871 6879
f 6871 6881 6882
f 6882 6872 6871
f 6879 6880 6883
f 6883 6881 6879
f 6882 6881 6883
f 6884 6882 6883
f 6668 6870 6885
f 6885 6681 6668
f 6681 6885 6886
f 6886 6682 6681
f 6870 6872 6887
f 6887 6885 6870
f 6885 6887 6888
f 6888 6886 6885
f 6686 6682 6886
f 6889 6686 6886
f 6687 6686 6889
f 6890 6687 6889
f 6687 6890 6891
f 6891 6688 6687
f 6889 6886 6888
f 6892 6889 6888
f 6890 6889 6892
f 6893 6890 6892
f 6890 6893 6894
f 6894 6891 6890
f 6872 6882 6895
f 6895 6887 6872
f 6887 6895 6896
f 6896 6888 6887
f 6895 6882 6884
f 6897 6895 6884
f 6896 6895 6897
f 6898 6896 6897
f 6888 6896 6899
f 6899 6892 6888
f 6900 6899 6896
f 6901 6899 6900
f 6892 6899 6893
f 6899 6901 6894
f 6894 6893 6899
f 6902 6894 6901
f 6896 6898 6903
f 6903 6900 6896
f 6901 6900 6903
f 6904 6901 6903
f 6905 6904 6903
f 6901 6904 6902
f 6819 6854 6906
f 6906 6876 6819
f 6877 6876 6906
f 6907 6877 6906
f 6878 6877 6907
f 6908 6878 6907
f 6906 6854 6856
f 6909 6906 6856
f 6907 6906 6909
f 6910 6907 6909
f 6907 6910 6911
f 6911 6908 6907
f 6878 6908 6912
f 6912 6880 6878
f 6908 6911 6913
f 6913 6912 6908
f 6880 6912 6914
f 6914 6883 6880
f 6884 6883 6914
f 6915 6884 6914
f 6912 6913 6916
f 6916 6914 6912
f 6915 6914 6916
f 6917 6915 6916
f 6909 6856 6858
f 6918 6909 6858
f 6910 6909 6918
f 6919 6910 6918
f 6910 6919 6920
f 6920 6911 6910
f 6918 6858 6860
f 6921 6918 6860
f 6919 6918 6921
f 6922 6919 6921
f 6919 6922 6923
f 6923 6920 6919
f 6913 6911 6920
f 6924 6913 6920
f 6924 6920 6923
f 6925 6924 6923
f 6916 6913 6924
f 6926 6916 6924
f 6917 6916 6926
f 6927 6917 6926
f 6926 6924 6925
f 6928 6926 6925
f 6926 6928 6929
f 6929 6927 6926
f 6897 6884 6915
f 6930 6897 6915
f 6898 6897 6930
f 6931 6898 6930
f 6930 6915 6917
f 6932 6930 6917
f 6931 6930 6932
f 6933 6931 6932
f 6903 6898 6931
f 6934 6903 6931
f 6903 6934 6935
f 6935 6905 6903
f 6934 6931 6933
f 6936 6934 6933
f 6934 6936 6937
f 6937 6935 6934
f 6932 6917 6927
f 6938 6932 6927
f 6933 6932 6938
f 6939 6933 6938
f 6927 6929 6940
f 6940 6938 6927
f 6939 6938 6940
f 6941 6939 6940
f 6933 6939 6942
f 6943 6936 6933
f 6942 6943 6933
f 6943 6944 6937
f 6936 6943 6937
f 6945 6943 6942
f 6944 6943 6945
f 6946 6944 6945
f 6939 6941 6947
f 6947 6942 6939
f 6942 6947 6948
f 6948 6945 6942
f 6945 6948 6949
f 6949 6946 6945
f 6950 6712 6711
f 6712 6950 6951
f 6751 6710 6712
f 6951 6751 6712
f 3137 3556 6952
f 6952 6711 3137
f 6952 6950 6711
f 6951 6950 6952
f 6953 6951 6952
f 6754 6751 6951
f 6954 6754 6951
f 6755 6754 6954
f 6955 6755 6954
f 6954 6951 6953
f 6956 6954 6953
f 6955 6954 6956
f 6957 6955 6956
f 6952 3556 3560
f 6958 6952 3560
f 6953 6952 6958
f 6959 6953 6958
f 6958 3560 3562
f 6960 6958 3562
f 6959 6958 6960
f 6961 6959 6960
f 6956 6953 6959
f 6962 6956 6959
f 6957 6956 6962
f 6963 6957 6962
f 6962 6959 6961
f 6964 6962 6961
f 6963 6962 6964
f 6965 6963 6964
f 6755 6955 6966
f 6966 6771 6755
f 6771 6966 6967
f 6967 6772 6771
f 6773 6772 6967
f 6968 6773 6967
f 6955 6957 6969
f 6969 6966 6955
f 6967 6966 6969
f 6970 6967 6969
f 6967 6970 6971
f 6971 6968 6967
f 6773 6968 6972
f 6972 6775 6773
f 6972 6968 6971
f 6973 6972 6971
f 6775 6972 6974
f 6974 6778 6775
f 6778 6974 6975
f 6975 6779 6778
f 6974 6972 6973
f 6976 6974 6973
f 6974 6976 6977
f 6977 6975 6974
f 6969 6957 6963
f 6978 6969 6963
f 6970 6969 6978
f 6979 6970 6978
f 6970 6979 6980
f 6980 6971 6970
f 6963 6965 6981
f 6981 6978 6963
f 6978 6981 6982
f 6982 6979 6978
f 6979 6982 6983
f 6983 6980 6979
f 6973 6971 6980
f 6984 6973 6980
f 6984 6980 6983
f 6985 6984 6983
f 6976 6973 6984
f 6986 6976 6984
f 6976 6986 6987
f 6987 6977 6976
f 6986 6984 6985
f 6988 6986 6985
f 6987 6986 6988
f 6989 6987 6988
f 6960 3562 3591
f 6990 6960 3591
f 6961 6960 6990
f 6991 6961 6990
f 6990 3591 3593
f 6992 6990 3593
f 6991 6990 6992
f 6993 6991 6992
f 6964 6961 6991
f 6994 6964 6991
f 6964 6994 6995
f 6995 6965 6964
f 6996 6995 6994
f 6997 6995 6996
f 6994 6991 6993
f 6998 6994 6993
f 6999 6998 6993
f 7000 6998 6999
f 6994 6998 6996
f 6998 7000 7001
f 6996 6998 7001
f 7001 6997 6996
f 6992 3593 3601
f 7002 6992 3601
f 6992 7002 7003
f 6993 6992 7003
f 7003 7004 6993
f 7005 7004 7003
f 7006 7002 3601
f 3601 3604 7006
f 3604 3605 7007
f 7007 7006 3604
f 7002 7006 7003
f 7003 7006 7007
f 7003 7007 7008
f 7008 7005 7003
f 6993 7004 6999
f 7004 7005 7009
f 7009 6999 7004
f 7009 7000 6999
f 7001 7000 7009
f 7010 7001 7009
f 7005 7008 7011
f 7009 7005 7011
f 7011 7012 7009
f 7013 7010 7009
f 7009 7012 7013
f 7014 7012 7011
f 7013 7012 7014
f 7015 7013 7014
f 6965 6995 6981
f 6995 6997 7016
f 6981 6995 7016
f 7016 6982 6981
f 6983 6982 7016
f 7017 6983 7016
f 7016 6997 7001
f 7018 7016 7001
f 7017 7016 7018
f 7019 7017 7018
f 6983 7017 7020
f 7020 6985 6983
f 7017 7019 7021
f 7021 7020 7017
f 6988 6985 7020
f 7022 6988 7020
f 6989 6988 7022
f 7023 6989 7022
f 7020 7021 7024
f 7024 7022 7020
f 7023 7022 7024
f 7025 7023 7024
f 7018 7001 7010
f 7018 7010 7026
f 7026 7027 7018
f 7028 7019 7018
f 7018 7027 7028
f 7010 7013 7026
f 7029 7027 7026
f 7027 7029 7030
f 7030 7028 7027
f 7026 7013 7015
f 7026 7015 7031
f 7031 7029 7026
f 7029 7031 7032
f 7032 7030 7029
f 7032 7033 7030
f 7034 7033 7032
f 7019 7028 7021
f 7028 7030 7024
f 7024 7021 7028
f 7035 7024 7030
f 7024 7035 7036
f 7037 7025 7024
f 7036 7037 7024
f 7038 7037 7036
f 7039 7035 7030
f 7030 7033 7039
f 7033 7034 7040
f 7040 7039 7033
f 7035 7039 7036
f 7036 7039 7040
f 7038 7036 7040
f 7041 7038 7040
f 6829 6779 6975
f 7042 6829 6975
f 6830 6829 7042
f 7043 6830 7042
f 6831 6830 7043
f 7044 6831 7043
f 7042 6975 6977
f 7045 7042 6977
f 7043 7042 7045
f 7046 7043 7045
f 7044 7043 7046
f 7047 7044 7046
f 7045 6977 6987
f 7048 7045 6987
f 7046 7045 7048
f 7049 7046 7048
f 7046 7049 7050
f 7050 7047 7046
f 6987 6989 7051
f 7051 7048 6987
f 7048 7051 7052
f 7052 7049 7048
f 7049 7052 7053
f 7053 7050 7049
f 6845 6831 7044
f 7054 6845 7044
f 7054 7044 7047
f 7055 7054 7047
f 6845 7054 7056
f 7056 6849 6845
f 6849 7056 7057
f 7057 6850 6849
f 6851 6850 7057
f 7058 6851 7057
f 7056 7054 7055
f 7059 7056 7055
f 7056 7059 7060
f 7060 7057 7056
f 7057 7060 7061
f 7061 7058 7057
f 6851 7058 7062
f 7062 6853 6851
f 7058 7061 7063
f 7063 7062 7058
f 7055 7047 7050
f 7064 7055 7050
f 7064 7050 7053
f 7065 7064 7053
f 7055 7064 7066
f 7066 7059 7055
f 7060 7059 7066
f 7067 7060 7066
f 7060 7067 7068
f 7068 7061 7060
f 7064 7065 7069
f 7069 7066 7064
f 7067 7066 7069
f 7070 7067 7069
f 7068 7067 7070
f 7071 7068 7070
f 7063 7061 7068
f 7072 7063 7068
f 7072 7068 7071
f 7073 7072 7071
f 6853 7062 7074
f 7074 6859 6853
f 6860 6859 7074
f 7075 6860 7074
f 7062 7063 7076
f 7076 7074 7062
f 7075 7074 7076
f 7077 7075 7076
f 7076 7063 7072
f 7078 7076 7072
f 7076 7078 7079
f 7079 7077 7076
f 7078 7072 7073
f 7080 7078 7073
f 7078 7080 7081
f 7081 7079 7078
f 6989 7023 7082
f 7082 7051 6989
f 7052 7051 7082
f 7083 7052 7082
f 7052 7083 7084
f 7084 7053 7052
f 7023 7025 7085
f 7085 7082 7023
f 7082 7085 7086
f 7086 7083 7082
f 7084 7083 7086
f 7087 7084 7086
f 7025 7037 7085
f 7037 7038 7086
f 7086 7085 7037
f 7088 7086 7038
f 7089 7088 7038
f 7086 7088 7087
f 7038 7041 7090
f 7090 7089 7038
f 7053 7084 7091
f 7091 7065 7053
f 7084 7087 7092
f 7092 7091 7084
f 7065 7091 7093
f 7093 7069 7065
f 7070 7069 7093
f 7094 7070 7093
f 7071 7070 7094
f 7095 7071 7094
f 7093 7091 7092
f 7096 7093 7092
f 7094 7093 7096
f 7097 7094 7096
f 7095 7094 7097
f 7098 7095 7097
f 7073 7071 7095
f 7099 7073 7095
f 7095 7098 7100
f 7101 7099 7095
f 7100 7101 7095
f 7102 7101 7100
f 7103 7088 7089
f 7088 7103 7104
f 7092 7087 7088
f 7104 7092 7088
f 7105 7104 7103
f 7106 7104 7105
f 7089 7090 7107
f 7107 7103 7089
f 7103 7107 7108
f 7108 7105 7103
f 7106 7105 7108
f 7109 7106 7108
f 7092 7104 7096
f 7104 7106 7110
f 7096 7104 7111
f 7111 7097 7096
f 7110 7111 7104
f 7097 7111 7098
f 7110 7106 7109
f 7112 7110 7109
f 7113 7111 7110
f 7111 7113 7114
f 7100 7098 7111
f 7114 7100 7111
f 7102 7100 7114
f 7115 7102 7114
f 7113 7110 7112
f 7116 7113 7112
f 7117 7116 7112
f 7118 7116 7117
f 7113 7116 7114
f 7114 7116 7118
f 7114 7118 7119
f 7120 7115 7114
f 7119 7120 7114
f 7080 7073 7099
f 7121 7080 7099
f 7080 7121 7122
f 7122 7081 7080
f 7099 7101 7121
f 7101 7102 7122
f 7122 7121 7101
f 7123 7122 7102
f 7123 7102 7115
f 7124 7123 7115
f 7115 7120 7124
f 6860 7075 7125
f 7125 6921 6860
f 6921 7125 7126
f 7126 6922 6921
f 6922 7126 7127
f 7127 6923 6922
f 7075 7077 7128
f 7128 7125 7075
f 7125 7128 7129
f 7129 7126 7125
f 7126 7129 7130
f 7130 7127 7126
f 6923 7127 7131
f 7131 6925 6923
f 7131 7127 7130
f 7132 7131 7130
f 6928 6925 7131
f 7133 6928 7131
f 6928 7133 7134
f 7134 6929 6928
f 7133 7131 7132
f 7135 7133 7132
f 7134 7133 7135
f 7136 7134 7135
f 7128 7077 7079
f 7137 7128 7079
f 7129 7128 7137
f 7138 7129 7137
f 7129 7138 7139
f 7139 7130 7129
f 7137 7079 7081
f 7140 7137 7081
f 7138 7137 7140
f 7141 7138 7140
f 7138 7141 7142
f 7142 7139 7138
f 7132 7130 7139
f 7143 7132 7139
f 7143 7139 7142
f 7144 7143 7142
f 7135 7132 7143
f 7145 7135 7143
f 7136 7135 7145
f 7146 7136 7145
f 7145 7143 7144
f 7147 7145 7144
f 7145 7147 7148
f 7148 7146 7145
f 6929 7134 7149
f 7149 6940 6929
f 6941 6940 7149
f 7150 6941 7149
f 7149 7134 7136
f 7151 7149 7136
f 7149 7151 7152
f 7153 7150 7149
f 7152 7153 7149
f 7154 7153 7152
f 6941 7150 7155
f 7155 6947 6941
f 6947 7155 7156
f 7156 6948 6947
f 6948 7156 7157
f 7157 6949 6948
f 7150 7153 7155
f 7153 7154 7158
f 7156 7155 7153
f 7158 7156 7153
f 7156 7158 7159
f 7159 7157 7156
f 7151 7136 7146
f 7160 7151 7146
f 7151 7160 7161
f 7161 7152 7151
f 7152 7161 7162
f 7162 7154 7152
f 7160 7146 7148
f 7163 7160 7148
f 7160 7163 7164
f 7164 7161 7160
f 7161 7164 7165
f 7165 7162 7161
f 7158 7154 7162
f 7166 7158 7162
f 7159 7158 7166
f 7167 7159 7166
f 7166 7162 7165
f 7168 7166 7165
f 7167 7166 7168
f 7169 7167 7168
f 7170 7120 7119
f 7171 7170 7119
f 7172 7170 7171
f 7140 7081 7122
f 7173 7140 7122
f 7141 7140 7173
f 7174 7141 7173
f 7141 7174 7175
f 7175 7142 7141
f 7173 7122 7123
f 7176 7173 7123
f 7174 7173 7176
f 7177 7174 7176
f 7174 7177 7178
f 7178 7175 7174
f 7144 7142 7175
f 7179 7144 7175
f 7175 7178 7180
f 7180 7179 7175
f 7181 7180 7178
f 7182 7180 7181
f 7147 7144 7179
f 7183 7147 7179
f 7147 7183 7184
f 7184 7148 7147
f 7179 7180 7183
f 7180 7182 7185
f 7184 7183 7180
f 7185 7184 7180
f 7123 7124 7186
f 7187 7176 7123
f 7186 7187 7123
f 7188 7187 7186
f 7176 7187 7177
f 7187 7188 7178
f 7178 7177 7187
f 7189 7178 7188
f 7120 7170 7186
f 7124 7120 7186
f 7186 7170 7172
f 7188 7186 7172
f 7188 7172 7190
f 7190 7191 7188
f 7188 7191 7189
f 7178 7189 7192
f 7192 7181 7178
f 7182 7181 7192
f 7193 7182 7192
f 7194 7191 7190
f 7195 7194 7190
f 7196 7194 7195
f 7191 7194 7192
f 7189 7191 7192
f 7192 7194 7196
f 7193 7192 7196
f 7193 7196 7197
f 7197 7198 7193
f 7185 7182 7193
f 7199 7185 7193
f 7193 7198 7199
f 7148 7184 7200
f 7200 7163 7148
f 7164 7163 7200
f 7201 7164 7200
f 7165 7164 7201
f 7202 7165 7201
f 7184 7185 7203
f 7203 7200 7184
f 7201 7200 7203
f 7204 7201 7203
f 7205 7204 7203
f 7201 7204 7202
f 7165 7202 7206
f 7206 7168 7165
f 7169 7168 7206
f 7207 7169 7206
f 7208 7204 7205
f 7202 7204 7208
f 7206 7202 7208
f 7209 7206 7208
f 7206 7209 7210
f 7210 7207 7206
f 7211 7198 7197
f 7212 7211 7197
f 7213 7211 7212
f 7214 7213 7212
f 7215 7213 7214
f 7216 7215 7214
f 7217 7215 7216
f 7218 7217 7216
f 7185 7199 7219
f 7219 7203 7185
f 7203 7219 7220
f 7220 7205 7203
f 7198 7211 7219
f 7199 7198 7219
f 7213 7220 7219
f 7219 7211 7213
f 7208 7205 7220
f 7208 7220 7221
f 7221 7222 7208
f 7223 7222 7221
f 7224 7223 7221
f 7208 7222 7209
f 7222 7223 7210
f 7209 7222 7210
f 7215 7221 7220
f 7220 7213 7215
f 7217 7224 7221
f 7221 7215 7217
f 3740 7225 7007
f 3605 3740 7007
f 7225 7226 7008
f 7007 7225 7008
f 3740 3744 7227
f 7225 3740 7227
f 3744 3746 7228
f 7227 3744 7228
f 7225 7227 7229
f 7226 7225 7229
f 7227 7228 7230
f 7229 7227 7230
f 7008 7226 7011
f 7229 7231 7014
f 7229 7014 7011
f 7011 7226 7229
f 7229 7230 7232
f 7231 7229 7232
f 7231 7233 7015
f 7014 7231 7015
f 7231 7232 7234
f 7233 7231 7234
f 3746 3757 7235
f 7228 3746 7235
f 3757 3758 7236
f 7235 3757 7236
f 7228 7235 7237
f 7230 7228 7237
f 7235 7236 7238
f 7237 7235 7238
f 3758 3763 7239
f 7236 3758 7239
f 3765 7240 7239
f 7239 3763 3765
f 7239 7241 7238
f 7238 7236 7239
f 7239 7240 7242
f 7241 7239 7242
f 7230 7237 7243
f 7232 7230 7243
f 7237 7238 7244
f 7243 7237 7244
f 7243 7245 7234
f 7234 7232 7243
f 7244 7246 7245
f 7245 7243 7244
f 7238 7241 7247
f 7238 7247 7248
f 7248 7244 7238
f 7242 7249 7247
f 7247 7241 7242
f 7244 7248 7250
f 7250 7246 7244
f 7247 7251 7248
f 7251 7247 7249
f 7249 7252 7251
f 7253 7250 7248
f 7248 7251 7253
f 7251 7252 7254
f 7253 7251 7254
f 7233 7255 7031
f 7015 7233 7031
f 7233 7234 7256
f 7255 7233 7256
f 7031 7255 7032
f 7257 7034 7032
f 7032 7256 7257
f 7032 7255 7256
f 7257 7258 7040
f 7034 7257 7040
f 7258 7259 7041
f 7040 7258 7041
f 7245 7260 7256
f 7256 7234 7245
f 7245 7246 7261
f 7245 7261 7262
f 7262 7260 7245
f 7256 7260 7263
f 7257 7256 7263
f 7260 7262 7264
f 7264 7263 7260
f 7261 7265 7262
f 7266 7264 7262
f 7262 7265 7266
f 7261 7246 7250
f 7267 7265 7261
f 7267 7261 7250
f 7250 7253 7267
f 7253 7254 7268
f 7267 7253 7268
f 7267 7269 7266
f 7266 7265 7267
f 7267 7268 7270
f 7269 7267 7270
f 7257 7263 7271
f 7258 7257 7271
f 7271 7263 7264
f 7271 7264 7272
f 7272 7273 7271
f 7258 7271 7274
f 7259 7258 7274
f 7271 7273 7275
f 7274 7271 7275
f 7264 7266 7272
f 7276 7273 7272
f 7277 7278 7279
f 7275 7273 7276
f 7275 7276 7280
f 7280 7281 7275
f 7282 7281 7280
f 7282 7280 7279
f 7279 7278 7282
f 7269 7283 7276
f 7269 7276 7272
f 7272 7266 7269
f 7269 7270 7277
f 7283 7269 7277
f 7279 7283 7277
f 7276 7283 7280
f 7280 7283 7279
f 3821 7284 7240
f 7240 3765 3821
f 3821 3823 7285
f 7284 3821 7285
f 7240 7284 7286
f 7242 7240 7286
f 7284 7285 7287
f 7286 7284 7287
f 3827 7288 7285
f 7285 3823 3827
f 3828 7289 7288
f 7288 3827 3828
f 7288 7290 7287
f 7287 7285 7288
f 7288 7289 7291
f 7290 7288 7291
f 7292 7293 7249
f 7249 7286 7292
f 7249 7242 7286
f 7286 7287 7294
f 7292 7286 7294
f 7295 7296 7293
f 7293 7292 7295
f 7292 7294 7297
f 7295 7292 7297
f 7293 7252 7249
f 7252 7293 7296
f 7296 7254 7252
f 7287 7290 7298
f 7294 7287 7298
f 7290 7291 7299
f 7298 7290 7299
f 7294 7298 7300
f 7297 7294 7300
f 7298 7299 7301
f 7300 7298 7301
f 3828 3839 7302
f 7289 3828 7302
f 3839 3840 7303
f 7302 3839 7303
f 7289 7302 7304
f 7291 7289 7304
f 7302 7303 7305
f 7304 7302 7305
f 3843 7306 7303
f 7303 3840 3843
f 3843 3844 7307
f 7306 3843 7307
f 7303 7306 7308
f 7305 7303 7308
f 7307 7309 7308
f 7308 7306 7307
f 7291 7304 7310
f 7299 7291 7310
f 7304 7305 7311
f 7310 7304 7311
f 7299 7310 7312
f 7301 7299 7312
f 7310 7311 7313
f 7312 7310 7313
f 7305 7308 7314
f 7311 7305 7314
f 7308 7309 7315
f 7314 7308 7315
f 7311 7314 7316
f 7313 7311 7316
f 7314 7315 7317
f 7316 7314 7317
f 7318 7319 7296
f 7296 7295 7318
f 7295 7297 7320
f 7318 7295 7320
f 7318 7321 7322
f 7319 7318 7322
f 7318 7320 7323
f 7321 7318 7323
f 7254 7296 7319
f 7319 7268 7254
f 7270 7268 7319
f 7322 7270 7319
f 7297 7300 7324
f 7320 7297 7324
f 7300 7301 7325
f 7324 7300 7325
f 7320 7324 7326
f 7320 7326 7327
f 7327 7323 7320
f 7325 7328 7329
f 7325 7329 7326
f 7326 7324 7325
f 7326 7330 7327
f 7329 7330 7326
f 7331 7278 7277
f 7331 7277 7322
f 7322 7321 7331
f 7321 7323 7332
f 7321 7332 7333
f 7333 7331 7321
f 7331 7334 7282
f 7282 7278 7331
f 7334 7331 7333
f 7334 7333 7335
f 7335 7336 7334
f 7277 7270 7322
f 7332 7337 7333
f 7333 7337 7335
f 7332 7323 7327
f 7329 7328 7338
f 7336 7335 7339
f 7339 7340 7336
f 7341 7340 7339
f 7337 7332 7327
f 7327 7342 7337
f 7327 7330 7342
f 7342 7330 7329
f 7343 7342 7329
f 7338 7343 7329
f 7342 7339 7335
f 7335 7337 7342
f 7343 7344 7341
f 7342 7343 7341
f 7339 7342 7341
f 7301 7312 7345
f 7325 7301 7345
f 7312 7313 7346
f 7345 7312 7346
f 7325 7345 7347
f 7328 7325 7347
f 7345 7346 7348
f 7347 7345 7348
f 7313 7316 7349
f 7346 7313 7349
f 7316 7317 7350
f 7349 7316 7350
f 7346 7349 7351
f 7348 7346 7351
f 7349 7350 7352
f 7351 7349 7352
f 7328 7347 7353
f 7338 7328 7353
f 7348 7354 7353
f 7353 7347 7348
f 7343 7338 7353
f 7353 7355 7343
f 7355 7353 7354
f 7354 7356 7355
f 7343 7355 7357
f 7344 7343 7357
f 7355 7356 7358
f 7357 7355 7358
f 7351 7359 7360
f 7348 7351 7360
f 7354 7348 7360
f 7351 7352 7361
f 7359 7351 7361
f 7360 7359 7362
f 7361 7363 7362
f 7362 7359 7361
f 7360 7356 7354
f 7358 7356 7360
f 7358 7360 7362
f 7362 7364 7358
f 7364 7362 7363
f 7363 7365 7364
f 7041 7259 7090
f 7274 7366 7107
f 7274 7107 7090
f 7090 7259 7274
f 7274 7275 7367
f 7366 7274 7367
f 7107 7366 7108
f 7367 7368 7109
f 7367 7109 7108
f 7108 7366 7367
f 7275 7281 7369
f 7367 7275 7369
f 7281 7282 7370
f 7369 7281 7370
f 7367 7369 7371
f 7368 7367 7371
f 7369 7370 7372
f 7371 7369 7372
f 7109 7368 7112
f 7371 7117 7112
f 7112 7368 7371
f 7372 7373 7118
f 7371 7372 7118
f 7117 7371 7118
f 7118 7373 7119
f 7282 7334 7374
f 7370 7282 7374
f 7336 7375 7374
f 7374 7334 7336
f 7370 7374 7376
f 7372 7370 7376
f 7374 7375 7377
f 7376 7374 7377
f 7336 7340 7378
f 7375 7336 7378
f 7378 7340 7341
f 7378 7341 7379
f 7379 7380 7378
f 7375 7378 7381
f 7377 7375 7381
f 7378 7380 7382
f 7381 7378 7382
f 7341 7344 7379
f 7372 7376 7383
f 7373 7372 7383
f 7376 7377 7384
f 7383 7376 7384
f 7383 7171 7119
f 7119 7373 7383
f 7384 7385 7172
f 7383 7384 7172
f 7171 7383 7172
f 7377 7381 7386
f 7384 7377 7386
f 7381 7382 7387
f 7386 7381 7387
f 7384 7386 7388
f 7385 7384 7388
f 7386 7387 7389
f 7388 7386 7389
f 7390 7380 7379
f 7391 7390 7379
f 7392 7390 7391
f 7380 7390 7393
f 7382 7380 7393
f 7393 7390 7392
f 7393 7392 7394
f 7394 7395 7393
f 7357 7391 7379
f 7379 7344 7357
f 7358 7396 7392
f 7358 7392 7391
f 7391 7357 7358
f 7392 7396 7394
f 7397 7395 7394
f 7358 7364 7398
f 7396 7358 7398
f 7365 7399 7398
f 7398 7364 7365
f 7398 7400 7397
f 7398 7397 7394
f 7394 7396 7398
f 7398 7399 7401
f 7400 7398 7401
f 7382 7393 7402
f 7387 7382 7402
f 7393 7395 7403
f 7402 7393 7403
f 7387 7402 7404
f 7389 7387 7404
f 7402 7403 7405
f 7404 7402 7405
f 7403 7395 7397
f 7406 7403 7397
f 7407 7406 7397
f 7406 7407 7408
f 7408 7409 7406
f 7403 7406 7410
f 7405 7403 7410
f 7406 7409 7411
f 7410 7406 7411
f 7397 7400 7407
f 7401 7408 7407
f 7407 7400 7401
f 7172 7385 7190
f 7388 7195 7190
f 7190 7385 7388
f 7389 7412 7196
f 7388 7389 7196
f 7195 7388 7196
f 7196 7412 7197
f 7389 7404 7413
f 7412 7389 7413
f 7404 7405 7414
f 7413 7404 7414
f 7413 7212 7197
f 7197 7412 7413
f 7414 7214 7212
f 7212 7413 7414
f 7405 7410 7415
f 7414 7405 7415
f 7411 7416 7415
f 7415 7410 7411
f 7415 7216 7214
f 7214 7414 7415
f 7416 7218 7216
f 7216 7415 7416
f 5 4 7417
f 97 7418 7419
f 98 97 7419
f 7418 7420 7421
f 7419 7418 7421
f 7420 7422 7423
f 7423 7421 7420
f 7418 97 103
f 7418 103 7424
f 7424 7420 7418
f 7425 7424 103
f 7426 7427 7422
f 7422 7424 7426
f 7422 7420 7424
f 7426 7428 7429
f 7427 7426 7429
f 7424 7425 7430
f 7430 7426 7424
f 7426 7430 7431
f 7431 7428 7426
f 7432 7433 150
f 150 149 7432
f 7432 7434 7435
f 7433 7432 7435
f 7436 7437 154
f 154 153 7436
f 7438 7439 7437
f 7437 7436 7438
f 7436 153 150
f 7433 7436 150
f 7436 7433 7435
f 7435 7438 7436
f 7434 7440 7441
f 7435 7434 7441
f 7440 7442 7443
f 7441 7440 7443
f 7444 7445 7439
f 7439 7438 7444
f 7446 7447 7445
f 7445 7444 7446
f 7438 7435 7441
f 7441 7444 7438
f 7444 7441 7443
f 7443 7446 7444
f 7432 149 98
f 7432 98 7419
f 7419 7434 7432
f 7440 7434 7419
f 7440 7419 7448
f 7448 7442 7440
f 7421 7448 7419
f 7437 7449 160
f 160 154 7437
f 7437 7439 7450
f 7449 7437 7450
f 7449 7451 7417
f 4 160 7449
f 7417 4 7449
f 7449 7450 7452
f 7451 7449 7452
f 7439 7445 7453
f 7450 7439 7453
f 7445 7447 7454
f 7453 7445 7454
f 7450 7453 7455
f 7452 7450 7455
f 7453 7454 7456
f 7455 7453 7456
f 7442 7457 7458
f 7443 7442 7458
f 7458 7457 7459
f 7447 7446 7460
f 7458 7461 7460
f 7460 7443 7458
f 7460 7446 7443
f 7459 7462 7463
f 7458 7459 7463
f 7461 7458 7463
f 7464 7465 7463
f 7463 7462 7464
f 7465 7464 7466
f 7442 7448 7467
f 7467 7457 7442
f 7468 7469 7459
f 7467 7468 7459
f 7459 7457 7467
f 7467 7448 7421
f 7423 7467 7421
f 7468 7467 7423
f 7468 7423 7422
f 7422 7470 7468
f 7469 7462 7459
f 7468 7471 7472
f 7469 7468 7472
f 7472 7471 7473
f 7468 7470 7474
f 7474 7471 7468
f 7475 7476 7473
f 7471 7474 7475
f 7473 7471 7475
f 7462 7469 7472
f 7472 7464 7462
f 7473 7477 7478
f 7472 7473 7478
f 7472 7478 7466
f 7466 7464 7472
f 7476 7477 7473
f 7479 7480 7454
f 7454 7460 7479
f 7454 7447 7460
f 7480 7479 7481
f 7461 7479 7460
f 7463 7482 7481
f 7479 7461 7463
f 7481 7479 7463
f 7454 7480 7483
f 7456 7454 7483
f 7481 7484 7483
f 7483 7480 7481
f 7482 7485 7484
f 7484 7481 7482
f 7463 7465 7486
f 7482 7463 7486
f 7466 7487 7486
f 7486 7465 7466
f 7482 7486 7488
f 7485 7482 7488
f 7489 7490 7486
f 7486 7487 7489
f 7488 7486 7490
f 7478 7491 7487
f 7487 7466 7478
f 7491 7489 7487
f 7427 7470 7422
f 7474 7470 7427
f 7474 7427 7429
f 7492 7475 7474
f 7429 7492 7474
f 7429 7428 7493
f 7431 7494 7495
f 7431 7495 7493
f 7493 7428 7431
f 7495 7494 7496
f 7475 7497 7498
f 7476 7475 7498
f 7498 7497 7499
f 7478 7477 7500
f 7498 7501 7500
f 7500 7476 7498
f 7500 7477 7476
f 7502 7503 7501
f 7499 7502 7501
f 7501 7498 7499
f 7503 7502 7504
f 7490 7489 7505
f 7506 7507 7478
f 7478 7500 7506
f 7491 7478 7507
f 7507 7506 7508
f 7501 7506 7500
f 7503 7509 7506
f 7506 7501 7503
f 7508 7506 7509
f 7507 7510 7489
f 7489 7491 7507
f 7505 7489 7510
f 7508 7511 7510
f 7510 7507 7508
f 7509 7512 7511
f 7511 7508 7509
f 7504 7513 7509
f 7509 7503 7504
f 7513 7514 7512
f 7512 7509 7513
f 7475 7492 7515
f 7515 7497 7475
f 7515 7516 7517
f 7515 7517 7499
f 7499 7497 7515
f 7515 7492 7429
f 7515 7429 7493
f 7493 7518 7515
f 7515 7518 7519
f 7519 7516 7515
f 7517 7502 7499
f 7517 7516 7520
f 7519 7521 7522
f 7519 7522 7520
f 7520 7516 7519
f 7522 7521 7523
f 7524 7525 7502
f 7517 7520 7524
f 7502 7517 7524
f 7504 7502 7525
f 7525 7524 7526
f 7522 7524 7520
f 7527 7528 7526
f 7523 7527 7524
f 7524 7522 7523
f 7526 7524 7527
f 7518 7493 7529
f 7529 7519 7518
f 7495 7529 7493
f 7519 7529 7530
f 7530 7521 7519
f 7530 7531 7532
f 7530 7532 7523
f 7523 7521 7530
f 7530 7529 7495
f 7530 7495 7496
f 7496 7533 7530
f 7530 7533 7534
f 7534 7531 7530
f 7532 7527 7523
f 7525 7535 7513
f 7513 7504 7525
f 7526 7536 7535
f 7535 7525 7526
f 7526 7528 7537
f 7536 7526 7537
f 7535 7538 7514
f 7514 7513 7535
f 7536 7539 7538
f 7538 7535 7536
f 7536 7537 7540
f 7539 7536 7540
f 7528 7527 7541
f 7532 7531 7542
f 7534 7543 7542
f 7542 7531 7534
f 7532 7542 7544
f 7527 7532 7544
f 7541 7527 7544
f 7545 7546 7542
f 7542 7543 7545
f 7544 7542 7546
f 7546 7545 7547
f 7528 7541 7548
f 7537 7528 7548
f 7548 7549 7540
f 7540 7537 7548
f 7550 7551 7541
f 7541 7544 7550
f 7548 7541 7551
f 7551 7550 7552
f 7546 7550 7544
f 7553 7554 7552
f 7547 7553 7552
f 7550 7546 7547
f 7552 7550 7547
f 7548 7551 7555
f 7549 7548 7555
f 7551 7552 7556
f 7555 7551 7556
f 7552 7554 7557
f 7556 7552 7557
f 7554 7553 7558
f 7554 7558 7559
f 7557 7554 7559
f 103 232 7560
f 7560 7425 103
f 7430 7425 7560
f 7430 7560 7561
f 7561 7431 7430
f 7562 7561 7560
f 232 234 7563
f 7563 7560 232
f 7560 7563 7564
f 7564 7562 7560
f 7431 7561 7565
f 7565 7494 7431
f 7565 7566 7567
f 7565 7567 7496
f 7496 7494 7565
f 7561 7562 7568
f 7568 7565 7561
f 7565 7568 7569
f 7569 7566 7565
f 7567 7566 7570
f 7569 7571 7572
f 7566 7569 7572
f 7572 7570 7566
f 7568 7562 7564
f 7568 7564 7573
f 7573 7569 7568
f 7574 7573 7564
f 7573 7575 7571
f 7571 7569 7573
f 7574 7576 7575
f 7575 7573 7574
f 7533 7496 7577
f 7577 7534 7533
f 7567 7577 7496
f 7578 7579 7534
f 7534 7577 7578
f 7543 7534 7579
f 7579 7578 7580
f 7577 7567 7581
f 7581 7578 7577
f 7570 7581 7567
f 7581 7582 7580
f 7580 7578 7581
f 7579 7545 7543
f 7580 7583 7584
f 7580 7584 7547
f 7547 7579 7580
f 7547 7545 7579
f 7585 7583 7580
f 7582 7585 7580
f 7584 7583 7586
f 7583 7585 7587
f 7586 7583 7587
f 7581 7570 7572
f 7572 7588 7581
f 7588 7589 7590
f 7581 7588 7590
f 7582 7581 7590
f 7588 7572 7571
f 7571 7591 7588
f 7588 7591 7592
f 7592 7589 7588
f 7590 7585 7582
f 7590 7589 7593
f 7592 7594 7593
f 7593 7589 7592
f 7590 7593 7595
f 7590 7595 7587
f 7587 7585 7590
f 7594 7596 7595
f 7595 7593 7594
f 7584 7553 7547
f 7584 7586 7597
f 7553 7584 7597
f 7558 7553 7597
f 7587 7598 7597
f 7597 7586 7587
f 7597 7599 7559
f 7559 7558 7597
f 7600 7601 7599
f 7597 7598 7600
f 7599 7597 7600
f 7601 7600 7602
f 7603 7604 7587
f 7587 7595 7603
f 7598 7587 7604
f 7604 7603 7605
f 7606 7603 7595
f 7596 7606 7595
f 7603 7606 7607
f 7605 7603 7607
f 7604 7600 7598
f 7604 7605 7608
f 7600 7604 7608
f 7602 7600 7608
f 7607 7609 7608
f 7608 7605 7607
f 7591 7571 7575
f 7610 7592 7591
f 7575 7610 7591
f 7575 7611 7610
f 7610 7612 7594
f 7594 7592 7610
f 7611 7613 7612
f 7612 7610 7611
f 7612 7614 7615
f 7594 7612 7615
f 7596 7594 7615
f 7615 7614 7616
f 7617 7614 7612
f 7613 7617 7612
f 7614 7617 7618
f 7616 7614 7618
f 7619 7611 7575
f 7619 7575 7576
f 7576 7620 7619
f 7619 7621 7613
f 7613 7611 7619
f 7620 7622 7621
f 7621 7619 7620
f 7623 7617 7613
f 7621 7623 7613
f 7617 7623 7624
f 7618 7617 7624
f 7625 7623 7621
f 7622 7625 7621
f 7623 7625 7626
f 7624 7623 7626
f 7615 7606 7596
f 7615 7616 7627
f 7615 7627 7607
f 7607 7606 7615
f 7618 7628 7627
f 7627 7616 7618
f 7627 7629 7609
f 7609 7607 7627
f 7628 7630 7629
f 7629 7627 7628
f 7624 7631 7628
f 7628 7618 7624
f 7626 7632 7631
f 7631 7624 7626
f 7633 7634 7628
f 7628 7631 7633
f 7630 7628 7634
f 7635 7633 7631
f 7632 7635 7631
f 7634 7633 7636
f 7633 7635 7637
f 7636 7633 7637
f 7417 237 5
f 241 7638 7639
f 242 241 7639
f 7639 7638 7640
f 7639 7641 243
f 243 242 7639
f 7642 7643 7641
f 7639 7640 7642
f 7641 7639 7642
f 7643 7642 7644
f 7641 7645 245
f 245 243 7641
f 7643 7646 7645
f 7645 7641 7643
f 7645 7647 247
f 247 245 7645
f 7648 7649 7645
f 7645 7646 7648
f 7647 7645 7649
f 7643 7644 7650
f 7646 7643 7650
f 7650 7648 7646
f 7417 7451 7651
f 237 7417 7651
f 468 237 7651
f 7452 7652 7651
f 7651 7451 7452
f 7651 7653 470
f 470 468 7651
f 7652 7654 7653
f 7653 7651 7652
f 7455 7655 7652
f 7652 7452 7455
f 7456 7656 7655
f 7655 7455 7456
f 7655 7657 7654
f 7654 7652 7655
f 7656 7658 7657
f 7657 7655 7656
f 7653 7659 476
f 476 470 7653
f 7654 7660 7659
f 7659 7653 7654
f 7659 7661 478
f 478 476 7659
f 7660 7662 7661
f 7661 7659 7660
f 7657 7663 7660
f 7660 7654 7657
f 7658 7664 7663
f 7663 7657 7658
f 7663 7665 7662
f 7662 7660 7663
f 7664 7666 7665
f 7665 7663 7664
f 7483 7667 7656
f 7656 7456 7483
f 7483 7484 7668
f 7667 7483 7668
f 7484 7485 7669
f 7668 7484 7669
f 7667 7670 7658
f 7658 7656 7667
f 7667 7668 7671
f 7670 7667 7671
f 7668 7669 7672
f 7671 7668 7672
f 7488 7673 7669
f 7669 7485 7488
f 7490 7674 7673
f 7673 7488 7490
f 7673 7675 7672
f 7672 7669 7673
f 7676 7675 7674
f 7674 7677 7676
f 7675 7673 7674
f 7676 7677 7678
f 7670 7679 7664
f 7664 7658 7670
f 7670 7671 7680
f 7679 7670 7680
f 7671 7672 7681
f 7680 7671 7681
f 7679 7682 7666
f 7666 7664 7679
f 7679 7680 7683
f 7682 7679 7683
f 7680 7681 7684
f 7683 7680 7684
f 7675 7685 7681
f 7681 7672 7675
f 7675 7676 7686
f 7685 7675 7686
f 7685 7687 7684
f 7684 7681 7685
f 7685 7686 7688
f 7687 7685 7688
f 7676 7678 7689
f 7686 7676 7689
f 7686 7689 7690
f 7688 7686 7690
f 478 7661 7691
f 508 478 7691
f 7661 7662 7692
f 7691 7661 7692
f 508 7691 7693
f 510 508 7693
f 7691 7692 7694
f 7693 7691 7694
f 7665 7695 7692
f 7692 7662 7665
f 7666 7696 7695
f 7695 7665 7666
f 7692 7695 7697
f 7694 7692 7697
f 7695 7696 7698
f 7697 7695 7698
f 7693 7699 516
f 516 510 7693
f 7693 7694 7700
f 7699 7693 7700
f 7699 7701 518
f 518 516 7699
f 7699 7700 7702
f 7701 7699 7702
f 7694 7697 7703
f 7700 7694 7703
f 7697 7698 7704
f 7703 7697 7704
f 7700 7703 7705
f 7702 7700 7705
f 7703 7704 7706
f 7705 7703 7706
f 7682 7707 7696
f 7696 7666 7682
f 7682 7683 7708
f 7707 7682 7708
f 7683 7684 7709
f 7708 7683 7709
f 7707 7710 7698
f 7698 7696 7707
f 7707 7708 7711
f 7710 7707 7711
f 7708 7709 7712
f 7711 7708 7712
f 7687 7713 7709
f 7709 7684 7687
f 7687 7688 7714
f 7713 7687 7714
f 7709 7713 7715
f 7712 7709 7715
f 7714 7716 7715
f 7715 7713 7714
f 7688 7690 7717
f 7714 7688 7717
f 7717 7718 7716
f 7716 7714 7717
f 7698 7710 7719
f 7704 7698 7719
f 7711 7720 7719
f 7719 7710 7711
f 7712 7721 7720
f 7720 7711 7712
f 7704 7719 7722
f 7706 7704 7722
f 7720 7723 7722
f 7722 7719 7720
f 7721 7724 7723
f 7723 7720 7721
f 7712 7715 7725
f 7721 7712 7725
f 7716 7726 7725
f 7725 7715 7716
f 7721 7725 7727
f 7724 7721 7727
f 7726 7728 7727
f 7727 7725 7726
f 7718 7729 7726
f 7726 7716 7718
f 7726 7729 7730
f 7728 7726 7730
f 7490 7505 7731
f 7674 7490 7731
f 7731 7677 7674
f 7505 7510 7732
f 7731 7505 7732
f 7511 7733 7732
f 7732 7510 7511
f 7512 7734 7733
f 7733 7511 7512
f 7731 7732 7735
f 7677 7731 7735
f 7678 7677 7735
f 7732 7733 7736
f 7735 7732 7736
f 7733 7734 7737
f 7736 7733 7737
f 7512 7514 7738
f 7734 7512 7738
f 7734 7738 7739
f 7737 7734 7739
f 7735 7740 7689
f 7689 7678 7735
f 7735 7736 7741
f 7740 7735 7741
f 7736 7737 7742
f 7741 7736 7742
f 7740 7743 7690
f 7690 7689 7740
f 7740 7741 7744
f 7743 7740 7744
f 7741 7742 7745
f 7744 7741 7745
f 7737 7739 7746
f 7742 7737 7746
f 7746 7747 7745
f 7745 7742 7746
f 7514 7538 7748
f 7738 7514 7748
f 7538 7539 7749
f 7748 7538 7749
f 7540 7750 7749
f 7749 7539 7540
f 7738 7748 7751
f 7739 7738 7751
f 7748 7749 7752
f 7751 7748 7752
f 7749 7750 7753
f 7752 7749 7753
f 7739 7751 7754
f 7746 7739 7754
f 7751 7752 7755
f 7754 7751 7755
f 7753 7756 7755
f 7755 7752 7753
f 7746 7754 7757
f 7747 7746 7757
f 7754 7755 7758
f 7757 7754 7758
f 7756 7759 7758
f 7758 7755 7756
f 7549 7760 7750
f 7750 7540 7549
f 7760 7761 7753
f 7753 7750 7760
f 7549 7555 7762
f 7760 7549 7762
f 7556 7763 7762
f 7762 7555 7556
f 7556 7557 7764
f 7763 7556 7764
f 7762 7765 7761
f 7761 7760 7762
f 7762 7763 7766
f 7765 7762 7766
f 7764 7767 7766
f 7766 7763 7764
f 7559 7768 7764
f 7764 7557 7559
f 7768 7769 7767
f 7767 7764 7768
f 7753 7761 7770
f 7756 7753 7770
f 7756 7770 7771
f 7759 7756 7771
f 7765 7772 7770
f 7770 7761 7765
f 7766 7773 7772
f 7772 7765 7766
f 7767 7774 7773
f 7773 7766 7767
f 7772 7775 7771
f 7771 7770 7772
f 7773 7776 7775
f 7775 7772 7773
f 7777 7778 7776
f 7773 7774 7777
f 7776 7773 7777
f 7769 7779 7774
f 7774 7767 7769
f 7779 7777 7774
f 7743 7780 7717
f 7717 7690 7743
f 7743 7744 7781
f 7780 7743 7781
f 7744 7745 7782
f 7781 7744 7782
f 7717 7780 7783
f 7718 7717 7783
f 7781 7784 7783
f 7783 7780 7781
f 7782 7785 7784
f 7784 7781 7782
f 7747 7786 7782
f 7782 7745 7747
f 7786 7787 7785
f 7785 7782 7786
f 7718 7783 7788
f 7729 7718 7788
f 7784 7789 7788
f 7788 7783 7784
f 7785 7790 7789
f 7789 7784 7785
f 7729 7788 7791
f 7730 7729 7791
f 7789 7792 7791
f 7791 7788 7789
f 7790 7793 7792
f 7792 7789 7790
f 7787 7794 7790
f 7790 7785 7787
f 7790 7794 7795
f 7793 7790 7795
f 7757 7796 7786
f 7786 7747 7757
f 7757 7758 7797
f 7796 7757 7797
f 7759 7798 7797
f 7797 7758 7759
f 7796 7799 7787
f 7787 7786 7796
f 7796 7797 7800
f 7799 7796 7800
f 7798 7801 7800
f 7800 7797 7798
f 7787 7799 7802
f 7794 7787 7802
f 7799 7800 7803
f 7802 7799 7803
f 7801 7804 7803
f 7803 7800 7801
f 7802 7805 7795
f 7795 7794 7802
f 7802 7803 7806
f 7805 7802 7806
f 7804 7807 7806
f 7806 7803 7804
f 7759 7771 7808
f 7798 7759 7808
f 7798 7808 7809
f 7801 7798 7809
f 7775 7810 7808
f 7808 7771 7775
f 7776 7811 7810
f 7810 7775 7776
f 7776 7778 7812
f 7811 7776 7812
f 7810 7813 7809
f 7809 7808 7810
f 7811 7814 7813
f 7813 7810 7811
f 7811 7812 7815
f 7814 7811 7815
f 7801 7809 7816
f 7804 7801 7816
f 7816 7817 7807
f 7807 7804 7816
f 7813 7818 7816
f 7816 7809 7813
f 7814 7819 7818
f 7818 7813 7814
f 7814 7815 7820
f 7819 7814 7820
f 7816 7818 7821
f 7817 7816 7821
f 7819 7822 7821
f 7821 7818 7819
f 7819 7820 7823
f 7822 7819 7823
f 7599 7824 7768
f 7768 7559 7599
f 7599 7601 7825
f 7824 7599 7825
f 7601 7602 7826
f 7825 7601 7826
f 7768 7824 7827
f 7769 7768 7827
f 7825 7828 7827
f 7827 7824 7825
f 7826 7829 7828
f 7828 7825 7826
f 7608 7830 7826
f 7826 7602 7608
f 7609 7831 7830
f 7830 7608 7609
f 7826 7830 7832
f 7829 7826 7832
f 7831 7833 7832
f 7832 7830 7831
f 7778 7777 7834
f 7769 7827 7835
f 7779 7769 7835
f 7828 7836 7835
f 7835 7827 7828
f 7829 7837 7836
f 7836 7828 7829
f 7835 7838 7777
f 7777 7779 7835
f 7834 7777 7838
f 7839 7840 7838
f 7835 7836 7839
f 7838 7835 7839
f 7837 7839 7836
f 7829 7832 7841
f 7837 7829 7841
f 7832 7833 7842
f 7841 7832 7842
f 7840 7839 7843
f 7841 7844 7839
f 7839 7837 7841
f 7843 7839 7844
f 7841 7842 7845
f 7844 7841 7845
f 7629 7846 7831
f 7831 7609 7629
f 7630 7847 7846
f 7846 7629 7630
f 7831 7846 7848
f 7833 7831 7848
f 7846 7847 7849
f 7848 7846 7849
f 7630 7634 7850
f 7847 7630 7850
f 7851 7852 7849
f 7850 7851 7849
f 7849 7847 7850
f 7852 7851 7853
f 7833 7848 7854
f 7842 7833 7854
f 7848 7849 7855
f 7854 7848 7855
f 7842 7854 7856
f 7845 7842 7856
f 7854 7855 7857
f 7856 7854 7857
f 7849 7852 7858
f 7855 7849 7858
f 7859 7860 7858
f 7858 7853 7859
f 7858 7852 7853
f 7855 7858 7861
f 7857 7855 7861
f 7858 7860 7862
f 7861 7858 7862
f 7834 7863 7812
f 7812 7778 7834
f 7863 7864 7815
f 7815 7812 7863
f 7838 7865 7863
f 7863 7834 7838
f 7838 7840 7866
f 7865 7838 7866
f 7865 7867 7864
f 7864 7863 7865
f 7865 7866 7868
f 7867 7865 7868
f 7843 7869 7866
f 7866 7840 7843
f 7844 7870 7869
f 7869 7843 7844
f 7844 7845 7871
f 7870 7844 7871
f 7869 7872 7868
f 7868 7866 7869
f 7870 7873 7872
f 7872 7869 7870
f 7870 7871 7874
f 7873 7870 7874
f 7864 7875 7820
f 7820 7815 7864
f 7875 7876 7823
f 7823 7820 7875
f 7867 7877 7875
f 7875 7864 7867
f 7867 7868 7878
f 7877 7867 7878
f 7877 7879 7876
f 7876 7875 7877
f 7877 7878 7880
f 7879 7877 7880
f 7868 7872 7881
f 7878 7868 7881
f 7872 7873 7882
f 7881 7872 7882
f 7874 7883 7882
f 7882 7873 7874
f 7878 7881 7884
f 7880 7878 7884
f 7881 7882 7885
f 7884 7881 7885
f 7883 7886 7885
f 7885 7882 7883
f 7845 7856 7887
f 7871 7845 7887
f 7856 7857 7888
f 7887 7856 7888
f 7871 7887 7889
f 7874 7871 7889
f 7887 7888 7890
f 7889 7887 7890
f 7857 7861 7891
f 7888 7857 7891
f 7861 7862 7892
f 7891 7861 7892
f 7891 7893 7890
f 7890 7888 7891
f 7892 7894 7893
f 7893 7891 7892
f 7889 7895 7883
f 7883 7874 7889
f 7890 7896 7895
f 7895 7889 7890
f 7895 7897 7886
f 7886 7883 7895
f 7896 7898 7897
f 7897 7895 7896
f 7893 7899 7896
f 7896 7890 7893
f 7894 7900 7899
f 7899 7893 7894
f 7901 7902 7898
f 7896 7899 7901
f 7898 7896 7901
f 7903 7901 7899
f 7900 7903 7899
f 7701 7904 700
f 700 518 7701
f 7701 7702 7905
f 7904 7701 7905
f 7904 7906 702
f 702 700 7904
f 7904 7905 7907
f 7906 7904 7907
f 7702 7705 7908
f 7905 7702 7908
f 7705 7706 7909
f 7908 7705 7909
f 7905 7908 7910
f 7907 7905 7910
f 7908 7909 7911
f 7910 7908 7911
f 7906 7912 708
f 708 702 7906
f 7906 7907 7913
f 7912 7906 7913
f 7912 7914 710
f 710 708 7912
f 7912 7913 7915
f 7914 7912 7915
f 7907 7910 7916
f 7913 7907 7916
f 7910 7911 7917
f 7916 7910 7917
f 7913 7916 7918
f 7915 7913 7918
f 7916 7917 7919
f 7918 7916 7919
f 7706 7722 7920
f 7909 7706 7920
f 7723 7921 7920
f 7920 7722 7723
f 7724 7922 7921
f 7921 7723 7724
f 7909 7920 7923
f 7911 7909 7923
f 7921 7924 7923
f 7923 7920 7921
f 7922 7925 7924
f 7924 7921 7922
f 7724 7727 7926
f 7922 7724 7926
f 7728 7927 7926
f 7926 7727 7728
f 7922 7926 7928
f 7925 7922 7928
f 7927 7929 7928
f 7928 7926 7927
f 7730 7930 7927
f 7927 7728 7730
f 7927 7930 7931
f 7929 7927 7931
f 7911 7923 7932
f 7917 7911 7932
f 7924 7933 7932
f 7932 7923 7924
f 7925 7934 7933
f 7933 7924 7925
f 7917 7932 7935
f 7919 7917 7935
f 7933 7936 7935
f 7935 7932 7933
f 7934 7937 7936
f 7936 7933 7934
f 7925 7928 7938
f 7934 7925 7938
f 7939 7940 7938
f 7928 7929 7939
f 7938 7928 7939
f 7934 7938 7941
f 7937 7934 7941
f 7938 7940 7942
f 7941 7938 7942
f 7931 7939 7929
f 7638 241 710
f 7914 7638 710
f 7915 7943 7640
f 7638 7914 7915
f 7640 7638 7915
f 7943 7642 7640
f 7915 7918 7944
f 7943 7915 7944
f 7918 7919 7945
f 7944 7918 7945
f 7944 7946 7644
f 7642 7943 7944
f 7644 7642 7944
f 7944 7945 7947
f 7946 7944 7947
f 7649 7648 7948
f 7644 7946 7949
f 7650 7644 7949
f 7947 7950 7949
f 7949 7946 7947
f 7949 7951 7648
f 7648 7650 7949
f 7948 7648 7951
f 7950 7952 7951
f 7951 7949 7950
f 7919 7935 7953
f 7945 7919 7953
f 7954 7955 7953
f 7935 7936 7954
f 7953 7935 7954
f 7937 7954 7936
f 7945 7953 7956
f 7947 7945 7956
f 7953 7955 7957
f 7956 7953 7957
f 7955 7954 7958
f 7941 7959 7954
f 7954 7937 7941
f 7958 7954 7959
f 7941 7942 7960
f 7959 7941 7960
f 7958 7961 7957
f 7957 7955 7958
f 7959 7962 7961
f 7961 7958 7959
f 7960 7963 7962
f 7962 7959 7960
f 7956 7964 7950
f 7950 7947 7956
f 7957 7965 7964
f 7964 7956 7957
f 7964 7966 7952
f 7952 7950 7964
f 7967 7968 7966
f 7964 7965 7967
f 7966 7964 7967
f 7968 7967 7969
f 7957 7961 7970
f 7965 7957 7970
f 7961 7962 7971
f 7970 7961 7971
f 7963 7972 7971
f 7971 7962 7963
f 7970 7967 7965
f 7971 7973 7967
f 7967 7970 7971
f 7969 7967 7973
f 7972 7974 7973
f 7973 7971 7972
f 7730 7791 7975
f 7930 7730 7975
f 7792 7976 7975
f 7975 7791 7792
f 7793 7977 7976
f 7976 7792 7793
f 7930 7975 7978
f 7931 7930 7978
f 7976 7979 7978
f 7978 7975 7976
f 7977 7980 7979
f 7979 7976 7977
f 7795 7981 7977
f 7977 7793 7795
f 7981 7982 7980
f 7980 7977 7981
f 7940 7939 7983
f 7983 7984 7942
f 7942 7940 7983
f 7978 7985 7939
f 7939 7931 7978
f 7983 7939 7985
f 7979 7986 7985
f 7985 7978 7979
f 7980 7987 7986
f 7986 7979 7980
f 7985 7988 7984
f 7984 7983 7985
f 7986 7989 7988
f 7988 7985 7986
f 7987 7990 7989
f 7989 7986 7987
f 7982 7991 7987
f 7987 7980 7982
f 7987 7991 7992
f 7990 7987 7992
f 7805 7993 7981
f 7981 7795 7805
f 7805 7806 7994
f 7993 7805 7994
f 7807 7995 7994
f 7994 7806 7807
f 7981 7993 7996
f 7982 7981 7996
f 7993 7994 7997
f 7996 7993 7997
f 7994 7995 7998
f 7997 7994 7998
f 7982 7996 7999
f 7991 7982 7999
f 7997 8000 7999
f 7999 7996 7997
f 7997 7998 8001
f 8000 7997 8001
f 7999 8002 7992
f 7992 7991 7999
f 8000 8003 8002
f 8002 7999 8000
f 8000 8001 8004
f 8003 8000 8004
f 7817 8005 7995
f 7995 7807 7817
f 7995 8005 8006
f 7998 7995 8006
f 7817 7821 8007
f 8005 7817 8007
f 7821 7822 8008
f 8007 7821 8008
f 7823 8009 8008
f 8008 7822 7823
f 8005 8007 8010
f 8006 8005 8010
f 8007 8008 8011
f 8010 8007 8011
f 8009 8012 8011
f 8011 8008 8009
f 7998 8006 8013
f 8001 7998 8013
f 8001 8013 8014
f 8004 8001 8014
f 8006 8010 8015
f 8013 8006 8015
f 8010 8011 8016
f 8015 8010 8016
f 8012 8017 8016
f 8016 8011 8012
f 8013 8015 8018
f 8014 8013 8018
f 8015 8016 8019
f 8018 8015 8019
f 8017 8020 8019
f 8019 8016 8017
f 7942 7984 8021
f 7960 7942 8021
f 7960 8021 8022
f 7963 7960 8022
f 7988 8023 8021
f 8021 7984 7988
f 7989 8024 8023
f 8023 7988 7989
f 7990 8025 8024
f 8024 7989 7990
f 8021 8023 8026
f 8022 8021 8026
f 8023 8024 8027
f 8026 8023 8027
f 8024 8025 8028
f 8027 8024 8028
f 7990 7992 8029
f 8025 7990 8029
f 8029 8030 8028
f 8028 8025 8029
f 7963 8022 8031
f 7972 7963 8031
f 7972 8031 8032
f 7974 7972 8032
f 8022 8026 8033
f 8031 8022 8033
f 8026 8027 8034
f 8033 8026 8034
f 8027 8028 8035
f 8034 8027 8035
f 8033 8036 8032
f 8032 8031 8033
f 8033 8034 8037
f 8036 8033 8037
f 8034 8035 8038
f 8037 8034 8038
f 8030 8039 8035
f 8035 8028 8030
f 8039 8040 8038
f 8038 8035 8039
f 7992 8002 8041
f 8029 7992 8041
f 8003 8042 8041
f 8041 8002 8003
f 8003 8004 8043
f 8042 8003 8043
f 8029 8041 8044
f 8030 8029 8044
f 8042 8045 8044
f 8044 8041 8042
f 8042 8043 8046
f 8045 8042 8046
f 8030 8044 8047
f 8039 8030 8047
f 8045 8048 8047
f 8047 8044 8045
f 8045 8046 8049
f 8048 8045 8049
f 8047 8050 8040
f 8040 8039 8047
f 8047 8048 8051
f 8050 8047 8051
f 8049 8052 8051
f 8051 8048 8049
f 8014 8053 8043
f 8043 8004 8014
f 8053 8054 8046
f 8046 8043 8053
f 8014 8018 8055
f 8053 8014 8055
f 8018 8019 8056
f 8055 8018 8056
f 8057 8058 8056
f 8019 8020 8057
f 8056 8019 8057
f 8053 8055 8059
f 8054 8053 8059
f 8056 8060 8059
f 8059 8055 8056
f 8056 8058 8061
f 8060 8056 8061
f 8058 8057 8062
f 8058 8062 8063
f 8061 8058 8063
f 8046 8054 8064
f 8049 8046 8064
f 8064 8065 8052
f 8052 8049 8064
f 8059 8066 8064
f 8064 8054 8059
f 8060 8067 8066
f 8066 8059 8060
f 8060 8061 8068
f 8067 8060 8068
f 8066 8069 8065
f 8065 8064 8066
f 8066 8067 8070
f 8069 8066 8070
f 8068 8071 8070
f 8070 8067 8068
f 8063 8072 8068
f 8068 8061 8063
f 8072 8073 8071
f 8071 8068 8072
f 7876 8074 8009
f 8009 7823 7876
f 8074 8075 8012
f 8012 8009 8074
f 7879 8076 8074
f 8074 7876 7879
f 7879 7880 8077
f 8076 7879 8077
f 8076 8078 8075
f 8075 8074 8076
f 8076 8077 8079
f 8078 8076 8079
f 7884 8080 8077
f 8077 7880 7884
f 7885 8081 8080
f 8080 7884 7885
f 7885 7886 8082
f 8081 7885 8082
f 8080 8083 8079
f 8079 8077 8080
f 8081 8084 8083
f 8083 8080 8081
f 8081 8082 8085
f 8084 8081 8085
f 8012 8075 8086
f 8017 8012 8086
f 8017 8086 8087
f 8020 8017 8087
f 8075 8078 8088
f 8086 8075 8088
f 8079 8089 8088
f 8088 8078 8079
f 8086 8088 8090
f 8087 8086 8090
f 8089 8091 8090
f 8090 8088 8089
f 8079 8083 8092
f 8089 8079 8092
f 8083 8084 8093
f 8092 8083 8093
f 8085 8094 8093
f 8093 8084 8085
f 8089 8092 8095
f 8091 8089 8095
f 8092 8093 8096
f 8095 8092 8096
f 8094 8097 8096
f 8096 8093 8094
f 7886 7897 8098
f 8082 7886 8098
f 7897 7898 8099
f 8098 7897 8099
f 8098 8100 8085
f 8085 8082 8098
f 8099 8101 8100
f 8100 8098 8099
f 7898 7902 8102
f 8099 7898 8102
f 8102 8103 8101
f 8101 8099 8102
f 8100 8104 8094
f 8094 8085 8100
f 8101 8105 8104
f 8104 8100 8101
f 8104 8106 8097
f 8097 8094 8104
f 8105 8107 8106
f 8106 8104 8105
f 8101 8103 8108
f 8105 8101 8108
f 8105 8108 8109
f 8107 8105 8109
f 8087 8057 8020
f 8090 8110 8057
f 8057 8087 8090
f 8062 8057 8110
f 8091 8111 8110
f 8110 8090 8091
f 8110 8112 8063
f 8063 8062 8110
f 8111 8113 8112
f 8112 8110 8111
f 8091 8095 8114
f 8111 8091 8114
f 8095 8096 8115
f 8114 8095 8115
f 8097 8116 8115
f 8115 8096 8097
f 8111 8114 8117
f 8113 8111 8117
f 8114 8115 8118
f 8117 8114 8118
f 8116 8119 8118
f 8118 8115 8116
f 8112 8120 8072
f 8072 8063 8112
f 8121 8122 8112
f 8112 8113 8121
f 8120 8112 8122
f 8122 8121 8123
f 8120 8124 8073
f 8073 8072 8120
f 8120 8122 8125
f 8124 8120 8125
f 8122 8123 8126
f 8125 8122 8126
f 8117 8121 8113
f 8118 8127 8121
f 8121 8117 8118
f 8123 8121 8127
f 8119 8128 8127
f 8127 8118 8119
f 8127 8129 8126
f 8126 8123 8127
f 8128 8130 8129
f 8129 8127 8128
f 8106 8131 8116
f 8116 8097 8106
f 8107 8132 8131
f 8131 8106 8107
f 8131 8133 8119
f 8119 8116 8131
f 8134 8135 8131
f 8131 8132 8134
f 8133 8131 8135
f 8107 8109 8136
f 8132 8107 8136
f 8136 8134 8132
f 8133 8137 8128
f 8128 8119 8133
f 8133 8135 8138
f 8137 8133 8138
f 8137 8139 8130
f 8130 8128 8137
f 8137 8138 8140
f 8139 8137 8140
f 7634 7636 8141
f 7850 7634 8141
f 7636 7637 8142
f 8141 7636 8142
f 8141 7851 7850
f 8142 8143 7853
f 8141 8142 7853
f 7853 7851 8141
f 8143 7859 7853
f 7902 7901 8144
f 7901 7903 8145
f 8144 7901 8145
f 7902 8144 8146
f 8102 7902 8146
f 8145 8147 8146
f 8146 8144 8145
f 8146 8148 8103
f 8103 8102 8146
f 8146 8147 8149
f 8148 8146 8149
f 8103 8148 8150
f 8108 8103 8150
f 8148 8149 8151
f 8150 8148 8151
f 8108 8150 8152
f 8109 8108 8152
f 8151 8153 8152
f 8152 8150 8151
f 8135 8134 8154
f 8109 8152 8155
f 8136 8109 8155
f 8153 8156 8155
f 8155 8152 8153
f 8136 8155 8157
f 8134 8136 8157
f 8154 8134 8157
f 8156 8158 8157
f 8157 8155 8156
f 8135 8154 8159
f 8138 8135 8159
f 8138 8159 8160
f 8140 8138 8160
f 8157 8161 8159
f 8159 8154 8157
f 8158 8162 8161
f 8161 8157 8158
f 8161 8163 8160
f 8160 8159 8161
f 8162 8164 8163
f 8163 8161 8162
f 7647 8165 780
f 780 247 7647
f 7647 7649 8166
f 8165 7647 8166
f 780 8165 8167
f 782 780 8167
f 8166 8168 8167
f 8167 8165 8166
f 8167 8169 784
f 784 782 8167
f 8170 8171 8169
f 8168 8170 8169
f 8169 8167 8168
f 8169 8172 786
f 786 784 8169
f 8169 8171 8173
f 8172 8169 8173
f 8171 8170 8174
f 8174 8175 8173
f 8173 8171 8174
f 8172 8176 788
f 788 786 8172
f 8172 8173 8177
f 8176 8172 8177
f 8176 8178 790
f 790 788 8176
f 8177 8179 8178
f 8178 8176 8177
f 8175 8180 8177
f 8177 8173 8175
f 8177 8180 8181
f 8179 8177 8181
f 790 8178 8182
f 792 790 8182
f 8179 8183 8182
f 8182 8178 8179
f 792 8182 8184
f 794 792 8184
f 8185 8186 8182
f 8182 8183 8185
f 8184 8182 8186
f 8179 8181 8187
f 8183 8179 8187
f 8187 8185 8183
f 8188 796 794
f 8184 8188 794
f 8186 8188 8184
f 8189 8190 799
f 799 798 8189
f 8190 8189 8191
f 799 8190 8192
f 803 799 8192
f 8191 8193 8192
f 8192 8190 8191
f 803 8192 8194
f 806 803 8194
f 8195 8196 8194
f 8192 8193 8195
f 8194 8192 8195
f 8196 8195 8197
f 806 8194 8198
f 813 806 8198
f 8194 8196 8199
f 8198 8194 8199
f 8198 8200 815
f 815 813 8198
f 8198 8199 8201
f 8200 8198 8201
f 8197 8202 8199
f 8199 8196 8197
f 8202 8203 8201
f 8201 8199 8202
f 815 8200 8204
f 821 815 8204
f 8201 8205 8204
f 8204 8200 8201
f 821 8204 8206
f 823 821 8206
f 8205 8207 8206
f 8206 8204 8205
f 8201 8203 8208
f 8205 8201 8208
f 8205 8208 8209
f 8207 8205 8209
f 7649 7948 8210
f 8166 7649 8210
f 8210 8211 8168
f 8168 8166 8210
f 7951 8212 8210
f 8210 7948 7951
f 7952 8213 8212
f 8212 7951 7952
f 8210 8212 8214
f 8211 8210 8214
f 8213 8215 8214
f 8214 8212 8213
f 8211 8170 8168
f 8211 8214 8216
f 8170 8211 8216
f 8174 8170 8216
f 8214 8215 8217
f 8216 8214 8217
f 8216 8218 8175
f 8175 8174 8216
f 8216 8217 8219
f 8218 8216 8219
f 7966 8220 8213
f 8213 7952 7966
f 7966 7968 8221
f 8220 7966 8221
f 7968 7969 8222
f 8221 7968 8222
f 8220 8223 8215
f 8215 8213 8220
f 8220 8221 8224
f 8223 8220 8224
f 8221 8222 8225
f 8224 8221 8225
f 7973 8226 8222
f 8222 7969 7973
f 7973 7974 8227
f 8226 7973 8227
f 8226 8228 8225
f 8225 8222 8226
f 8226 8227 8229
f 8228 8226 8229
f 8215 8223 8230
f 8217 8215 8230
f 8224 8231 8230
f 8230 8223 8224
f 8225 8232 8231
f 8231 8224 8225
f 8217 8230 8233
f 8219 8217 8233
f 8234 8235 8233
f 8230 8231 8234
f 8233 8230 8234
f 8232 8234 8231
f 8225 8228 8236
f 8232 8225 8236
f 8228 8229 8237
f 8236 8228 8237
f 8235 8234 8238
f 8236 8239 8234
f 8234 8232 8236
f 8238 8234 8239
f 8236 8237 8240
f 8239 8236 8240
f 8218 8241 8180
f 8180 8175 8218
f 8218 8219 8242
f 8241 8218 8242
f 8180 8241 8243
f 8181 8180 8243
f 8241 8242 8244
f 8243 8241 8244
f 8186 8185 8245
f 8181 8243 8246
f 8187 8181 8246
f 8244 8247 8246
f 8246 8243 8244
f 8246 8248 8185
f 8185 8187 8246
f 8245 8185 8248
f 8247 8249 8248
f 8248 8246 8247
f 8219 8233 8250
f 8242 8219 8250
f 8233 8235 8251
f 8250 8233 8251
f 8242 8250 8252
f 8244 8242 8252
f 8250 8251 8253
f 8252 8250 8253
f 8238 8254 8251
f 8251 8235 8238
f 8239 8255 8254
f 8254 8238 8239
f 8239 8240 8256
f 8255 8239 8256
f 8254 8257 8253
f 8253 8251 8254
f 8255 8258 8257
f 8257 8254 8255
f 8255 8256 8259
f 8258 8255 8259
f 8252 8260 8247
f 8247 8244 8252
f 8253 8261 8260
f 8260 8252 8253
f 8260 8262 8249
f 8249 8247 8260
f 8263 8264 8262
f 8261 8263 8262
f 8262 8260 8261
f 8253 8257 8265
f 8261 8253 8265
f 8257 8258 8266
f 8265 8257 8266
f 8259 8267 8266
f 8266 8258 8259
f 8265 8263 8261
f 8265 8266 8268
f 8263 8265 8268
f 8264 8263 8268
f 8267 8269 8268
f 8268 8266 8267
f 8032 8270 8227
f 8227 7974 8032
f 8270 8271 8229
f 8229 8227 8270
f 8036 8272 8270
f 8270 8032 8036
f 8036 8037 8273
f 8272 8036 8273
f 8038 8274 8273
f 8273 8037 8038
f 8272 8275 8271
f 8271 8270 8272
f 8272 8273 8276
f 8275 8272 8276
f 8274 8277 8276
f 8276 8273 8274
f 8038 8040 8278
f 8274 8038 8278
f 8274 8278 8279
f 8277 8274 8279
f 8271 8280 8237
f 8237 8229 8271
f 8237 8280 8281
f 8240 8237 8281
f 8275 8282 8280
f 8280 8271 8275
f 8275 8276 8283
f 8282 8275 8283
f 8276 8277 8284
f 8283 8276 8284
f 8282 8285 8281
f 8281 8280 8282
f 8282 8283 8286
f 8285 8282 8286
f 8283 8284 8287
f 8286 8283 8287
f 8277 8279 8288
f 8284 8277 8288
f 8288 8289 8287
f 8287 8284 8288
f 8040 8050 8290
f 8278 8040 8290
f 8050 8051 8291
f 8290 8050 8291
f 8051 8052 8292
f 8291 8051 8292
f 8278 8290 8293
f 8279 8278 8293
f 8290 8291 8294
f 8293 8290 8294
f 8292 8295 8294
f 8294 8291 8292
f 8279 8293 8296
f 8288 8279 8296
f 8294 8297 8296
f 8296 8293 8294
f 8294 8295 8298
f 8297 8294 8298
f 8288 8296 8299
f 8289 8288 8299
f 8297 8300 8299
f 8299 8296 8297
f 8297 8298 8301
f 8300 8297 8301
f 8065 8302 8292
f 8292 8052 8065
f 8302 8303 8295
f 8295 8292 8302
f 8069 8304 8302
f 8302 8065 8069
f 8070 8305 8304
f 8304 8069 8070
f 8071 8306 8305
f 8305 8070 8071
f 8304 8307 8303
f 8303 8302 8304
f 8305 8308 8307
f 8307 8304 8305
f 8305 8306 8309
f 8308 8305 8309
f 8073 8310 8306
f 8306 8071 8073
f 8306 8310 8311
f 8309 8306 8311
f 8303 8312 8298
f 8298 8295 8303
f 8312 8313 8301
f 8301 8298 8312
f 8303 8307 8314
f 8312 8303 8314
f 8308 8315 8314
f 8314 8307 8308
f 8309 8316 8315
f 8315 8308 8309
f 8312 8314 8317
f 8313 8312 8317
f 8314 8315 8318
f 8317 8314 8318
f 8316 8319 8318
f 8318 8315 8316
f 8309 8311 8320
f 8316 8309 8320
f 8320 8321 8319
f 8319 8316 8320
f 8281 8322 8256
f 8256 8240 8281
f 8322 8323 8259
f 8259 8256 8322
f 8285 8324 8322
f 8322 8281 8285
f 8286 8325 8324
f 8324 8285 8286
f 8287 8326 8325
f 8325 8286 8287
f 8322 8324 8327
f 8323 8322 8327
f 8325 8328 8327
f 8327 8324 8325
f 8326 8329 8328
f 8328 8325 8326
f 8289 8330 8326
f 8326 8287 8289
f 8326 8330 8331
f 8329 8326 8331
f 8259 8323 8332
f 8267 8259 8332
f 8267 8332 8333
f 8269 8267 8333
f 8323 8327 8334
f 8332 8323 8334
f 8327 8328 8335
f 8334 8327 8335
f 8328 8329 8336
f 8335 8328 8336
f 8332 8334 8337
f 8333 8332 8337
f 8334 8335 8338
f 8337 8334 8338
f 8336 8339 8338
f 8338 8335 8336
f 8331 8340 8336
f 8336 8329 8331
f 8340 8341 8339
f 8339 8336 8340
f 8299 8342 8330
f 8330 8289 8299
f 8300 8343 8342
f 8342 8299 8300
f 8300 8301 8344
f 8343 8300 8344
f 8342 8345 8331
f 8331 8330 8342
f 8342 8343 8346
f 8345 8342 8346
f 8344 8347 8346
f 8346 8343 8344
f 8345 8348 8340
f 8340 8331 8345
f 8345 8346 8349
f 8348 8345 8349
f 8347 8350 8349
f 8349 8346 8347
f 8348 8351 8341
f 8341 8340 8348
f 8348 8349 8352
f 8351 8348 8352
f 8350 8353 8352
f 8352 8349 8350
f 8301 8313 8354
f 8344 8301 8354
f 8344 8354 8355
f 8347 8344 8355
f 8313 8317 8356
f 8354 8313 8356
f 8317 8318 8357
f 8356 8317 8357
f 8319 8358 8357
f 8357 8318 8319
f 8356 8359 8355
f 8355 8354 8356
f 8357 8360 8359
f 8359 8356 8357
f 8358 8361 8360
f 8360 8357 8358
f 8321 8362 8358
f 8358 8319 8321
f 8362 8363 8361
f 8361 8358 8362
f 8347 8355 8364
f 8350 8347 8364
f 8350 8364 8365
f 8353 8350 8365
f 8359 8366 8364
f 8364 8355 8359
f 8360 8367 8366
f 8366 8359 8360
f 8361 8368 8367
f 8367 8360 8361
f 8366 8369 8365
f 8365 8364 8366
f 8367 8370 8369
f 8369 8366 8367
f 8371 8372 8370
f 8367 8368 8371
f 8370 8367 8371
f 8363 8373 8368
f 8368 8361 8363
f 8373 8371 8368
f 8073 8124 8374
f 8310 8073 8374
f 8124 8125 8375
f 8374 8124 8375
f 8125 8126 8376
f 8375 8125 8376
f 8310 8374 8377
f 8311 8310 8377
f 8375 8378 8377
f 8377 8374 8375
f 8376 8379 8378
f 8378 8375 8376
f 8129 8380 8376
f 8376 8126 8129
f 8130 8381 8380
f 8380 8129 8130
f 8376 8380 8382
f 8379 8376 8382
f 8381 8383 8382
f 8382 8380 8381
f 8311 8377 8384
f 8320 8311 8384
f 8378 8385 8384
f 8384 8377 8378
f 8379 8386 8385
f 8385 8378 8379
f 8320 8384 8387
f 8321 8320 8387
f 8385 8388 8387
f 8387 8384 8385
f 8386 8389 8388
f 8388 8385 8386
f 8382 8390 8386
f 8386 8379 8382
f 8383 8391 8390
f 8390 8382 8383
f 8390 8392 8389
f 8389 8386 8390
f 8391 8393 8392
f 8392 8390 8391
f 8394 8395 8381
f 8130 8139 8394
f 8381 8130 8394
f 8140 8394 8139
f 8396 8397 8383
f 8381 8395 8396
f 8383 8381 8396
f 8397 8396 8398
f 8397 8399 8391
f 8391 8383 8397
f 8398 8400 8399
f 8399 8397 8398
f 8401 8402 8391
f 8391 8399 8401
f 8393 8391 8402
f 8400 8401 8399
f 8321 8387 8403
f 8362 8321 8403
f 8387 8388 8404
f 8403 8387 8404
f 8389 8405 8404
f 8404 8388 8389
f 8362 8403 8406
f 8363 8362 8406
f 8404 8407 8406
f 8406 8403 8404
f 8405 8408 8407
f 8407 8404 8405
f 8389 8392 8409
f 8405 8389 8409
f 8393 8410 8409
f 8409 8392 8393
f 8405 8409 8411
f 8408 8405 8411
f 8409 8410 8412
f 8411 8409 8412
f 8372 8371 8413
f 8363 8406 8414
f 8373 8363 8414
f 8407 8415 8414
f 8414 8406 8407
f 8408 8416 8415
f 8415 8407 8408
f 8414 8417 8371
f 8371 8373 8414
f 8413 8371 8417
f 8415 8418 8417
f 8417 8414 8415
f 8416 8419 8418
f 8418 8415 8416
f 8408 8411 8420
f 8416 8408 8420
f 8411 8412 8421
f 8420 8411 8421
f 8420 8422 8419
f 8419 8416 8420
f 8421 8423 8422
f 8422 8420 8421
f 8393 8402 8424
f 8410 8393 8424
f 8425 8426 8412
f 8424 8425 8412
f 8412 8410 8424
f 8426 8425 8427
f 8428 8429 8421
f 8412 8426 8428
f 8421 8412 8428
f 8427 8428 8426
f 8421 8429 8430
f 8423 8421 8430
f 796 8188 8431
f 1262 796 8431
f 8186 8245 8432
f 8188 8186 8432
f 8431 8188 8432
f 798 1262 8431
f 8431 8189 798
f 8432 8433 8191
f 8189 8431 8432
f 8191 8189 8432
f 8248 8434 8432
f 8432 8245 8248
f 8249 8435 8434
f 8434 8248 8249
f 8434 8436 8433
f 8433 8432 8434
f 8435 8437 8436
f 8436 8434 8435
f 8433 8438 8193
f 8193 8191 8433
f 8438 8195 8193
f 8433 8436 8439
f 8438 8433 8439
f 8436 8437 8440
f 8439 8436 8440
f 8439 8441 8195
f 8195 8438 8439
f 8197 8195 8441
f 8439 8440 8442
f 8441 8439 8442
f 8262 8443 8435
f 8435 8249 8262
f 8262 8264 8444
f 8443 8262 8444
f 8444 8264 8445
f 8443 8446 8437
f 8437 8435 8443
f 8443 8444 8447
f 8446 8443 8447
f 8444 8445 8448
f 8447 8444 8448
f 8268 8449 8445
f 8445 8264 8268
f 8269 8450 8449
f 8449 8268 8269
f 8449 8451 8448
f 8448 8445 8449
f 8450 8452 8451
f 8451 8449 8450
f 8437 8446 8453
f 8440 8437 8453
f 8447 8454 8453
f 8453 8446 8447
f 8448 8455 8454
f 8454 8447 8448
f 8440 8453 8456
f 8442 8440 8456
f 8457 8458 8456
f 8454 8457 8456
f 8456 8453 8454
f 8455 8457 8454
f 8448 8451 8459
f 8455 8448 8459
f 8451 8452 8460
f 8459 8451 8460
f 8458 8457 8461
f 8459 8462 8457
f 8457 8455 8459
f 8461 8457 8462
f 8459 8460 8463
f 8462 8459 8463
f 8441 8464 8202
f 8202 8197 8441
f 8441 8442 8465
f 8464 8441 8465
f 8464 8466 8203
f 8203 8202 8464
f 8464 8465 8467
f 8466 8464 8467
f 8203 8466 8468
f 8208 8203 8468
f 8467 8469 8468
f 8468 8466 8467
f 8208 8468 8470
f 8209 8208 8470
f 8469 8471 8470
f 8470 8468 8469
f 8442 8456 8472
f 8465 8442 8472
f 8456 8458 8473
f 8472 8456 8473
f 8472 8474 8467
f 8467 8465 8472
f 8472 8473 8475
f 8474 8472 8475
f 8461 8476 8473
f 8473 8458 8461
f 8462 8477 8476
f 8476 8461 8462
f 8462 8463 8478
f 8477 8462 8478
f 8476 8479 8475
f 8475 8473 8476
f 8477 8480 8479
f 8479 8476 8477
f 8477 8478 8481
f 8480 8477 8481
f 8474 8482 8469
f 8469 8467 8474
f 8474 8475 8483
f 8482 8474 8483
f 8482 8484 8471
f 8471 8469 8482
f 8482 8483 8485
f 8484 8482 8485
f 8479 8486 8483
f 8483 8475 8479
f 8480 8487 8486
f 8486 8479 8480
f 8480 8481 8488
f 8487 8480 8488
f 8486 8489 8485
f 8485 8483 8486
f 8487 8490 8489
f 8489 8486 8487
f 8487 8488 8491
f 8490 8487 8491
f 8269 8333 8492
f 8450 8269 8492
f 8450 8492 8493
f 8452 8450 8493
f 8333 8337 8494
f 8492 8333 8494
f 8338 8495 8494
f 8494 8337 8338
f 8339 8496 8495
f 8495 8338 8339
f 8492 8494 8497
f 8493 8492 8497
f 8495 8498 8497
f 8497 8494 8495
f 8495 8496 8499
f 8498 8495 8499
f 8339 8341 8500
f 8496 8339 8500
f 8496 8500 8501
f 8499 8496 8501
f 8493 8502 8460
f 8460 8452 8493
f 8502 8503 8463
f 8463 8460 8502
f 8493 8497 8504
f 8502 8493 8504
f 8497 8498 8505
f 8504 8497 8505
f 8499 8506 8505
f 8505 8498 8499
f 8504 8507 8503
f 8503 8502 8504
f 8504 8505 8508
f 8507 8504 8508
f 8506 8509 8508
f 8508 8505 8506
f 8499 8501 8510
f 8506 8499 8510
f 8506 8510 8511
f 8509 8506 8511
f 8351 8512 8500
f 8500 8341 8351
f 8351 8352 8513
f 8512 8351 8513
f 8353 8514 8513
f 8513 8352 8353
f 8512 8515 8501
f 8501 8500 8512
f 8512 8513 8516
f 8515 8512 8516
f 8514 8517 8516
f 8516 8513 8514
f 8501 8515 8518
f 8510 8501 8518
f 8516 8519 8518
f 8518 8515 8516
f 8516 8517 8520
f 8519 8516 8520
f 8510 8518 8521
f 8511 8510 8521
f 8519 8522 8521
f 8521 8518 8519
f 8519 8520 8523
f 8522 8519 8523
f 8353 8365 8524
f 8514 8353 8524
f 8514 8524 8525
f 8517 8514 8525
f 8369 8526 8524
f 8524 8365 8369
f 8370 8527 8526
f 8526 8369 8370
f 8370 8372 8528
f 8527 8370 8528
f 8526 8529 8525
f 8525 8524 8526
f 8527 8530 8529
f 8529 8526 8527
f 8527 8528 8531
f 8530 8527 8531
f 8525 8532 8520
f 8520 8517 8525
f 8532 8533 8523
f 8523 8520 8532
f 8525 8529 8534
f 8532 8525 8534
f 8529 8530 8535
f 8534 8529 8535
f 8536 8537 8535
f 8530 8531 8536
f 8535 8530 8536
f 8532 8534 8538
f 8533 8532 8538
f 8534 8535 8539
f 8538 8534 8539
f 8537 8540 8539
f 8539 8535 8537
f 8537 8536 8541
f 8537 8541 8542
f 8540 8537 8542
f 8503 8543 8478
f 8478 8463 8503
f 8478 8543 8544
f 8481 8478 8544
f 8507 8545 8543
f 8543 8503 8507
f 8507 8508 8546
f 8545 8507 8546
f 8508 8509 8547
f 8546 8508 8547
f 8545 8548 8544
f 8544 8543 8545
f 8545 8546 8549
f 8548 8545 8549
f 8546 8547 8550
f 8549 8546 8550
f 8511 8551 8547
f 8547 8509 8511
f 8551 8552 8550
f 8550 8547 8551
f 8481 8544 8553
f 8488 8481 8553
f 8553 8554 8491
f 8491 8488 8553
f 8544 8548 8555
f 8553 8544 8555
f 8549 8556 8555
f 8555 8548 8549
f 8549 8550 8557
f 8556 8549 8557
f 8555 8558 8554
f 8554 8553 8555
f 8555 8556 8559
f 8558 8555 8559
f 8557 8560 8559
f 8559 8556 8557
f 8552 8561 8557
f 8557 8550 8552
f 8557 8561 8562
f 8560 8557 8562
f 8511 8521 8563
f 8551 8511 8563
f 8522 8564 8563
f 8563 8521 8522
f 8522 8523 8565
f 8564 8522 8565
f 8551 8563 8566
f 8552 8551 8566
f 8564 8567 8566
f 8566 8563 8564
f 8564 8565 8568
f 8567 8564 8568
f 8552 8566 8569
f 8561 8552 8569
f 8566 8567 8570
f 8569 8566 8570
f 8568 8571 8570
f 8570 8567 8568
f 8569 8572 8562
f 8562 8561 8569
f 8569 8570 8573
f 8572 8569 8573
f 8570 8571 8574
f 8573 8570 8574
f 8533 8575 8565
f 8565 8523 8533
f 8565 8575 8576
f 8568 8565 8576
f 8533 8538 8577
f 8575 8533 8577
f 8538 8539 8578
f 8577 8538 8578
f 8539 8540 8579
f 8578 8539 8579
f 8577 8580 8576
f 8576 8575 8577
f 8577 8578 8581
f 8580 8577 8581
f 8579 8582 8581
f 8581 8578 8579
f 8540 8542 8583
f 8579 8540 8583
f 8583 8584 8582
f 8582 8579 8583
f 8568 8576 8585
f 8571 8568 8585
f 8585 8586 8574
f 8574 8571 8585
f 8580 8587 8585
f 8585 8576 8580
f 8581 8588 8587
f 8587 8580 8581
f 8582 8589 8588
f 8588 8581 8582
f 8587 8590 8586
f 8586 8585 8587
f 8588 8591 8590
f 8590 8587 8588
f 8589 8592 8591
f 8591 8588 8589
f 8584 8593 8589
f 8589 8582 8584
f 8593 8594 8592
f 8592 8589 8593
f 8413 8595 8528
f 8528 8372 8413
f 8528 8595 8596
f 8531 8528 8596
f 8417 8597 8595
f 8595 8413 8417
f 8417 8418 8598
f 8597 8417 8598
f 8418 8419 8599
f 8598 8418 8599
f 8597 8600 8596
f 8596 8595 8597
f 8597 8598 8601
f 8600 8597 8601
f 8598 8599 8602
f 8601 8598 8602
f 8422 8603 8599
f 8599 8419 8422
f 8423 8604 8603
f 8603 8422 8423
f 8603 8605 8602
f 8602 8599 8603
f 8604 8606 8605
f 8605 8603 8604
f 8596 8536 8531
f 8600 8607 8536
f 8536 8596 8600
f 8541 8536 8607
f 8600 8601 8608
f 8607 8600 8608
f 8601 8602 8609
f 8608 8601 8609
f 8607 8610 8542
f 8542 8541 8607
f 8607 8608 8611
f 8610 8607 8611
f 8608 8609 8612
f 8611 8608 8612
f 8605 8613 8609
f 8609 8602 8605
f 8605 8606 8614
f 8613 8605 8614
f 8609 8613 8615
f 8612 8609 8615
f 8613 8614 8616
f 8615 8613 8616
f 8423 8430 8617
f 8604 8423 8617
f 8604 8617 8618
f 8606 8604 8618
f 8618 8619 8614
f 8614 8606 8618
f 8619 8620 8616
f 8616 8614 8619
f 8610 8621 8583
f 8583 8542 8610
f 8611 8622 8621
f 8621 8610 8611
f 8612 8623 8622
f 8622 8611 8612
f 8583 8621 8624
f 8584 8583 8624
f 8622 8625 8624
f 8624 8621 8622
f 8623 8626 8625
f 8625 8622 8623
f 8612 8615 8627
f 8623 8612 8627
f 8615 8616 8628
f 8627 8615 8628
f 8623 8627 8629
f 8626 8623 8629
f 8627 8628 8630
f 8629 8627 8630
f 8584 8624 8631
f 8593 8584 8631
f 8625 8632 8631
f 8631 8624 8625
f 8626 8633 8632
f 8632 8625 8626
f 8593 8631 8634
f 8594 8593 8634
f 8632 8635 8634
f 8634 8631 8632
f 8633 8636 8635
f 8635 8632 8633
f 8626 8629 8637
f 8633 8626 8637
f 8629 8630 8638
f 8637 8629 8638
f 8633 8637 8639
f 8636 8633 8639
f 8637 8638 8640
f 8639 8637 8640
f 8620 8641 8628
f 8628 8616 8620
f 8628 8641 8642
f 8630 8628 8642
f 8630 8642 8643
f 8638 8630 8643
f 8643 8644 8640
f 8640 8638 8643
f 8395 8394 8645
f 8140 8160 8646
f 8394 8140 8646
f 8645 8394 8646
f 8645 8396 8395
f 8646 8647 8396
f 8396 8645 8646
f 8398 8396 8647
f 8163 8648 8646
f 8646 8160 8163
f 8164 8649 8648
f 8648 8163 8164
f 8648 8650 8647
f 8647 8646 8648
f 8649 8651 8650
f 8650 8648 8649
f 8647 8652 8400
f 8400 8398 8647
f 8402 8401 8653
f 8652 8654 8401
f 8401 8400 8652
f 8653 8401 8654
f 8650 8655 8652
f 8652 8647 8650
f 8651 8656 8655
f 8655 8650 8651
f 8655 8657 8654
f 8654 8652 8655
f 8656 8658 8657
f 8657 8655 8656
f 8402 8653 8659
f 8424 8402 8659
f 8653 8654 8660
f 8659 8653 8660
f 8659 8425 8424
f 8660 8661 8425
f 8425 8659 8660
f 8427 8425 8661
f 8654 8657 8662
f 8660 8654 8662
f 8657 8658 8663
f 8662 8657 8663
f 8660 8662 8664
f 8661 8660 8664
f 8662 8663 8665
f 8664 8662 8665
f 8429 8428 8666
f 8661 8667 8428
f 8428 8427 8661
f 8666 8428 8667
f 8429 8666 8668
f 8430 8429 8668
f 8667 8669 8668
f 8668 8666 8667
f 8664 8670 8667
f 8667 8661 8664
f 8665 8671 8670
f 8670 8664 8665
f 8670 8672 8669
f 8669 8667 8670
f 8671 8673 8672
f 8672 8670 8671
f 8430 8668 8674
f 8617 8430 8674
f 8669 8675 8674
f 8674 8668 8669
f 8617 8674 8676
f 8618 8617 8676
f 8675 8677 8676
f 8676 8674 8675
f 8672 8678 8675
f 8675 8669 8672
f 8672 8673 8679
f 8678 8672 8679
f 8678 8680 8677
f 8677 8675 8678
f 8679 8681 8680
f 8680 8678 8679
f 8676 8682 8619
f 8619 8618 8676
f 8676 8677 8683
f 8682 8676 8683
f 8682 8684 8620
f 8620 8619 8682
f 8682 8683 8685
f 8684 8682 8685
f 8677 8680 8686
f 8683 8677 8686
f 8681 8687 8686
f 8686 8680 8681
f 8683 8686 8688
f 8685 8683 8688
f 8687 8689 8688
f 8688 8686 8687
f 8684 8690 8641
f 8641 8620 8684
f 8685 8691 8690
f 8690 8684 8685
f 8641 8690 8692
f 8642 8641 8692
f 8691 8693 8692
f 8692 8690 8691
f 8688 8694 8691
f 8691 8685 8688
f 8689 8695 8694
f 8694 8688 8689
f 8694 8696 8693
f 8693 8691 8694
f 8695 8697 8696
f 8696 8694 8695
f 8642 8692 8698
f 8643 8642 8698
f 8693 8699 8698
f 8698 8692 8693
f 8698 8700 8644
f 8644 8643 8698
f 8698 8699 8701
f 8700 8698 8701
f 8696 8702 8699
f 8699 8693 8696
f 8696 8697 8703
f 8702 8696 8703
f 8699 8702 8704
f 8701 8699 8704
f 8702 8703 8705
f 8704 8702 8705
f 823 8206 8706
f 1333 823 8706
f 8206 8207 8707
f 8706 8206 8707
f 1333 8706 8708
f 1335 1333 8708
f 8706 8707 8709
f 8708 8706 8709
f 8209 8710 8707
f 8707 8207 8209
f 8710 8711 8709
f 8709 8707 8710
f 1335 8708 8712
f 1341 1335 8712
f 8708 8709 8713
f 8712 8708 8713
f 8712 8714 1343
f 1343 1341 8712
f 8712 8713 8715
f 8714 8712 8715
f 8711 8716 8713
f 8713 8709 8711
f 8716 8717 8715
f 8715 8713 8716
f 8714 8718 1348
f 1348 1343 8714
f 8714 8715 8719
f 8718 8714 8719
f 8718 8720 1351
f 1351 1348 8718
f 8718 8719 8721
f 8720 8718 8721
f 8717 8722 8719
f 8719 8715 8717
f 8722 8723 8721
f 8721 8719 8722
f 8720 8724 1357
f 1357 1351 8720
f 8720 8721 8725
f 8724 8720 8725
f 8724 8726 1359
f 1359 1357 8724
f 8724 8725 8727
f 8726 8724 8727
f 8728 8729 8725
f 8721 8723 8728
f 8725 8721 8728
f 8729 8728 8730
f 8725 8729 8731
f 8727 8725 8731
f 8730 8732 8731
f 8731 8729 8730
f 8726 8733 1365
f 1365 1359 8726
f 8726 8727 8734
f 8733 8726 8734
f 8733 8735 1367
f 1367 1365 8733
f 8734 8736 8735
f 8735 8733 8734
f 8727 8731 8737
f 8734 8727 8737
f 8732 8738 8737
f 8737 8731 8732
f 8737 8739 8736
f 8736 8734 8737
f 8737 8738 8740
f 8739 8737 8740
f 8735 8741 1375
f 1375 1367 8735
f 8736 8742 8741
f 8741 8735 8736
f 8741 8743 1377
f 1377 1375 8741
f 8742 8744 8743
f 8743 8741 8742
f 8745 8746 8742
f 8736 8739 8745
f 8742 8736 8745
f 8740 8745 8739
f 8742 8746 8747
f 8744 8742 8747
f 8743 8748 1384
f 1384 1377 8743
f 8744 8749 8748
f 8748 8743 8744
f 8748 8750 1386
f 1386 1384 8748
f 8748 8749 8751
f 8750 8748 8751
f 8747 8752 8749
f 8749 8744 8747
f 8753 8754 8751
f 8749 8752 8753
f 8751 8749 8753
f 8754 8753 8755
f 8750 8756 1394
f 1394 1386 8750
f 8751 8757 8756
f 8756 8750 8751
f 8756 8758 1396
f 1396 1394 8756
f 8757 8759 8758
f 8758 8756 8757
f 8760 8761 8757
f 8751 8754 8760
f 8757 8751 8760
f 8755 8760 8754
f 8757 8761 8762
f 8759 8757 8762
f 8470 8763 8710
f 8710 8209 8470
f 8470 8471 8764
f 8763 8470 8764
f 8763 8765 8711
f 8711 8710 8763
f 8763 8764 8766
f 8765 8763 8766
f 8765 8767 8716
f 8716 8711 8765
f 8765 8766 8768
f 8767 8765 8768
f 8767 8769 8717
f 8717 8716 8767
f 8768 8770 8769
f 8769 8767 8768
f 8471 8484 8771
f 8764 8471 8771
f 8485 8772 8771
f 8771 8484 8485
f 8764 8771 8773
f 8766 8764 8773
f 8772 8774 8773
f 8773 8771 8772
f 8485 8489 8775
f 8772 8485 8775
f 8489 8490 8776
f 8775 8489 8776
f 8491 8777 8776
f 8776 8490 8491
f 8772 8775 8778
f 8774 8772 8778
f 8775 8776 8779
f 8778 8775 8779
f 8777 8780 8779
f 8779 8776 8777
f 8766 8773 8781
f 8768 8766 8781
f 8774 8782 8781
f 8781 8773 8774
f 8781 8783 8770
f 8770 8768 8781
f 8782 8784 8783
f 8783 8781 8782
f 8774 8778 8785
f 8782 8774 8785
f 8778 8779 8786
f 8785 8778 8786
f 8780 8787 8786
f 8786 8779 8780
f 8782 8785 8788
f 8784 8782 8788
f 8785 8786 8789
f 8788 8785 8789
f 8786 8787 8790
f 8789 8786 8790
f 8769 8791 8722
f 8722 8717 8769
f 8769 8770 8792
f 8791 8769 8792
f 8722 8791 8793
f 8723 8722 8793
f 8791 8792 8794
f 8793 8791 8794
f 8793 8728 8723
f 8794 8795 8728
f 8728 8793 8794
f 8730 8728 8795
f 8795 8796 8732
f 8732 8730 8795
f 8783 8797 8792
f 8792 8770 8783
f 8784 8798 8797
f 8797 8783 8784
f 8792 8797 8799
f 8794 8792 8799
f 8797 8798 8800
f 8799 8797 8800
f 8788 8801 8798
f 8798 8784 8788
f 8789 8802 8801
f 8801 8788 8789
f 8789 8790 8803
f 8802 8789 8803
f 8801 8804 8800
f 8800 8798 8801
f 8802 8805 8804
f 8804 8801 8802
f 8802 8803 8806
f 8805 8802 8806
f 8794 8799 8807
f 8795 8794 8807
f 8799 8800 8808
f 8807 8799 8808
f 8795 8807 8809
f 8796 8795 8809
f 8807 8808 8810
f 8809 8807 8810
f 8804 8811 8808
f 8808 8800 8804
f 8805 8812 8811
f 8811 8804 8805
f 8805 8806 8813
f 8812 8805 8813
f 8808 8811 8814
f 8810 8808 8814
f 8812 8815 8814
f 8814 8811 8812
f 8812 8813 8816
f 8815 8812 8816
f 8554 8817 8777
f 8777 8491 8554
f 8777 8817 8818
f 8780 8777 8818
f 8554 8558 8819
f 8817 8554 8819
f 8559 8820 8819
f 8819 8558 8559
f 8560 8821 8820
f 8820 8559 8560
f 8817 8819 8822
f 8818 8817 8822
f 8820 8823 8822
f 8822 8819 8820
f 8820 8821 8824
f 8823 8820 8824
f 8560 8562 8825
f 8821 8560 8825
f 8825 8826 8824
f 8824 8821 8825
f 8780 8818 8827
f 8787 8780 8827
f 8827 8828 8790
f 8790 8787 8827
f 8818 8822 8829
f 8827 8818 8829
f 8823 8830 8829
f 8829 8822 8823
f 8823 8824 8831
f 8830 8823 8831
f 8829 8832 8828
f 8828 8827 8829
f 8830 8833 8832
f 8832 8829 8830
f 8831 8834 8833
f 8833 8830 8831
f 8826 8835 8831
f 8831 8824 8826
f 8835 8836 8834
f 8834 8831 8835
f 8572 8837 8825
f 8825 8562 8572
f 8572 8573 8838
f 8837 8572 8838
f 8573 8574 8839
f 8838 8573 8839
f 8837 8840 8826
f 8826 8825 8837
f 8837 8838 8841
f 8840 8837 8841
f 8839 8842 8841
f 8841 8838 8839
f 8826 8840 8843
f 8835 8826 8843
f 8840 8841 8844
f 8843 8840 8844
f 8842 8845 8844
f 8844 8841 8842
f 8835 8843 8846
f 8836 8835 8846
f 8844 8847 8846
f 8846 8843 8844
f 8844 8845 8848
f 8847 8844 8848
f 8586 8849 8839
f 8839 8574 8586
f 8839 8849 8850
f 8842 8839 8850
f 8586 8590 8851
f 8849 8586 8851
f 8591 8852 8851
f 8851 8590 8591
f 8591 8592 8853
f 8852 8591 8853
f 8851 8854 8850
f 8850 8849 8851
f 8852 8855 8854
f 8854 8851 8852
f 8852 8853 8856
f 8855 8852 8856
f 8594 8857 8853
f 8853 8592 8594
f 8857 8858 8856
f 8856 8853 8857
f 8842 8850 8859
f 8845 8842 8859
f 8845 8859 8860
f 8848 8845 8860
f 8854 8861 8859
f 8859 8850 8854
f 8855 8862 8861
f 8861 8854 8855
f 8855 8856 8863
f 8862 8855 8863
f 8859 8861 8864
f 8860 8859 8864
f 8861 8862 8865
f 8864 8861 8865
f 8862 8863 8866
f 8865 8862 8866
f 8856 8858 8867
f 8863 8856 8867
f 8863 8867 8868
f 8866 8863 8868
f 8828 8869 8803
f 8803 8790 8828
f 8869 8870 8806
f 8806 8803 8869
f 8832 8871 8869
f 8869 8828 8832
f 8833 8872 8871
f 8871 8832 8833
f 8834 8873 8872
f 8872 8833 8834
f 8871 8874 8870
f 8870 8869 8871
f 8872 8875 8874
f 8874 8871 8872
f 8873 8876 8875
f 8875 8872 8873
f 8836 8877 8873
f 8873 8834 8836
f 8878 8879 8876
f 8873 8877 8878
f 8876 8873 8878
f 8879 8878 8880
f 8870 8881 8813
f 8813 8806 8870
f 8881 8882 8816
f 8816 8813 8881
f 8874 8883 8881
f 8881 8870 8874
f 8874 8875 8884
f 8883 8874 8884
f 8876 8885 8884
f 8884 8875 8876
f 8883 8886 8882
f 8882 8881 8883
f 8883 8884 8887
f 8886 8883 8887
f 8885 8888 8887
f 8887 8884 8885
f 8889 8890 8885
f 8876 8879 8889
f 8885 8876 8889
f 8880 8889 8879
f 8885 8890 8891
f 8888 8885 8891
f 8846 8892 8877
f 8877 8836 8846
f 8847 8893 8892
f 8892 8846 8847
f 8847 8848 8894
f 8893 8847 8894
f 8892 8878 8877
f 8893 8895 8878
f 8878 8892 8893
f 8880 8878 8895
f 8893 8894 8896
f 8895 8893 8896
f 8890 8889 8897
f 8895 8898 8889
f 8889 8880 8895
f 8897 8889 8898
f 8895 8896 8899
f 8898 8895 8899
f 8890 8897 8900
f 8891 8890 8900
f 8898 8901 8900
f 8900 8897 8898
f 8899 8902 8901
f 8901 8898 8899
f 8848 8860 8903
f 8894 8848 8903
f 8894 8903 8904
f 8896 8894 8904
f 8860 8864 8905
f 8903 8860 8905
f 8864 8865 8906
f 8905 8864 8906
f 8865 8866 8907
f 8906 8865 8907
f 8903 8905 8908
f 8904 8903 8908
f 8905 8906 8909
f 8908 8905 8909
f 8906 8907 8910
f 8909 8906 8910
f 8866 8868 8911
f 8907 8866 8911
f 8907 8911 8912
f 8910 8907 8912
f 8896 8904 8913
f 8899 8896 8913
f 8913 8914 8902
f 8902 8899 8913
f 8908 8915 8913
f 8913 8904 8908
f 8908 8909 8916
f 8915 8908 8916
f 8909 8910 8917
f 8916 8909 8917
f 8915 8918 8914
f 8914 8913 8915
f 8916 8919 8918
f 8918 8915 8916
f 8917 8920 8919
f 8919 8916 8917
f 8910 8912 8921
f 8917 8910 8921
f 8921 8922 8920
f 8920 8917 8921
f 8594 8634 8923
f 8857 8594 8923
f 8635 8924 8923
f 8923 8634 8635
f 8636 8925 8924
f 8924 8635 8636
f 8857 8923 8926
f 8858 8857 8926
f 8927 8928 8926
f 8923 8924 8927
f 8926 8923 8927
f 8925 8927 8924
f 8636 8639 8929
f 8925 8636 8929
f 8639 8640 8930
f 8929 8639 8930
f 8928 8927 8931
f 8929 8932 8927
f 8927 8925 8929
f 8931 8927 8932
f 8929 8930 8933
f 8932 8929 8933
f 8858 8926 8934
f 8867 8858 8934
f 8926 8928 8935
f 8934 8926 8935
f 8934 8936 8868
f 8868 8867 8934
f 8935 8937 8936
f 8936 8934 8935
f 8931 8938 8935
f 8935 8928 8931
f 8932 8939 8938
f 8938 8931 8932
f 8932 8933 8940
f 8939 8932 8940
f 8935 8938 8941
f 8937 8935 8941
f 8938 8939 8942
f 8941 8938 8942
f 8939 8940 8943
f 8942 8939 8943
f 8944 8945 8930
f 8640 8644 8944
f 8930 8640 8944
f 8945 8944 8946
f 8930 8945 8947
f 8933 8930 8947
f 8946 8948 8947
f 8947 8945 8946
f 8933 8947 8949
f 8940 8933 8949
f 8948 8950 8949
f 8949 8947 8948
f 8940 8949 8951
f 8943 8940 8951
f 8950 8952 8951
f 8951 8949 8950
f 8936 8953 8911
f 8911 8868 8936
f 8954 8955 8953
f 8936 8937 8954
f 8953 8936 8954
f 8955 8954 8956
f 8953 8957 8912
f 8912 8911 8953
f 8953 8955 8958
f 8957 8953 8958
f 8955 8956 8959
f 8958 8955 8959
f 8941 8954 8937
f 8942 8960 8954
f 8954 8941 8942
f 8956 8954 8960
f 8943 8961 8960
f 8960 8942 8943
f 8960 8962 8959
f 8959 8956 8960
f 8961 8963 8962
f 8962 8960 8961
f 8957 8964 8921
f 8921 8912 8957
f 8957 8958 8965
f 8964 8957 8965
f 8958 8959 8966
f 8965 8958 8966
f 8964 8967 8922
f 8922 8921 8964
f 8964 8965 8968
f 8967 8964 8968
f 8965 8966 8969
f 8968 8965 8969
f 8962 8970 8966
f 8966 8959 8962
f 8963 8971 8970
f 8970 8962 8963
f 8970 8972 8969
f 8969 8966 8970
f 8971 8973 8972
f 8972 8970 8971
f 8951 8974 8961
f 8961 8943 8951
f 8952 8975 8974
f 8974 8951 8952
f 8974 8976 8963
f 8963 8961 8974
f 8974 8975 8977
f 8976 8974 8977
f 8978 8979 8971
f 8963 8976 8978
f 8971 8963 8978
f 8977 8978 8976
f 8971 8979 8980
f 8973 8971 8980
f 8796 8981 8738
f 8738 8732 8796
f 8738 8981 8982
f 8740 8738 8982
f 8746 8745 8983
f 8740 8982 8984
f 8745 8740 8984
f 8983 8745 8984
f 8746 8983 8985
f 8747 8746 8985
f 8984 8986 8985
f 8985 8983 8984
f 8796 8809 8987
f 8981 8796 8987
f 8809 8810 8988
f 8987 8809 8988
f 8981 8987 8989
f 8982 8981 8989
f 8987 8988 8990
f 8989 8987 8990
f 8814 8991 8988
f 8988 8810 8814
f 8815 8992 8991
f 8991 8814 8815
f 8815 8816 8993
f 8992 8815 8993
f 8988 8991 8994
f 8990 8988 8994
f 8991 8992 8995
f 8994 8991 8995
f 8993 8996 8995
f 8995 8992 8993
f 8989 8997 8984
f 8984 8982 8989
f 8990 8998 8997
f 8997 8989 8990
f 8997 8999 8986
f 8986 8984 8997
f 8998 9000 8999
f 8999 8997 8998
f 8990 8994 9001
f 8998 8990 9001
f 8994 8995 9002
f 9001 8994 9002
f 8996 9003 9002
f 9002 8995 8996
f 8998 9001 9004
f 9000 8998 9004
f 9001 9002 9005
f 9004 9001 9005
f 9003 9006 9005
f 9005 9002 9003
f 8985 9007 8752
f 8752 8747 8985
f 8985 8986 9008
f 9007 8985 9008
f 9007 8753 8752
f 9008 9009 8753
f 8753 9007 9008
f 8755 8753 9009
f 8761 8760 9010
f 9009 9011 8760
f 8760 8755 9009
f 9010 8760 9011
f 8761 9010 9012
f 8762 8761 9012
f 9011 9013 9012
f 9012 9010 9011
f 8986 8999 9014
f 9008 8986 9014
f 8999 9000 9015
f 9014 8999 9015
f 9008 9014 9016
f 9009 9008 9016
f 9014 9015 9017
f 9016 9014 9017
f 9000 9004 9018
f 9015 9000 9018
f 9004 9005 9019
f 9018 9004 9019
f 9006 9020 9019
f 9019 9005 9006
f 9018 9021 9017
f 9017 9015 9018
f 9019 9022 9021
f 9021 9018 9019
f 9019 9020 9023
f 9022 9019 9023
f 9016 9024 9011
f 9011 9009 9016
f 9017 9025 9024
f 9024 9016 9017
f 9024 9026 9013
f 9013 9011 9024
f 9025 9027 9026
f 9026 9024 9025
f 9017 9021 9028
f 9025 9017 9028
f 9021 9022 9029
f 9028 9021 9029
f 9022 9023 9030
f 9029 9022 9030
f 9025 9028 9031
f 9027 9025 9031
f 9028 9029 9032
f 9031 9028 9032
f 9030 9033 9032
f 9032 9029 9030
f 8816 8882 9034
f 8993 8816 9034
f 8993 9034 9035
f 8996 8993 9035
f 8882 8886 9036
f 9034 8882 9036
f 8887 9037 9036
f 9036 8886 8887
f 8887 8888 9038
f 9037 8887 9038
f 9034 9036 9039
f 9035 9034 9039
f 9036 9037 9040
f 9039 9036 9040
f 9037 9038 9041
f 9040 9037 9041
f 8888 8891 9042
f 9038 8888 9042
f 9038 9042 9043
f 9041 9038 9043
f 8996 9035 9044
f 9003 8996 9044
f 9003 9044 9045
f 9006 9003 9045
f 9035 9039 9046
f 9044 9035 9046
f 9039 9040 9047
f 9046 9039 9047
f 9040 9041 9048
f 9047 9040 9048
f 9044 9046 9049
f 9045 9044 9049
f 9046 9047 9050
f 9049 9046 9050
f 9047 9048 9051
f 9050 9047 9051
f 9041 9043 9052
f 9048 9041 9052
f 9048 9052 9053
f 9051 9048 9053
f 8900 9054 9042
f 9042 8891 8900
f 8900 8901 9055
f 9054 8900 9055
f 8902 9056 9055
f 9055 8901 8902
f 9054 9057 9043
f 9043 9042 9054
f 9054 9055 9058
f 9057 9054 9058
f 9055 9056 9059
f 9058 9055 9059
f 9043 9057 9060
f 9052 9043 9060
f 9058 9061 9060
f 9060 9057 9058
f 9059 9062 9061
f 9061 9058 9059
f 9052 9060 9063
f 9053 9052 9063
f 9061 9064 9063
f 9063 9060 9061
f 9061 9062 9065
f 9064 9061 9065
f 8914 9066 9056
f 9056 8902 8914
f 9066 9067 9059
f 9059 9056 9066
f 8918 9068 9066
f 9066 8914 8918
f 8919 9069 9068
f 9068 8918 8919
f 8920 9070 9069
f 9069 8919 8920
f 9068 9071 9067
f 9067 9066 9068
f 9069 9072 9071
f 9071 9068 9069
f 9070 9073 9072
f 9072 9069 9070
f 8922 9074 9070
f 9070 8920 8922
f 9074 9075 9073
f 9073 9070 9074
f 9067 9076 9062
f 9062 9059 9067
f 9076 9077 9065
f 9065 9062 9076
f 9067 9071 9078
f 9076 9067 9078
f 9072 9079 9078
f 9078 9071 9072
f 9073 9080 9079
f 9079 9072 9073
f 9076 9078 9081
f 9077 9076 9081
f 9078 9079 9082
f 9081 9078 9082
f 9079 9080 9083
f 9082 9079 9083
f 9075 9084 9080
f 9080 9073 9075
f 9080 9084 9085
f 9083 9080 9085
f 9006 9045 9086
f 9020 9006 9086
f 9086 9087 9023
f 9023 9020 9086
f 9045 9049 9088
f 9086 9045 9088
f 9050 9089 9088
f 9088 9049 9050
f 9050 9051 9090
f 9089 9050 9090
f 9088 9091 9087
f 9087 9086 9088
f 9089 9092 9091
f 9091 9088 9089
f 9090 9093 9092
f 9092 9089 9090
f 9051 9053 9094
f 9090 9051 9094
f 9094 9095 9093
f 9093 9090 9094
f 9087 9096 9030
f 9030 9023 9087
f 9030 9096 9097
f 9033 9030 9097
f 9091 9098 9096
f 9096 9087 9091
f 9092 9099 9098
f 9098 9091 9092
f 9092 9093 9100
f 9099 9092 9100
f 9098 9101 9097
f 9097 9096 9098
f 9098 9099 9102
f 9101 9098 9102
f 9099 9100 9103
f 9102 9099 9103
f 9095 9104 9100
f 9100 9093 9095
f 9104 9105 9103
f 9103 9100 9104
f 9053 9063 9106
f 9094 9053 9106
f 9064 9107 9106
f 9106 9063 9064
f 9064 9065 9108
f 9107 9064 9108
f 9106 9109 9095
f 9095 9094 9106
f 9106 9107 9110
f 9109 9106 9110
f 9108 9111 9110
f 9110 9107 9108
f 9095 9109 9112
f 9104 9095 9112
f 9109 9110 9113
f 9112 9109 9113
f 9111 9114 9113
f 9113 9110 9111
f 9104 9112 9115
f 9105 9104 9115
f 9113 9116 9115
f 9115 9112 9113
f 9113 9114 9117
f 9116 9113 9117
f 9077 9118 9108
f 9108 9065 9077
f 9108 9118 9119
f 9111 9108 9119
f 9081 9120 9118
f 9118 9077 9081
f 9081 9082 9121
f 9120 9081 9121
f 9082 9083 9122
f 9121 9082 9122
f 9120 9123 9119
f 9119 9118 9120
f 9121 9124 9123
f 9123 9120 9121
f 9122 9125 9124
f 9124 9121 9122
f 9085 9126 9122
f 9122 9083 9085
f 9126 9127 9125
f 9125 9122 9126
f 9111 9119 9128
f 9114 9111 9128
f 9114 9128 9129
f 9117 9114 9129
f 9123 9130 9128
f 9128 9119 9123
f 9124 9131 9130
f 9130 9123 9124
f 9125 9132 9131
f 9131 9124 9125
f 9130 9133 9129
f 9129 9128 9130
f 9131 9134 9133
f 9133 9130 9131
f 9135 9136 9134
f 9131 9132 9135
f 9134 9131 9135
f 9127 9137 9132
f 9132 9125 9127
f 9137 9135 9132
f 8922 8967 9138
f 9074 8922 9138
f 8967 8968 9139
f 9138 8967 9139
f 8969 9140 9139
f 9139 8968 8969
f 9074 9138 9141
f 9075 9074 9141
f 9139 9142 9141
f 9141 9138 9139
f 9140 9143 9142
f 9142 9139 9140
f 8972 9144 9140
f 9140 8969 8972
f 8973 9145 9144
f 9144 8972 8973
f 9140 9144 9146
f 9143 9140 9146
f 9144 9145 9147
f 9146 9144 9147
f 9075 9141 9148
f 9084 9075 9148
f 9142 9149 9148
f 9148 9141 9142
f 9143 9150 9149
f 9149 9142 9143
f 9084 9148 9151
f 9085 9084 9151
f 9149 9152 9151
f 9151 9148 9149
f 9150 9153 9152
f 9152 9149 9150
f 9143 9146 9154
f 9150 9143 9154
f 9146 9147 9155
f 9154 9146 9155
f 9150 9154 9156
f 9153 9150 9156
f 9154 9155 9157
f 9156 9154 9157
f 9158 9159 9145
f 8980 9158 9145
f 9145 8973 8980
f 9159 9158 9160
f 9145 9159 9161
f 9147 9145 9161
f 9160 9162 9161
f 9161 9159 9160
f 9147 9161 9163
f 9155 9147 9163
f 9161 9162 9164
f 9163 9161 9164
f 9165 9166 9157
f 9155 9163 9165
f 9157 9155 9165
f 9164 9165 9163
f 9151 9167 9126
f 9126 9085 9151
f 9151 9152 9168
f 9167 9151 9168
f 9152 9153 9169
f 9168 9152 9169
f 9126 9167 9170
f 9127 9126 9170
f 9167 9168 9171
f 9170 9167 9171
f 9168 9169 9172
f 9171 9168 9172
f 9156 9173 9169
f 9169 9153 9156
f 9157 9174 9173
f 9173 9156 9157
f 9173 9175 9172
f 9172 9169 9173
f 9174 9176 9175
f 9175 9173 9174
f 9136 9135 9177
f 9127 9170 9178
f 9137 9127 9178
f 9171 9179 9178
f 9178 9170 9171
f 9172 9180 9179
f 9179 9171 9172
f 9178 9181 9135
f 9135 9137 9178
f 9177 9135 9181
f 9179 9182 9181
f 9181 9178 9179
f 9180 9183 9182
f 9182 9179 9180
f 9172 9175 9184
f 9180 9172 9184
f 9175 9176 9185
f 9184 9175 9185
f 9180 9184 9186
f 9183 9180 9186
f 9184 9185 9187
f 9186 9184 9187
f 9157 9166 9188
f 9174 9157 9188
f 9174 9188 9189
f 9176 9174 9189
f 9189 9190 9185
f 9185 9176 9189
f 9191 9192 9187
f 9185 9190 9191
f 9187 9185 9191
f 9192 9191 9193
f 8700 8944 8644
f 8701 9194 8944
f 8944 8700 8701
f 8946 8944 9194
f 9194 9195 8948
f 8948 8946 9194
f 8701 8704 9196
f 9194 8701 9196
f 8705 9197 9196
f 9196 8704 8705
f 9194 9196 9198
f 9195 9194 9198
f 9197 9199 9198
f 9198 9196 9197
f 9195 9200 8950
f 8950 8948 9195
f 9200 9201 8952
f 8952 8950 9200
f 9198 9202 9200
f 9200 9195 9198
f 9198 9199 9203
f 9202 9198 9203
f 9200 9202 9204
f 9201 9200 9204
f 9203 9205 9204
f 9204 9202 9203
f 9201 9206 8975
f 8975 8952 9201
f 8975 9206 9207
f 8977 8975 9207
f 9201 9204 9208
f 9206 9201 9208
f 9204 9205 9209
f 9208 9204 9209
f 9206 9208 9210
f 9207 9206 9210
f 9208 9209 9211
f 9210 9208 9211
f 8979 8978 9212
f 9207 9213 8978
f 8978 8977 9207
f 9212 8978 9213
f 8979 9212 9214
f 8980 8979 9214
f 9212 9213 9215
f 9214 9212 9215
f 9210 9216 9213
f 9213 9207 9210
f 9211 9217 9216
f 9216 9210 9211
f 9213 9216 9218
f 9215 9213 9218
f 9217 9219 9218
f 9218 9216 9217
f 9214 9158 8980
f 9215 9220 9158
f 9158 9214 9215
f 9160 9158 9220
f 9220 9221 9162
f 9162 9160 9220
f 9215 9218 9222
f 9220 9215 9222
f 9219 9223 9222
f 9222 9218 9219
f 9220 9222 9224
f 9221 9220 9224
f 9223 9225 9224
f 9224 9222 9223
f 9162 9221 9226
f 9164 9162 9226
f 9166 9165 9227
f 9226 9228 9165
f 9165 9164 9226
f 9227 9165 9228
f 9224 9229 9226
f 9226 9221 9224
f 9225 9230 9229
f 9229 9224 9225
f 9229 9231 9228
f 9228 9226 9229
f 9230 9232 9231
f 9231 9229 9230
f 9227 9233 9188
f 9188 9166 9227
f 9228 9234 9233
f 9233 9227 9228
f 9188 9233 9235
f 9189 9188 9235
f 9233 9234 9236
f 9235 9233 9236
f 9228 9231 9237
f 9234 9228 9237
f 9231 9232 9238
f 9237 9231 9238
f 9234 9237 9239
f 9236 9234 9239
f 9237 9238 9240
f 9239 9237 9240
f 9235 9241 9190
f 9190 9189 9235
f 9235 9236 9242
f 9241 9235 9242
f 9241 9191 9190
f 9242 9243 9191
f 9191 9241 9242
f 9193 9191 9243
f 9236 9239 9244
f 9242 9236 9244
f 9239 9240 9245
f 9244 9239 9245
f 9242 9244 9246
f 9243 9242 9246
f 9244 9245 9247
f 9246 9244 9247
f 8758 9248 1897
f 1897 1396 8758
f 8759 9249 9248
f 9248 8758 8759
f 1897 9248 9250
f 1899 1897 9250
f 9248 9249 9251
f 9250 9248 9251
f 8759 8762 9252
f 9249 8759 9252
f 9252 9253 9251
f 9251 9249 9252
f 9250 9254 1907
f 1907 1899 9250
f 9250 9251 9255
f 9254 9250 9255
f 1907 9254 9256
f 1909 1907 9256
f 9254 9255 9257
f 9256 9254 9257
f 9253 9258 9255
f 9255 9251 9253
f 9258 9259 9257
f 9257 9255 9258
f 9256 9260 1916
f 1916 1909 9256
f 9257 9261 9260
f 9260 9256 9257
f 1916 9260 9262
f 1918 1916 9262
f 9263 9264 9262
f 9260 9261 9263
f 9262 9260 9263
f 9257 9259 9265
f 9261 9257 9265
f 9265 9263 9261
f 1918 9262 9266
f 1924 1918 9266
f 9267 9268 9266
f 9262 9264 9267
f 9266 9262 9267
f 1924 9266 9269
f 1926 1924 9269
f 9266 9268 9270
f 9269 9266 9270
f 9268 9267 9271
f 9271 9272 9270
f 9270 9268 9271
f 1926 9269 9273
f 1932 1926 9273
f 9269 9270 9274
f 9273 9269 9274
f 1932 9273 9275
f 1934 1932 9275
f 9274 9276 9275
f 9275 9273 9274
f 9272 9277 9274
f 9274 9270 9272
f 9274 9277 9278
f 9276 9274 9278
f 9275 9279 1943
f 1943 1934 9275
f 9276 9280 9279
f 9279 9275 9276
f 9279 9281 1945
f 1945 1943 9279
f 9280 9282 9281
f 9281 9279 9280
f 9276 9278 9283
f 9280 9276 9283
f 9280 9283 9284
f 9282 9280 9284
f 1945 9281 9285
f 1956 1945 9285
f 9281 9282 9286
f 9285 9281 9286
f 1956 9285 9287
f 1958 1956 9287
f 9285 9286 9288
f 9287 9285 9288
f 9284 9289 9286
f 9286 9282 9284
f 9289 9290 9288
f 9288 9286 9289
f 1958 9287 9291
f 1966 1958 9291
f 9288 9292 9291
f 9291 9287 9288
f 9291 9293 1968
f 1968 1966 9291
f 9292 9294 9293
f 9293 9291 9292
f 9288 9290 9295
f 9292 9288 9295
f 9292 9295 9296
f 9294 9292 9296
f 8762 9012 9297
f 9252 8762 9297
f 9013 9298 9297
f 9297 9012 9013
f 9297 9299 9253
f 9253 9252 9297
f 9297 9298 9300
f 9299 9297 9300
f 9299 9301 9258
f 9258 9253 9299
f 9299 9300 9302
f 9301 9299 9302
f 9301 9303 9259
f 9259 9258 9301
f 9301 9302 9304
f 9303 9301 9304
f 9026 9305 9298
f 9298 9013 9026
f 9027 9306 9305
f 9305 9026 9027
f 9298 9305 9307
f 9300 9298 9307
f 9305 9306 9308
f 9307 9305 9308
f 9031 9309 9306
f 9306 9027 9031
f 9032 9310 9309
f 9309 9031 9032
f 9032 9033 9311
f 9310 9032 9311
f 9309 9312 9308
f 9308 9306 9309
f 9310 9313 9312
f 9312 9309 9310
f 9310 9311 9314
f 9313 9310 9314
f 9300 9307 9315
f 9302 9300 9315
f 9307 9308 9316
f 9315 9307 9316
f 9315 9317 9304
f 9304 9302 9315
f 9316 9318 9317
f 9317 9315 9316
f 9312 9319 9316
f 9316 9308 9312
f 9313 9320 9319
f 9319 9312 9313
f 9313 9314 9321
f 9320 9313 9321
f 9316 9319 9322
f 9318 9316 9322
f 9319 9320 9323
f 9322 9319 9323
f 9321 9324 9323
f 9323 9320 9321
f 9264 9263 9325
f 9259 9303 9326
f 9265 9259 9326
f 9304 9327 9326
f 9326 9303 9304
f 9265 9326 9328
f 9263 9265 9328
f 9325 9263 9328
f 9327 9329 9328
f 9328 9326 9327
f 9325 9267 9264
f 9328 9330 9267
f 9267 9325 9328
f 9271 9267 9330
f 9328 9329 9331
f 9330 9328 9331
f 9330 9332 9272
f 9272 9271 9330
f 9330 9331 9333
f 9332 9330 9333
f 9317 9334 9327
f 9327 9304 9317
f 9318 9335 9334
f 9334 9317 9318
f 9334 9336 9329
f 9329 9327 9334
f 9337 9338 9336
f 9334 9335 9337
f 9336 9334 9337
f 9338 9337 9339
f 9318 9322 9340
f 9335 9318 9340
f 9322 9323 9341
f 9340 9322 9341
f 9342 9343 9341
f 9323 9324 9342
f 9341 9323 9342
f 9340 9337 9335
f 9341 9344 9337
f 9337 9340 9341
f 9339 9337 9344
f 9341 9343 9345
f 9344 9341 9345
f 9343 9342 9346
f 9343 9346 9347
f 9345 9343 9347
f 9329 9336 9348
f 9331 9329 9348
f 9336 9338 9349
f 9348 9336 9349
f 9339 9350 9349
f 9349 9338 9339
f 9331 9348 9351
f 9333 9331 9351
f 9352 9353 9351
f 9348 9349 9352
f 9351 9348 9352
f 9350 9352 9349
f 9339 9344 9354
f 9350 9339 9354
f 9345 9355 9354
f 9354 9344 9345
f 9353 9352 9356
f 9354 9357 9352
f 9352 9350 9354
f 9356 9352 9357
f 9358 9359 9357
f 9354 9355 9358
f 9357 9354 9358
f 9347 9360 9355
f 9355 9345 9347
f 9360 9358 9355
f 9097 9361 9311
f 9311 9033 9097
f 9361 9362 9314
f 9314 9311 9361
f 9101 9363 9361
f 9361 9097 9101
f 9101 9102 9364
f 9363 9101 9364
f 9102 9103 9365
f 9364 9102 9365
f 9363 9366 9362
f 9362 9361 9363
f 9364 9367 9366
f 9366 9363 9364
f 9365 9368 9367
f 9367 9364 9365
f 9103 9105 9369
f 9365 9103 9369
f 9365 9369 9370
f 9368 9365 9370
f 9362 9371 9321
f 9321 9314 9362
f 9321 9371 9372
f 9324 9321 9372
f 9366 9373 9371
f 9371 9362 9366
f 9367 9374 9373
f 9373 9366 9367
f 9367 9368 9375
f 9374 9367 9375
f 9371 9373 9376
f 9372 9371 9376
f 9373 9374 9377
f 9376 9373 9377
f 9374 9375 9378
f 9377 9374 9378
f 9368 9370 9379
f 9375 9368 9379
f 9379 9380 9378
f 9378 9375 9379
f 9105 9115 9381
f 9369 9105 9381
f 9115 9116 9382
f 9381 9115 9382
f 9117 9383 9382
f 9382 9116 9117
f 9381 9384 9370
f 9370 9369 9381
f 9381 9382 9385
f 9384 9381 9385
f 9383 9386 9385
f 9385 9382 9383
f 9384 9387 9379
f 9379 9370 9384
f 9384 9385 9388
f 9387 9384 9388
f 9386 9389 9388
f 9388 9385 9386
f 9379 9387 9390
f 9380 9379 9390
f 9388 9391 9390
f 9390 9387 9388
f 9389 9392 9391
f 9391 9388 9389
f 9129 9393 9383
f 9383 9117 9129
f 9393 9394 9386
f 9386 9383 9393
f 9133 9395 9393
f 9393 9129 9133
f 9134 9396 9395
f 9395 9133 9134
f 9134 9136 9397
f 9396 9134 9397
f 9395 9398 9394
f 9394 9393 9395
f 9396 9399 9398
f 9398 9395 9396
f 9396 9397 9400
f 9399 9396 9400
f 9394 9401 9389
f 9389 9386 9394
f 9401 9402 9392
f 9392 9389 9401
f 9398 9403 9401
f 9401 9394 9398
f 9399 9404 9403
f 9403 9398 9399
f 9399 9400 9405
f 9404 9399 9405
f 9401 9403 9406
f 9402 9401 9406
f 9403 9404 9407
f 9406 9403 9407
f 9404 9405 9408
f 9407 9404 9408
f 9372 9342 9324
f 9376 9409 9342
f 9342 9372 9376
f 9346 9342 9409
f 9376 9377 9410
f 9409 9376 9410
f 9377 9378 9411
f 9410 9377 9411
f 9409 9412 9347
f 9347 9346 9409
f 9409 9410 9413
f 9412 9409 9413
f 9410 9411 9414
f 9413 9410 9414
f 9378 9380 9415
f 9411 9378 9415
f 9411 9415 9416
f 9414 9411 9416
f 9359 9358 9417
f 9347 9412 9418
f 9360 9347 9418
f 9412 9413 9419
f 9418 9412 9419
f 9414 9420 9419
f 9419 9413 9414
f 9418 9421 9358
f 9358 9360 9418
f 9417 9358 9421
f 9419 9422 9421
f 9421 9418 9419
f 9420 9423 9422
f 9422 9419 9420
f 9416 9424 9420
f 9420 9414 9416
f 9424 9425 9423
f 9423 9420 9424
f 9380 9390 9426
f 9415 9380 9426
f 9391 9427 9426
f 9426 9390 9391
f 9391 9392 9428
f 9427 9391 9428
f 9415 9426 9429
f 9416 9415 9429
f 9427 9430 9429
f 9429 9426 9427
f 9427 9428 9431
f 9430 9427 9431
f 9416 9429 9432
f 9424 9416 9432
f 9430 9433 9432
f 9432 9429 9430
f 9431 9434 9433
f 9433 9430 9431
f 9424 9432 9435
f 9425 9424 9435
f 9433 9436 9435
f 9435 9432 9433
f 9434 9437 9436
f 9436 9433 9434
f 9402 9438 9428
f 9428 9392 9402
f 9438 9439 9431
f 9431 9428 9438
f 9402 9406 9440
f 9438 9402 9440
f 9406 9407 9441
f 9440 9406 9441
f 9408 9442 9441
f 9441 9407 9408
f 9438 9440 9443
f 9439 9438 9443
f 9440 9441 9444
f 9443 9440 9444
f 9442 9445 9444
f 9444 9441 9442
f 9439 9446 9434
f 9434 9431 9439
f 9434 9446 9447
f 9437 9434 9447
f 9439 9443 9448
f 9446 9439 9448
f 9443 9444 9449
f 9448 9443 9449
f 9450 9451 9449
f 9444 9445 9450
f 9449 9444 9450
f 9448 9452 9447
f 9447 9446 9448
f 9448 9449 9453
f 9452 9448 9453
f 9449 9451 9454
f 9453 9449 9454
f 9451 9450 9455
f 9451 9455 9456
f 9454 9451 9456
f 9177 9457 9397
f 9397 9136 9177
f 9457 9458 9400
f 9400 9397 9457
f 9181 9459 9457
f 9457 9177 9181
f 9182 9460 9459
f 9459 9181 9182
f 9183 9461 9460
f 9460 9182 9183
f 9459 9462 9458
f 9458 9457 9459
f 9463 9464 9462
f 9459 9460 9463
f 9462 9459 9463
f 9461 9463 9460
f 9183 9186 9465
f 9461 9183 9465
f 9186 9187 9466
f 9465 9186 9466
f 9464 9463 9467
f 9465 9468 9463
f 9463 9461 9465
f 9467 9463 9468
f 9465 9466 9469
f 9468 9465 9469
f 9458 9470 9405
f 9405 9400 9458
f 9405 9470 9471
f 9408 9405 9471
f 9462 9472 9470
f 9470 9458 9462
f 9464 9473 9472
f 9472 9462 9464
f 9470 9472 9474
f 9471 9470 9474
f 9475 9476 9472
f 9472 9473 9475
f 9474 9472 9476
f 9476 9475 9477
f 9467 9478 9473
f 9473 9464 9467
f 9467 9468 9479
f 9478 9467 9479
f 9469 9480 9479
f 9479 9468 9469
f 9478 9475 9473
f 9479 9481 9475
f 9475 9478 9479
f 9477 9475 9481
f 9480 9482 9481
f 9481 9479 9480
f 9187 9192 9483
f 9466 9187 9483
f 9193 9484 9483
f 9483 9192 9193
f 9466 9483 9485
f 9469 9466 9485
f 9484 9486 9485
f 9485 9483 9484
f 9485 9487 9480
f 9480 9469 9485
f 9486 9488 9487
f 9487 9485 9486
f 9487 9489 9482
f 9482 9480 9487
f 9487 9488 9490
f 9489 9487 9490
f 9408 9471 9491
f 9442 9408 9491
f 9442 9491 9492
f 9445 9442 9492
f 9471 9474 9493
f 9491 9471 9493
f 9474 9476 9494
f 9493 9474 9494
f 9476 9477 9495
f 9494 9476 9495
f 9491 9493 9496
f 9492 9491 9496
f 9493 9494 9497
f 9496 9493 9497
f 9494 9495 9498
f 9497 9494 9498
f 9481 9499 9495
f 9495 9477 9481
f 9482 9500 9499
f 9499 9481 9482
f 9499 9501 9498
f 9498 9495 9499
f 9500 9502 9501
f 9501 9499 9500
f 9492 9450 9445
f 9496 9503 9450
f 9450 9492 9496
f 9455 9450 9503
f 9496 9497 9504
f 9503 9496 9504
f 9497 9498 9505
f 9504 9497 9505
f 9455 9503 9506
f 9456 9455 9506
f 9504 9507 9506
f 9506 9503 9504
f 9505 9508 9507
f 9507 9504 9505
f 9501 9509 9505
f 9505 9498 9501
f 9502 9510 9509
f 9509 9501 9502
f 9505 9509 9511
f 9508 9505 9511
f 9510 9512 9511
f 9511 9509 9510
f 9489 9513 9500
f 9500 9482 9489
f 9514 9515 9513
f 9489 9490 9514
f 9513 9489 9514
f 9500 9513 9516
f 9502 9500 9516
f 9517 9518 9516
f 9513 9515 9517
f 9516 9513 9517
f 9515 9514 9519
f 9519 9517 9515
f 9516 9520 9510
f 9510 9502 9516
f 9516 9518 9521
f 9520 9516 9521
f 9522 9523 9512
f 9510 9520 9522
f 9512 9510 9522
f 9521 9522 9520
f 9332 9524 9277
f 9277 9272 9332
f 9332 9333 9525
f 9524 9332 9525
f 9277 9524 9526
f 9278 9277 9526
f 9524 9525 9527
f 9526 9524 9527
f 9278 9526 9528
f 9283 9278 9528
f 9527 9529 9528
f 9528 9526 9527
f 9283 9528 9530
f 9284 9283 9530
f 9529 9531 9530
f 9530 9528 9529
f 9333 9351 9532
f 9525 9333 9532
f 9351 9353 9533
f 9532 9351 9533
f 9525 9532 9534
f 9527 9525 9534
f 9532 9533 9535
f 9534 9532 9535
f 9356 9536 9533
f 9533 9353 9356
f 9357 9537 9536
f 9536 9356 9357
f 9357 9359 9538
f 9537 9357 9538
f 9536 9539 9535
f 9535 9533 9536
f 9537 9540 9539
f 9539 9536 9537
f 9537 9538 9541
f 9540 9537 9541
f 9534 9542 9529
f 9529 9527 9534
f 9535 9543 9542
f 9542 9534 9535
f 9542 9544 9531
f 9531 9529 9542
f 9545 9546 9544
f 9542 9543 9545
f 9544 9542 9545
f 9546 9545 9547
f 9535 9539 9548
f 9543 9535 9548
f 9539 9540 9549
f 9548 9539 9549
f 9541 9550 9549
f 9549 9540 9541
f 9548 9545 9543
f 9549 9551 9545
f 9545 9548 9549
f 9547 9545 9551
f 9550 9552 9551
f 9551 9549 9550
f 9530 9553 9289
f 9289 9284 9530
f 9531 9554 9553
f 9553 9530 9531
f 9553 9555 9290
f 9290 9289 9553
f 9553 9554 9556
f 9555 9553 9556
f 9290 9555 9557
f 9295 9290 9557
f 9556 9558 9557
f 9557 9555 9556
f 9295 9557 9559
f 9296 9295 9559
f 9558 9560 9559
f 9559 9557 9558
f 9544 9561 9554
f 9554 9531 9544
f 9544 9546 9562
f 9561 9544 9562
f 9546 9547 9563
f 9562 9546 9563
f 9554 9561 9564
f 9556 9554 9564
f 9562 9565 9564
f 9564 9561 9562
f 9563 9566 9565
f 9565 9562 9563
f 9551 9567 9563
f 9563 9547 9551
f 9552 9568 9567
f 9567 9551 9552
f 9567 9569 9566
f 9566 9563 9567
f 9570 9571 9567
f 9567 9568 9570
f 9569 9567 9571
f 9571 9570 9572
f 9556 9564 9573
f 9558 9556 9573
f 9564 9565 9574
f 9573 9564 9574
f 9565 9566 9575
f 9574 9565 9575
f 9573 9576 9560
f 9560 9558 9573
f 9574 9577 9576
f 9576 9573 9574
f 9575 9578 9577
f 9577 9574 9575
f 9566 9569 9579
f 9575 9566 9579
f 9571 9580 9579
f 9579 9569 9571
f 9575 9579 9581
f 9578 9575 9581
f 9582 9583 9581
f 9579 9580 9582
f 9581 9579 9582
f 9572 9584 9580
f 9580 9571 9572
f 9584 9582 9580
f 9359 9417 9585
f 9538 9359 9585
f 9585 9586 9541
f 9541 9538 9585
f 9421 9587 9585
f 9585 9417 9421
f 9422 9588 9587
f 9587 9421 9422
f 9423 9589 9588
f 9588 9422 9423
f 9587 9590 9586
f 9586 9585 9587
f 9587 9588 9591
f 9590 9587 9591
f 9589 9592 9591
f 9591 9588 9589
f 9425 9593 9589
f 9589 9423 9425
f 9589 9593 9594
f 9592 9589 9594
f 9586 9595 9550
f 9550 9541 9586
f 9550 9595 9596
f 9552 9550 9596
f 9586 9590 9597
f 9595 9586 9597
f 9591 9598 9597
f 9597 9590 9591
f 9592 9599 9598
f 9598 9591 9592
f 9595 9597 9600
f 9596 9595 9600
f 9598 9601 9600
f 9600 9597 9598
f 9598 9599 9602
f 9601 9598 9602
f 9592 9594 9603
f 9599 9592 9603
f 9603 9604 9602
f 9602 9599 9603
f 9435 9605 9593
f 9593 9425 9435
f 9436 9606 9605
f 9605 9435 9436
f 9436 9437 9607
f 9606 9436 9607
f 9605 9608 9594
f 9594 9593 9605
f 9605 9606 9609
f 9608 9605 9609
f 9606 9607 9610
f 9609 9606 9610
f 9608 9611 9603
f 9603 9594 9608
f 9608 9609 9612
f 9611 9608 9612
f 9610 9613 9612
f 9612 9609 9610
f 9611 9614 9604
f 9604 9603 9611
f 9611 9612 9615
f 9614 9611 9615
f 9613 9616 9615
f 9615 9612 9613
f 9437 9447 9617
f 9607 9437 9617
f 9617 9618 9610
f 9610 9607 9617
f 9452 9619 9617
f 9617 9447 9452
f 9452 9453 9620
f 9619 9452 9620
f 9621 9622 9620
f 9453 9454 9621
f 9620 9453 9621
f 9617 9619 9623
f 9618 9617 9623
f 9619 9620 9624
f 9623 9619 9624
f 9620 9622 9625
f 9624 9620 9625
f 9456 9621 9454
f 9618 9626 9613
f 9613 9610 9618
f 9613 9626 9627
f 9616 9613 9627
f 9623 9628 9626
f 9626 9618 9623
f 9624 9629 9628
f 9628 9623 9624
f 9624 9625 9630
f 9629 9624 9630
f 9628 9631 9627
f 9627 9626 9628
f 9629 9632 9631
f 9631 9628 9629
f 9629 9630 9633
f 9632 9629 9633
f 9552 9596 9634
f 9568 9552 9634
f 9634 9570 9568
f 9596 9600 9635
f 9634 9596 9635
f 9601 9636 9635
f 9635 9600 9601
f 9601 9602 9637
f 9636 9601 9637
f 9635 9638 9572
f 9570 9634 9635
f 9572 9570 9635
f 9636 9639 9638
f 9638 9635 9636
f 9636 9637 9640
f 9639 9636 9640
f 9604 9641 9637
f 9637 9602 9604
f 9641 9642 9640
f 9640 9637 9641
f 9583 9582 9643
f 9572 9638 9644
f 9584 9572 9644
f 9639 9645 9644
f 9644 9638 9639
f 9640 9646 9645
f 9645 9639 9640
f 9644 9647 9582
f 9582 9584 9644
f 9643 9582 9647
f 9645 9648 9647
f 9647 9644 9645
f 9646 9649 9648
f 9648 9645 9646
f 9642 9650 9646
f 9646 9640 9642
f 9646 9650 9651
f 9649 9646 9651
f 9614 9652 9641
f 9641 9604 9614
f 9614 9615 9653
f 9652 9614 9653
f 9615 9616 9654
f 9653 9615 9654
f 9652 9655 9642
f 9642 9641 9652
f 9652 9653 9656
f 9655 9652 9656
f 9653 9654 9657
f 9656 9653 9657
f 9655 9658 9650
f 9650 9642 9655
f 9656 9659 9658
f 9658 9655 9656
f 9656 9657 9660
f 9659 9656 9660
f 9658 9661 9651
f 9651 9650 9658
f 9658 9659 9662
f 9661 9658 9662
f 9659 9660 9663
f 9662 9659 9663
f 9616 9627 9664
f 9654 9616 9664
f 9654 9664 9665
f 9657 9654 9665
f 9627 9631 9666
f 9664 9627 9666
f 9631 9632 9667
f 9666 9631 9667
f 9633 9668 9667
f 9667 9632 9633
f 9664 9666 9669
f 9665 9664 9669
f 9666 9667 9670
f 9669 9666 9670
f 9668 9671 9670
f 9670 9667 9668
f 9657 9665 9672
f 9660 9657 9672
f 9672 9673 9663
f 9663 9660 9672
f 9669 9674 9672
f 9672 9665 9669
f 9669 9670 9675
f 9674 9669 9675
f 9671 9676 9675
f 9675 9670 9671
f 9672 9674 9677
f 9673 9672 9677
f 9675 9678 9677
f 9677 9674 9675
f 9676 9679 9678
f 9678 9675 9676
f 9622 9621 9680
f 9680 9681 9625
f 9625 9622 9680
f 9506 9682 9621
f 9621 9456 9506
f 9680 9621 9682
f 9507 9683 9682
f 9682 9506 9507
f 9508 9684 9683
f 9683 9507 9508
f 9682 9685 9681
f 9681 9680 9682
f 9683 9686 9685
f 9685 9682 9683
f 9684 9687 9686
f 9686 9683 9684
f 9508 9511 9688
f 9684 9508 9688
f 9511 9512 9689
f 9688 9511 9689
f 9684 9688 9690
f 9687 9684 9690
f 9688 9689 9691
f 9690 9688 9691
f 9681 9692 9630
f 9630 9625 9681
f 9630 9692 9693
f 9633 9630 9693
f 9685 9694 9692
f 9692 9681 9685
f 9685 9686 9695
f 9694 9685 9695
f 9686 9687 9696
f 9695 9686 9696
f 9694 9697 9693
f 9693 9692 9694
f 9694 9695 9698
f 9697 9694 9698
f 9695 9696 9699
f 9698 9695 9699
f 9690 9700 9696
f 9696 9687 9690
f 9691 9701 9700
f 9700 9690 9691
f 9700 9702 9699
f 9699 9696 9700
f 9701 9703 9702
f 9702 9700 9701
f 9512 9523 9704
f 9689 9512 9704
f 9704 9705 9691
f 9691 9689 9704
f 9705 9706 9701
f 9701 9691 9705
f 9701 9706 9707
f 9703 9701 9707
f 9633 9693 9708
f 9668 9633 9708
f 9668 9708 9709
f 9671 9668 9709
f 9693 9697 9710
f 9708 9693 9710
f 9697 9698 9711
f 9710 9697 9711
f 9698 9699 9712
f 9711 9698 9712
f 9708 9710 9713
f 9709 9708 9713
f 9710 9711 9714
f 9713 9710 9714
f 9711 9712 9715
f 9714 9711 9715
f 9702 9716 9712
f 9712 9699 9702
f 9702 9703 9717
f 9716 9702 9717
f 9712 9716 9718
f 9715 9712 9718
f 9716 9717 9719
f 9718 9716 9719
f 9709 9720 9676
f 9676 9671 9709
f 9676 9720 9721
f 9679 9676 9721
f 9709 9713 9722
f 9720 9709 9722
f 9713 9714 9723
f 9722 9713 9723
f 9714 9715 9724
f 9723 9714 9724
f 9720 9722 9725
f 9721 9720 9725
f 9723 9726 9725
f 9725 9722 9723
f 9724 9727 9726
f 9726 9723 9724
f 9718 9728 9724
f 9724 9715 9718
f 9718 9719 9729
f 9728 9718 9729
f 9724 9728 9730
f 9727 9724 9730
f 9729 9731 9730
f 9730 9728 9729
f 9707 9732 9717
f 9717 9703 9707
f 9733 9734 9719
f 9717 9732 9733
f 9719 9717 9733
f 9734 9733 9735
f 9719 9734 9736
f 9729 9719 9736
f 9735 9737 9736
f 9736 9734 9735
f 9736 9738 9731
f 9731 9729 9736
f 9736 9737 9739
f 9738 9736 9739
f 9243 9740 9484
f 9484 9193 9243
f 9740 9741 9486
f 9486 9484 9740
f 9243 9246 9742
f 9740 9243 9742
f 9246 9247 9743
f 9742 9246 9743
f 9740 9742 9744
f 9741 9740 9744
f 9742 9743 9745
f 9744 9742 9745
f 9741 9746 9488
f 9488 9486 9741
f 9488 9746 9747
f 9490 9488 9747
f 9741 9744 9748
f 9746 9741 9748
f 9744 9745 9749
f 9748 9744 9749
f 9746 9748 9750
f 9747 9746 9750
f 9748 9749 9751
f 9750 9748 9751
f 9747 9514 9490
f 9518 9517 9752
f 9750 9753 9514
f 9514 9747 9750
f 9519 9514 9753
f 9750 9751 9754
f 9753 9750 9754
f 9753 9755 9517
f 9517 9519 9753
f 9752 9517 9755
f 9754 9756 9755
f 9755 9753 9754
f 9518 9752 9757
f 9521 9518 9757
f 9523 9522 9758
f 9521 9757 9759
f 9522 9521 9759
f 9758 9522 9759
f 9755 9760 9757
f 9757 9752 9755
f 9755 9756 9761
f 9760 9755 9761
f 9760 9762 9759
f 9759 9757 9760
f 9760 9761 9763
f 9762 9760 9763
f 9523 9758 9764
f 9704 9523 9764
f 9759 9765 9764
f 9764 9758 9759
f 9764 9766 9705
f 9705 9704 9764
f 9764 9765 9767
f 9766 9764 9767
f 9762 9768 9765
f 9765 9759 9762
f 9763 9769 9768
f 9768 9762 9763
f 9765 9768 9770
f 9767 9765 9770
f 9768 9769 9771
f 9770 9768 9771
f 9766 9772 9706
f 9706 9705 9766
f 9766 9767 9773
f 9772 9766 9773
f 9706 9772 9774
f 9707 9706 9774
f 9773 9775 9774
f 9774 9772 9773
f 9767 9770 9776
f 9773 9767 9776
f 9770 9771 9777
f 9776 9770 9777
f 9776 9778 9775
f 9775 9773 9776
f 9777 9779 9778
f 9778 9776 9777
f 9774 9780 9732
f 9732 9707 9774
f 9774 9775 9781
f 9780 9774 9781
f 9780 9733 9732
f 9781 9782 9735
f 9733 9780 9781
f 9735 9733 9781
f 9778 9783 9781
f 9781 9775 9778
f 9779 9784 9783
f 9783 9778 9779
f 9781 9783 9785
f 9782 9781 9785
f 9784 9786 9785
f 9785 9783 9784
f 9782 9787 9737
f 9737 9735 9782
f 9737 9787 9788
f 9739 9737 9788
f 9782 9785 9789
f 9787 9782 9789
f 9785 9786 9790
f 9789 9785 9790
f 9789 9791 9788
f 9788 9787 9789
f 9789 9790 9792
f 9791 9789 9792
f 9293 9793 2460
f 2460 1968 9293
f 9794 9795 9793
f 9293 9294 9794
f 9793 9293 9794
f 9793 9796 2462
f 2462 2460 9793
f 9793 9795 9797
f 9796 9793 9797
f 9296 9794 9294
f 9796 9798 2467
f 2467 2462 9796
f 9797 9799 9798
f 9798 9796 9797
f 2467 9798 9800
f 2470 2467 9800
f 9801 9802 9800
f 9798 9799 9801
f 9800 9798 9801
f 9802 9801 9803
f 2470 9800 9804
f 2473 2470 9804
f 9800 9802 9805
f 9804 9800 9805
f 2473 9804 9806
f 2475 2473 9806
f 9805 9807 9806
f 9806 9804 9805
f 9803 9808 9805
f 9805 9802 9803
f 9808 9809 9807
f 9807 9805 9808
f 9806 9810 2480
f 2480 2475 9806
f 9806 9807 9811
f 9810 9806 9811
f 9810 9812 2483
f 2483 2480 9810
f 9811 9813 9812
f 9812 9810 9811
f 9809 9814 9811
f 9811 9807 9809
f 9811 9814 9815
f 9813 9811 9815
f 9812 9816 2486
f 2486 2483 9812
f 9817 9818 9812
f 9812 9813 9817
f 9816 9812 9818
f 9819 2488 2486
f 9816 9819 2486
f 9818 9819 9816
f 9815 9817 9813
f 2491 2490 9820
f 2491 9820 9821
f 2492 2491 9821
f 2492 9821 9822
f 2494 2492 9822
f 9823 9824 2499
f 9822 9823 2499
f 2499 2494 9822
f 9824 9823 9825
f 2499 9824 9826
f 2506 2499 9826
f 9825 9827 9826
f 9826 9824 9825
f 2506 9826 9828
f 2508 2506 9828
f 9829 9830 9828
f 9829 9828 9826
f 9826 9827 9829
f 9830 9829 9831
f 9795 9794 9832
f 9795 9832 9833
f 9797 9795 9833
f 9296 9559 9834
f 9794 9296 9834
f 9832 9794 9834
f 9560 9835 9834
f 9834 9559 9560
f 9834 9836 9833
f 9833 9832 9834
f 9835 9837 9836
f 9836 9834 9835
f 9833 9838 9799
f 9799 9797 9833
f 9838 9801 9799
f 9833 9836 9839
f 9838 9833 9839
f 9836 9837 9840
f 9839 9836 9840
f 9839 9841 9803
f 9801 9838 9839
f 9803 9801 9839
f 9839 9840 9842
f 9841 9839 9842
f 9576 9843 9835
f 9835 9560 9576
f 9577 9844 9843
f 9843 9576 9577
f 9578 9845 9844
f 9844 9577 9578
f 9843 9846 9837
f 9837 9835 9843
f 9847 9848 9846
f 9843 9844 9847
f 9846 9843 9847
f 9845 9847 9844
f 9578 9581 9849
f 9845 9578 9849
f 9581 9583 9850
f 9849 9581 9850
f 9848 9847 9851
f 9849 9852 9851
f 9847 9845 9849
f 9851 9847 9849
f 9849 9850 9853
f 9852 9849 9853
f 9837 9846 9854
f 9840 9837 9854
f 9846 9848 9855
f 9854 9846 9855
f 9840 9854 9856
f 9842 9840 9856
f 9854 9855 9857
f 9856 9854 9857
f 9851 9858 9855
f 9855 9848 9851
f 9852 9859 9858
f 9858 9851 9852
f 9852 9853 9860
f 9859 9852 9860
f 9855 9858 9861
f 9857 9855 9861
f 9859 9862 9861
f 9861 9858 9859
f 9860 9863 9862
f 9862 9859 9860
f 9841 9864 9808
f 9808 9803 9841
f 9841 9842 9865
f 9864 9841 9865
f 9808 9864 9866
f 9809 9808 9866
f 9865 9867 9866
f 9866 9864 9865
f 9866 9868 9814
f 9814 9809 9866
f 9867 9869 9868
f 9868 9866 9867
f 9814 9868 9870
f 9815 9814 9870
f 9869 9871 9870
f 9870 9868 9869
f 9856 9872 9865
f 9865 9842 9856
f 9857 9873 9872
f 9872 9856 9857
f 9872 9874 9867
f 9867 9865 9872
f 9875 9876 9874
f 9872 9873 9875
f 9874 9872 9875
f 9876 9875 9877
f 9857 9861 9878
f 9873 9857 9878
f 9861 9862 9879
f 9878 9861 9879
f 9863 9880 9879
f 9879 9862 9863
f 9878 9875 9873
f 9879 9881 9875
f 9875 9878 9879
f 9877 9875 9881
f 9880 9882 9881
f 9881 9879 9880
f 9874 9883 9869
f 9869 9867 9874
f 9874 9876 9884
f 9883 9874 9884
f 9876 9877 9885
f 9884 9876 9885
f 9883 9886 9871
f 9871 9869 9883
f 9883 9884 9887
f 9886 9883 9887
f 9884 9885 9888
f 9887 9884 9888
f 9881 9889 9885
f 9885 9877 9881
f 9890 9891 9889
f 9881 9882 9890
f 9889 9881 9890
f 9889 9892 9888
f 9888 9885 9889
f 9889 9891 9893
f 9892 9889 9893
f 9891 9890 9894
f 9891 9894 9895
f 9893 9891 9895
f 9643 9896 9850
f 9850 9583 9643
f 9896 9897 9853
f 9853 9850 9896
f 9647 9898 9896
f 9896 9643 9647
f 9647 9648 9899
f 9898 9647 9899
f 9649 9900 9899
f 9899 9648 9649
f 9898 9901 9897
f 9897 9896 9898
f 9899 9902 9901
f 9901 9898 9899
f 9900 9903 9902
f 9902 9899 9900
f 9649 9651 9904
f 9900 9649 9904
f 9900 9904 9905
f 9903 9900 9905
f 9897 9906 9860
f 9860 9853 9897
f 9860 9906 9907
f 9863 9860 9907
f 9901 9908 9906
f 9906 9897 9901
f 9902 9909 9908
f 9908 9901 9902
f 9903 9910 9909
f 9909 9902 9903
f 9906 9908 9911
f 9907 9906 9911
f 9909 9912 9911
f 9911 9908 9909
f 9910 9913 9912
f 9912 9909 9910
f 9905 9914 9910
f 9910 9903 9905
f 9915 9916 9910
f 9910 9914 9915
f 9913 9910 9916
f 9916 9915 9917
f 9661 9918 9904
f 9904 9651 9661
f 9661 9662 9919
f 9918 9661 9919
f 9663 9920 9919
f 9919 9662 9663
f 9918 9921 9905
f 9905 9904 9918
f 9919 9922 9921
f 9921 9918 9919
f 9919 9920 9923
f 9922 9919 9923
f 9905 9921 9924
f 9914 9905 9924
f 9925 9926 9924
f 9921 9922 9925
f 9924 9921 9925
f 9923 9925 9922
f 9924 9915 9914
f 9926 9927 9915
f 9915 9924 9926
f 9917 9915 9927
f 9673 9928 9920
f 9920 9663 9673
f 9920 9928 9929
f 9923 9920 9929
f 9673 9677 9930
f 9928 9673 9930
f 9678 9931 9930
f 9930 9677 9678
f 9932 9933 9931
f 9678 9679 9932
f 9931 9678 9932
f 9930 9934 9929
f 9929 9928 9930
f 9931 9935 9934
f 9934 9930 9931
f 9931 9933 9936
f 9935 9931 9936
f 9933 9932 9937
f 9933 9937 9938
f 9936 9933 9938
f 9926 9925 9939
f 9929 9940 9925
f 9925 9923 9929
f 9939 9925 9940
f 9926 9939 9941
f 9927 9926 9941
f 9940 9942 9941
f 9941 9939 9940
f 9929 9934 9943
f 9940 9929 9943
f 9935 9944 9943
f 9943 9934 9935
f 9935 9936 9945
f 9944 9935 9945
f 9940 9943 9946
f 9942 9940 9946
f 9943 9944 9947
f 9946 9943 9947
f 9944 9945 9948
f 9947 9944 9948
f 9936 9938 9949
f 9945 9936 9949
f 9945 9949 9950
f 9948 9945 9950
f 9863 9907 9951
f 9880 9863 9951
f 9880 9951 9952
f 9882 9880 9952
f 9907 9911 9953
f 9951 9907 9953
f 9911 9912 9954
f 9953 9911 9954
f 9912 9913 9955
f 9954 9912 9955
f 9951 9953 9956
f 9952 9951 9956
f 9953 9954 9957
f 9956 9953 9957
f 9955 9958 9957
f 9957 9954 9955
f 9916 9959 9955
f 9955 9913 9916
f 9917 9960 9959
f 9959 9916 9917
f 9959 9961 9958
f 9958 9955 9959
f 9960 9962 9961
f 9961 9959 9960
f 9952 9890 9882
f 9956 9963 9890
f 9890 9952 9956
f 9894 9890 9963
f 9956 9957 9964
f 9963 9956 9964
f 9957 9958 9965
f 9964 9957 9965
f 9963 9966 9895
f 9895 9894 9963
f 9963 9964 9967
f 9966 9963 9967
f 9964 9965 9968
f 9967 9964 9968
f 9969 9970 9958
f 9958 9961 9969
f 9965 9958 9970
f 9962 9969 9961
f 9965 9970 9971
f 9968 9965 9971
f 9917 9927 9972
f 9960 9917 9972
f 9972 9973 9962
f 9962 9960 9972
f 9970 9969 9974
f 9975 9976 9974
f 9973 9975 9969
f 9969 9962 9973
f 9974 9969 9975
f 9976 9975 9977
f 9970 9974 9978
f 9971 9970 9978
f 9976 9979 9978
f 9978 9974 9976
f 9976 9977 9980
f 9979 9976 9980
f 9941 9981 9972
f 9972 9927 9941
f 9942 9982 9981
f 9981 9941 9942
f 9981 9983 9973
f 9973 9972 9981
f 9981 9982 9984
f 9983 9981 9984
f 9946 9985 9982
f 9982 9942 9946
f 9946 9947 9986
f 9985 9946 9986
f 9948 9987 9986
f 9986 9947 9948
f 9985 9988 9984
f 9984 9982 9985
f 9986 9989 9988
f 9988 9985 9986
f 9987 9990 9989
f 9989 9986 9987
f 9950 9991 9987
f 9987 9948 9950
f 9991 9992 9990
f 9990 9987 9991
f 9983 9975 9973
f 9984 9993 9975
f 9975 9983 9984
f 9977 9975 9993
f 9993 9994 9980
f 9980 9977 9993
f 9988 9995 9993
f 9993 9984 9988
f 9989 9996 9995
f 9995 9988 9989
f 9990 9997 9996
f 9996 9989 9990
f 9995 9998 9994
f 9994 9993 9995
f 9996 9999 9998
f 9998 9995 9996
f 9996 9997 10000
f 9999 9996 10000
f 9992 10001 9997
f 9997 9990 9992
f 10001 10002 10000
f 10000 9997 10001
f 9721 9932 9679
f 9725 10003 9932
f 9932 9721 9725
f 9937 9932 10003
f 9726 10004 10003
f 10003 9725 9726
f 9726 9727 10005
f 10004 9726 10005
f 10003 10006 9938
f 9938 9937 10003
f 10003 10004 10007
f 10006 10003 10007
f 10004 10005 10008
f 10007 10004 10008
f 9727 9730 10009
f 10005 9727 10009
f 9731 10010 10009
f 10009 9730 9731
f 10009 10011 10008
f 10008 10005 10009
f 10010 10012 10011
f 10011 10009 10010
f 10006 10013 9949
f 9949 9938 10006
f 10006 10007 10014
f 10013 10006 10014
f 10007 10008 10015
f 10014 10007 10015
f 10013 10016 9950
f 9950 9949 10013
f 10013 10014 10017
f 10016 10013 10017
f 10014 10015 10018
f 10017 10014 10018
f 10011 10019 10015
f 10015 10008 10011
f 10012 10020 10019
f 10019 10011 10012
f 10019 10021 10018
f 10018 10015 10019
f 10019 10020 10022
f 10021 10019 10022
f 9738 10023 10010
f 10010 9731 9738
f 9738 9739 10024
f 10023 9738 10024
f 10025 10026 10012
f 10010 10023 10025
f 10012 10010 10025
f 10024 10025 10023
f 10012 10026 10027
f 10020 10012 10027
f 10027 10028 10022
f 10022 10020 10027
f 9950 10016 10029
f 9991 9950 10029
f 10017 10030 10029
f 10029 10016 10017
f 10018 10031 10030
f 10030 10017 10018
f 9991 10029 10032
f 9992 9991 10032
f 10030 10033 10032
f 10032 10029 10030
f 10031 10034 10033
f 10033 10030 10031
f 10018 10021 10035
f 10031 10018 10035
f 10021 10022 10036
f 10035 10021 10036
f 10031 10035 10037
f 10034 10031 10037
f 10035 10036 10038
f 10037 10035 10038
f 9992 10032 10039
f 10001 9992 10039
f 10032 10033 10040
f 10039 10032 10040
f 10034 10041 10040
f 10040 10033 10034
f 10001 10039 10042
f 10002 10001 10042
f 10040 10043 10042
f 10042 10039 10040
f 10041 10044 10043
f 10043 10040 10041
f 10034 10037 10045
f 10041 10034 10045
f 10038 10046 10045
f 10045 10037 10038
f 10041 10045 10047
f 10044 10041 10047
f 10046 10048 10047
f 10047 10045 10046
f 10028 10049 10036
f 10036 10022 10028
f 10050 10051 10038
f 10036 10049 10050
f 10038 10036 10050
f 10051 10050 10052
f 10051 10053 10046
f 10046 10038 10051
f 10051 10052 10054
f 10053 10051 10054
f 10055 10056 10048
f 10046 10053 10055
f 10048 10046 10055
f 10054 10055 10053
f 9818 9817 10057
f 2488 9819 10058
f 2950 2488 10058
f 9818 10057 10059
f 9819 9818 10059
f 10058 9819 10059
f 9815 9870 10060
f 9817 9815 10060
f 10057 9817 10060
f 9871 10061 10060
f 10060 9870 9871
f 10060 10062 10059
f 10059 10057 10060
f 10061 10063 10062
f 10062 10060 10061
f 10058 10064 9820
f 2490 2950 10058
f 9820 2490 10058
f 10058 10059 10065
f 10064 10058 10065
f 9820 10064 10066
f 9821 9820 10066
f 10065 10067 10066
f 10066 10064 10065
f 10062 10068 10065
f 10065 10059 10062
f 10063 10069 10068
f 10068 10062 10063
f 10065 10068 10070
f 10067 10065 10070
f 10068 10069 10071
f 10070 10068 10071
f 9886 10072 10061
f 10061 9871 9886
f 9886 9887 10073
f 10072 9886 10073
f 9887 9888 10074
f 10073 9887 10074
f 10072 10075 10063
f 10063 10061 10072
f 10072 10073 10076
f 10075 10072 10076
f 10073 10074 10077
f 10076 10073 10077
f 9892 10078 10074
f 10074 9888 9892
f 9892 9893 10079
f 10078 9892 10079
f 10078 10080 10077
f 10077 10074 10078
f 10079 10081 10080
f 10080 10078 10079
f 9893 9895 10082
f 10079 9893 10082
f 10079 10082 10083
f 10081 10079 10083
f 10075 10084 10069
f 10069 10063 10075
f 10076 10085 10084
f 10084 10075 10076
f 10077 10086 10085
f 10085 10076 10077
f 10069 10084 10087
f 10071 10069 10087
f 10085 10088 10087
f 10087 10084 10085
f 10086 10089 10088
f 10088 10085 10086
f 10077 10080 10090
f 10086 10077 10090
f 10081 10091 10090
f 10090 10080 10081
f 10086 10090 10092
f 10089 10086 10092
f 10091 10093 10092
f 10092 10090 10091
f 10083 10094 10091
f 10091 10081 10083
f 10094 10095 10093
f 10093 10091 10094
f 9821 10066 10096
f 9822 9821 10096
f 10067 10097 10096
f 10096 10066 10067
f 10096 9823 9822
f 10097 10098 9823
f 9823 10096 10097
f 9825 9823 10098
f 10067 10070 10099
f 10097 10067 10099
f 10070 10071 10100
f 10099 10070 10100
f 10097 10099 10101
f 10098 10097 10101
f 10099 10100 10102
f 10101 10099 10102
f 10098 10103 9827
f 9827 9825 10098
f 10103 9829 9827
f 10098 10101 10104
f 10103 10098 10104
f 10102 10105 10104
f 10104 10101 10102
f 10104 10106 9831
f 9829 10103 10104
f 9831 9829 10104
f 10104 10105 10107
f 10106 10104 10107
f 10071 10087 10108
f 10100 10071 10108
f 10109 10110 10108
f 10087 10088 10109
f 10108 10087 10109
f 10089 10109 10088
f 10108 10111 10102
f 10102 10100 10108
f 10108 10110 10112
f 10111 10108 10112
f 10110 10109 10113
f 10092 10114 10109
f 10109 10089 10092
f 10113 10109 10114
f 10115 10116 10114
f 10092 10093 10115
f 10114 10092 10115
f 10113 10117 10112
f 10112 10110 10113
f 10114 10118 10117
f 10117 10113 10114
f 10114 10116 10119
f 10118 10114 10119
f 10095 10115 10093
f 10111 10120 10105
f 10105 10102 10111
f 10112 10121 10120
f 10120 10111 10112
f 10105 10120 10122
f 10107 10105 10122
f 10120 10121 10123
f 10122 10120 10123
f 10112 10117 10124
f 10121 10112 10124
f 10117 10118 10125
f 10124 10117 10125
f 10118 10119 10126
f 10125 10118 10126
f 10124 10127 10123
f 10123 10121 10124
f 10125 10128 10127
f 10127 10124 10125
f 10126 10129 10128
f 10128 10125 10126
f 9966 10130 10082
f 10082 9895 9966
f 9966 9967 10131
f 10130 9966 10131
f 9967 9968 10132
f 10131 9967 10132
f 10130 10133 10083
f 10083 10082 10130
f 10130 10131 10134
f 10133 10130 10134
f 10131 10132 10135
f 10134 10131 10135
f 9968 9971 10136
f 10132 9968 10136
f 10132 10136 10137
f 10135 10132 10137
f 10083 10133 10138
f 10094 10083 10138
f 10134 10139 10138
f 10138 10133 10134
f 10135 10140 10139
f 10139 10134 10135
f 10094 10138 10141
f 10095 10094 10141
f 10139 10142 10141
f 10141 10138 10139
f 10140 10143 10142
f 10142 10139 10140
f 10137 10144 10140
f 10140 10135 10137
f 10140 10144 10145
f 10143 10140 10145
f 9971 9978 10146
f 10136 9971 10146
f 9979 10147 10146
f 10146 9978 9979
f 9979 9980 10148
f 10147 9979 10148
f 10136 10146 10149
f 10137 10136 10149
f 10147 10150 10149
f 10149 10146 10147
f 10147 10148 10151
f 10150 10147 10151
f 10149 10152 10144
f 10144 10137 10149
f 10149 10150 10153
f 10152 10149 10153
f 10151 10154 10153
f 10153 10150 10151
f 10152 10155 10145
f 10145 10144 10152
f 10152 10153 10156
f 10155 10152 10156
f 10154 10157 10156
f 10156 10153 10154
f 9994 10158 10148
f 10148 9980 9994
f 10148 10158 10159
f 10151 10148 10159
f 9998 10160 10158
f 10158 9994 9998
f 9999 10161 10160
f 10160 9998 9999
f 10000 10162 10161
f 10161 9999 10000
f 10160 10163 10159
f 10159 10158 10160
f 10161 10164 10163
f 10163 10160 10161
f 10165 10166 10164
f 10161 10162 10165
f 10164 10161 10165
f 10000 10002 10167
f 10162 10000 10167
f 10167 10165 10162
f 10151 10159 10168
f 10154 10151 10168
f 10154 10168 10169
f 10157 10154 10169
f 10163 10170 10168
f 10168 10159 10163
f 10163 10164 10171
f 10170 10163 10171
f 10164 10166 10172
f 10171 10164 10172
f 10170 10173 10169
f 10169 10168 10170
f 10171 10174 10173
f 10173 10170 10171
f 10171 10172 10175
f 10174 10171 10175
f 10116 10115 10176
f 10176 10177 10119
f 10119 10116 10176
f 10141 10178 10115
f 10115 10095 10141
f 10176 10115 10178
f 10142 10179 10178
f 10178 10141 10142
f 10143 10180 10179
f 10179 10142 10143
f 10178 10181 10177
f 10177 10176 10178
f 10179 10182 10181
f 10181 10178 10179
f 10180 10183 10182
f 10182 10179 10180
f 10143 10145 10184
f 10180 10143 10184
f 10184 10185 10183
f 10183 10180 10184
f 10177 10186 10126
f 10126 10119 10177
f 10126 10186 10187
f 10129 10126 10187
f 10177 10181 10188
f 10186 10177 10188
f 10182 10189 10188
f 10188 10181 10182
f 10183 10190 10189
f 10189 10182 10183
f 10186 10188 10191
f 10187 10186 10191
f 10189 10192 10191
f 10191 10188 10189
f 10189 10190 10193
f 10192 10189 10193
f 10185 10194 10190
f 10190 10183 10185
f 10194 10195 10193
f 10193 10190 10194
f 10155 10196 10184
f 10184 10145 10155
f 10155 10156 10197
f 10196 10155 10197
f 10156 10157 10198
f 10197 10156 10198
f 10184 10196 10199
f 10185 10184 10199
f 10197 10200 10199
f 10199 10196 10197
f 10197 10198 10201
f 10200 10197 10201
f 10199 10202 10194
f 10194 10185 10199
f 10199 10200 10203
f 10202 10199 10203
f 10201 10204 10203
f 10203 10200 10201
f 10202 10205 10195
f 10195 10194 10202
f 10202 10203 10206
f 10205 10202 10206
f 10204 10207 10206
f 10206 10203 10204
f 10157 10169 10208
f 10198 10157 10208
f 10198 10208 10209
f 10201 10198 10209
f 10173 10210 10208
f 10208 10169 10173
f 10173 10174 10211
f 10210 10173 10211
f 10174 10175 10212
f 10211 10174 10212
f 10208 10210 10213
f 10209 10208 10213
f 10210 10211 10214
f 10213 10210 10214
f 10212 10215 10214
f 10214 10211 10212
f 10201 10209 10216
f 10204 10201 10216
f 10216 10217 10207
f 10207 10204 10216
f 10209 10213 10218
f 10216 10209 10218
f 10213 10214 10219
f 10218 10213 10219
f 10215 10220 10219
f 10219 10214 10215
f 10218 10221 10217
f 10217 10216 10218
f 10219 10222 10221
f 10221 10218 10219
f 10219 10220 10223
f 10222 10219 10223
f 10166 10165 10224
f 10002 10042 10225
f 10167 10002 10225
f 10043 10226 10225
f 10225 10042 10043
f 10044 10227 10226
f 10226 10043 10044
f 10225 10228 10165
f 10165 10167 10225
f 10224 10165 10228
f 10226 10229 10228
f 10228 10225 10226
f 10227 10230 10229
f 10229 10226 10227
f 10044 10047 10231
f 10227 10044 10231
f 10047 10048 10232
f 10231 10047 10232
f 10227 10231 10233
f 10230 10227 10233
f 10231 10232 10234
f 10233 10231 10234
f 10224 10235 10172
f 10172 10166 10224
f 10235 10236 10175
f 10175 10172 10235
f 10228 10237 10235
f 10235 10224 10228
f 10238 10239 10237
f 10228 10229 10238
f 10237 10228 10238
f 10230 10238 10229
f 10237 10240 10236
f 10236 10235 10237
f 10237 10239 10241
f 10240 10237 10241
f 10239 10238 10242
f 10233 10243 10238
f 10238 10230 10233
f 10242 10238 10243
f 10233 10234 10244
f 10243 10233 10244
f 10242 10245 10241
f 10241 10239 10242
f 10243 10246 10245
f 10245 10242 10243
f 10243 10244 10247
f 10246 10243 10247
f 10056 10248 10232
f 10232 10048 10056
f 10249 10250 10234
f 10232 10248 10249
f 10234 10232 10249
f 10250 10249 10251
f 10234 10250 10252
f 10244 10234 10252
f 10251 10253 10252
f 10252 10250 10251
f 10244 10252 10254
f 10247 10244 10254
f 10253 10255 10254
f 10254 10252 10253
f 10236 10256 10212
f 10212 10175 10236
f 10212 10256 10257
f 10215 10212 10257
f 10240 10258 10256
f 10256 10236 10240
f 10240 10241 10259
f 10258 10240 10259
f 10256 10258 10260
f 10257 10256 10260
f 10259 10261 10260
f 10260 10258 10259
f 10245 10262 10259
f 10259 10241 10245
f 10246 10263 10262
f 10262 10245 10246
f 10246 10247 10264
f 10263 10246 10264
f 10259 10262 10265
f 10261 10259 10265
f 10262 10263 10266
f 10265 10262 10266
f 10263 10264 10267
f 10266 10263 10267
f 10215 10257 10268
f 10220 10215 10268
f 10268 10269 10223
f 10223 10220 10268
f 10257 10260 10270
f 10268 10257 10270
f 10261 10271 10270
f 10270 10260 10261
f 10270 10272 10269
f 10269 10268 10270
f 10271 10273 10272
f 10272 10270 10271
f 10261 10265 10274
f 10271 10261 10274
f 10265 10266 10275
f 10274 10265 10275
f 10267 10276 10275
f 10275 10266 10267
f 10271 10274 10277
f 10273 10271 10277
f 10274 10275 10278
f 10277 10274 10278
f 10276 10279 10278
f 10278 10275 10276
f 10247 10254 10280
f 10264 10247 10280
f 10255 10281 10280
f 10280 10254 10255
f 10264 10280 10282
f 10267 10264 10282
f 10281 10283 10282
f 10282 10280 10281
f 10267 10282 10284
f 10276 10267 10284
f 10283 10285 10284
f 10284 10282 10283
f 10276 10284 10286
f 10279 10276 10286
f 10287 10288 10286
f 10284 10285 10287
f 10286 10284 10287
f 10289 10290 10291
f 10292 10293 10288
f 10288 10287 10292
f 10289 10291 10294
f 10292 10289 10294
f 10293 10292 10294
f 9739 9788 10295
f 10024 9739 10295
f 10026 10025 10296
f 10295 10297 10025
f 10025 10024 10295
f 10296 10025 10297
f 9791 10298 10295
f 10295 9788 9791
f 9792 10299 10298
f 10298 9791 9792
f 10298 10300 10297
f 10297 10295 10298
f 10299 10301 10300
f 10300 10298 10299
f 10026 10296 10302
f 10027 10026 10302
f 10297 10303 10302
f 10302 10296 10297
f 10302 10304 10028
f 10028 10027 10302
f 10303 10305 10304
f 10304 10302 10303
f 10300 10306 10303
f 10303 10297 10300
f 10300 10301 10307
f 10306 10300 10307
f 10306 10308 10305
f 10305 10303 10306
f 10307 10309 10308
f 10308 10306 10307
f 10304 10310 10049
f 10049 10028 10304
f 10304 10305 10311
f 10310 10304 10311
f 10310 10050 10049
f 10311 10312 10050
f 10050 10310 10311
f 10052 10050 10312
f 10305 10308 10313
f 10311 10305 10313
f 10309 10314 10313
f 10313 10308 10309
f 10311 10313 10315
f 10312 10311 10315
f 10314 10316 10315
f 10315 10313 10314
f 10052 10312 10317
f 10054 10052 10317
f 10056 10055 10318
f 10317 10319 10055
f 10055 10054 10317
f 10318 10055 10319
f 10312 10315 10320
f 10317 10312 10320
f 10316 10321 10320
f 10320 10315 10316
f 10320 10322 10319
f 10319 10317 10320
f 10320 10321 10323
f 10322 10320 10323
f 10318 10324 10248
f 10248 10056 10318
f 10319 10325 10324
f 10324 10318 10319
f 10324 10249 10248
f 10325 10326 10249
f 10249 10324 10325
f 10251 10249 10326
f 10322 10327 10325
f 10325 10319 10322
f 10322 10323 10328
f 10327 10322 10328
f 10327 10329 10326
f 10326 10325 10327
f 10328 10330 10329
f 10329 10327 10328
f 10326 10331 10253
f 10253 10251 10326
f 10331 10332 10255
f 10255 10253 10331
f 10329 10333 10331
f 10331 10326 10329
f 10329 10330 10334
f 10333 10329 10334
f 10331 10333 10335
f 10332 10331 10335
f 10334 10336 10335
f 10335 10333 10334
f 10332 10337 10281
f 10281 10255 10332
f 10337 10338 10283
f 10283 10281 10337
f 10332 10335 10339
f 10337 10332 10339
f 10336 10340 10339
f 10339 10335 10336
f 10337 10339 10341
f 10338 10337 10341
f 10340 10342 10341
f 10341 10339 10340
f 10338 10343 10285
f 10285 10283 10338
f 10343 10287 10285
f 10338 10341 10344
f 10343 10338 10344
f 10290 10289 10344
f 10341 10342 10290
f 10344 10341 10290
f 10287 10343 10344
f 10344 10292 10287
f 10289 10292 10344
f 2508 9828 10345
f 3030 2508 10345
f 9828 9830 10346
f 10345 9828 10346
f 3030 10345 10347
f 3032 3030 10347
f 10345 10346 10348
f 10347 10345 10348
f 9831 10349 10346
f 10346 9830 9831
f 10350 10351 10348
f 10349 10350 10348
f 10348 10346 10349
f 10351 10350 10352
f 3032 10347 10353
f 3040 3032 10353
f 10347 10348 10354
f 10353 10347 10354
f 3040 10353 10355
f 3042 3040 10355
f 10353 10354 10356
f 10355 10353 10356
f 10348 10351 10357
f 10354 10348 10357
f 10352 10358 10357
f 10357 10351 10352
f 10354 10357 10359
f 10356 10354 10359
f 10358 10360 10359
f 10359 10357 10358
f 3042 10355 10361
f 3050 3042 10361
f 10356 10362 10361
f 10361 10355 10356
f 10361 10363 3052
f 3052 3050 10361
f 10362 10364 10363
f 10363 10361 10362
f 10359 10365 10362
f 10362 10356 10359
f 10359 10360 10366
f 10365 10359 10366
f 10365 10367 10364
f 10364 10362 10365
f 10365 10366 10368
f 10367 10365 10368
f 10363 10369 3060
f 3060 3052 10363
f 10364 10370 10369
f 10369 10363 10364
f 10369 10371 3062
f 3062 3060 10369
f 10370 10372 10371
f 10371 10369 10370
f 10373 10374 10364
f 10364 10367 10373
f 10370 10364 10374
f 10368 10373 10367
f 10370 10374 10375
f 10372 10370 10375
f 10371 10376 3069
f 3069 3062 10371
f 10372 10377 10376
f 10376 10371 10372
f 10376 10378 3071
f 3071 3069 10376
f 10377 10379 10378
f 10378 10376 10377
f 10372 10375 10380
f 10377 10372 10380
f 10380 10381 10379
f 10379 10377 10380
f 3071 10378 10382
f 3075 3071 10382
f 10378 10379 10383
f 10382 10378 10383
f 10382 10384 3078
f 3078 3075 10382
f 10382 10383 10385
f 10384 10382 10385
f 10381 10386 10383
f 10383 10379 10381
f 10386 10387 10385
f 10385 10383 10386
f 3078 10384 10388
f 3081 3078 10388
f 10385 10389 10388
f 10388 10384 10385
f 10390 3083 3081
f 10388 10390 3081
f 10391 10390 10388
f 10389 10391 10388
f 10385 10387 10392
f 10389 10385 10392
f 10392 10391 10389
f 10106 10393 10349
f 10349 9831 10106
f 10106 10107 10394
f 10393 10106 10394
f 10393 10350 10349
f 10394 10395 10350
f 10350 10393 10394
f 10352 10350 10395
f 10395 10396 10358
f 10358 10352 10395
f 10396 10397 10360
f 10360 10358 10396
f 10107 10122 10398
f 10394 10107 10398
f 10122 10123 10399
f 10398 10122 10399
f 10394 10398 10400
f 10395 10394 10400
f 10399 10401 10400
f 10400 10398 10399
f 10123 10127 10402
f 10399 10123 10402
f 10128 10403 10402
f 10402 10127 10128
f 10129 10404 10403
f 10403 10128 10129
f 10399 10402 10405
f 10401 10399 10405
f 10402 10403 10406
f 10405 10402 10406
f 10407 10408 10406
f 10403 10404 10407
f 10406 10403 10407
f 10408 10407 10409
f 10395 10400 10410
f 10396 10395 10410
f 10411 10412 10410
f 10400 10401 10411
f 10410 10400 10411
f 10412 10411 10413
f 10396 10410 10414
f 10397 10396 10414
f 10410 10412 10415
f 10414 10410 10415
f 10412 10413 10416
f 10415 10412 10416
f 10405 10411 10401
f 10406 10417 10411
f 10411 10405 10406
f 10413 10411 10417
f 10406 10408 10418
f 10417 10406 10418
f 10417 10419 10416
f 10416 10413 10417
f 10417 10418 10420
f 10419 10417 10420
f 10408 10409 10421
f 10418 10408 10421
f 10418 10421 10422
f 10420 10418 10422
f 10360 10397 10423
f 10366 10360 10423
f 10366 10423 10424
f 10368 10366 10424
f 10374 10373 10425
f 10424 10426 10373
f 10373 10368 10424
f 10425 10373 10426
f 10374 10425 10427
f 10375 10374 10427
f 10426 10428 10427
f 10427 10425 10426
f 10414 10429 10423
f 10423 10397 10414
f 10414 10415 10430
f 10429 10414 10430
f 10415 10416 10431
f 10430 10415 10431
f 10429 10432 10424
f 10424 10423 10429
f 10429 10430 10433
f 10432 10429 10433
f 10430 10431 10434
f 10433 10430 10434
f 10419 10435 10431
f 10431 10416 10419
f 10419 10420 10436
f 10435 10419 10436
f 10435 10437 10434
f 10434 10431 10435
f 10435 10436 10438
f 10437 10435 10438
f 10420 10422 10439
f 10436 10420 10439
f 10436 10439 10440
f 10438 10436 10440
f 10432 10441 10426
f 10426 10424 10432
f 10432 10433 10442
f 10441 10432 10442
f 10433 10434 10443
f 10442 10433 10443
f 10441 10444 10428
f 10428 10426 10441
f 10441 10442 10445
f 10444 10441 10445
f 10442 10443 10446
f 10445 10442 10446
f 10437 10447 10443
f 10443 10434 10437
f 10438 10448 10447
f 10447 10437 10438
f 10443 10447 10449
f 10446 10443 10449
f 10448 10450 10449
f 10449 10447 10448
f 10438 10440 10451
f 10448 10438 10451
f 10451 10452 10450
f 10450 10448 10451
f 10129 10187 10453
f 10404 10129 10453
f 10453 10407 10404
f 10187 10191 10454
f 10453 10187 10454
f 10191 10192 10455
f 10454 10191 10455
f 10192 10193 10456
f 10455 10192 10456
f 10454 10457 10407
f 10407 10453 10454
f 10409 10407 10457
f 10454 10455 10458
f 10457 10454 10458
f 10455 10456 10459
f 10458 10455 10459
f 10195 10460 10456
f 10456 10193 10195
f 10456 10460 10461
f 10459 10456 10461
f 10457 10462 10421
f 10421 10409 10457
f 10457 10458 10463
f 10462 10457 10463
f 10458 10459 10464
f 10463 10458 10464
f 10462 10465 10422
f 10422 10421 10462
f 10462 10463 10466
f 10465 10462 10466
f 10464 10467 10466
f 10466 10463 10464
f 10459 10461 10468
f 10464 10459 10468
f 10464 10468 10469
f 10467 10464 10469
f 10195 10205 10470
f 10460 10195 10470
f 10206 10471 10470
f 10470 10205 10206
f 10207 10472 10471
f 10471 10206 10207
f 10460 10470 10473
f 10461 10460 10473
f 10471 10474 10473
f 10473 10470 10471
f 10472 10475 10474
f 10474 10471 10472
f 10461 10473 10476
f 10468 10461 10476
f 10474 10477 10476
f 10476 10473 10474
f 10474 10475 10478
f 10477 10474 10478
f 10468 10476 10479
f 10469 10468 10479
f 10477 10480 10479
f 10479 10476 10477
f 10477 10478 10481
f 10480 10477 10481
f 10217 10482 10472
f 10472 10207 10217
f 10482 10483 10475
f 10475 10472 10482
f 10221 10484 10482
f 10482 10217 10221
f 10222 10485 10484
f 10484 10221 10222
f 10222 10223 10486
f 10485 10222 10486
f 10482 10484 10487
f 10483 10482 10487
f 10485 10488 10487
f 10487 10484 10485
f 10486 10489 10488
f 10488 10485 10486
f 10483 10490 10478
f 10478 10475 10483
f 10490 10491 10481
f 10481 10478 10490
f 10483 10487 10492
f 10490 10483 10492
f 10488 10493 10492
f 10492 10487 10488
f 10488 10489 10494
f 10493 10488 10494
f 10490 10492 10495
f 10491 10490 10495
f 10492 10493 10496
f 10495 10492 10496
f 10493 10494 10497
f 10496 10493 10497
f 10422 10465 10498
f 10439 10422 10498
f 10466 10499 10498
f 10498 10465 10466
f 10467 10500 10499
f 10499 10466 10467
f 10439 10498 10501
f 10440 10439 10501
f 10499 10502 10501
f 10501 10498 10499
f 10500 10503 10502
f 10502 10499 10500
f 10469 10504 10500
f 10500 10467 10469
f 10504 10505 10503
f 10503 10500 10504
f 10440 10501 10506
f 10451 10440 10506
f 10502 10507 10506
f 10506 10501 10502
f 10503 10508 10507
f 10507 10502 10503
f 10451 10506 10509
f 10452 10451 10509
f 10506 10507 10510
f 10509 10506 10510
f 10508 10511 10510
f 10510 10507 10508
f 10503 10505 10512
f 10508 10503 10512
f 10508 10512 10513
f 10511 10508 10513
f 10479 10514 10504
f 10504 10469 10479
f 10479 10480 10515
f 10514 10479 10515
f 10481 10516 10515
f 10515 10480 10481
f 10504 10514 10517
f 10505 10504 10517
f 10514 10515 10518
f 10517 10514 10518
f 10516 10519 10518
f 10518 10515 10516
f 10517 10520 10512
f 10512 10505 10517
f 10517 10518 10521
f 10520 10517 10521
f 10519 10522 10521
f 10521 10518 10519
f 10520 10523 10513
f 10513 10512 10520
f 10520 10521 10524
f 10523 10520 10524
f 10522 10525 10524
f 10524 10521 10522
f 10481 10491 10526
f 10516 10481 10526
f 10516 10526 10527
f 10519 10516 10527
f 10495 10528 10526
f 10526 10491 10495
f 10495 10496 10529
f 10528 10495 10529
f 10496 10497 10530
f 10529 10496 10530
f 10528 10531 10527
f 10527 10526 10528
f 10529 10532 10531
f 10531 10528 10529
f 10529 10530 10533
f 10532 10529 10533
f 10527 10534 10522
f 10522 10519 10527
f 10534 10535 10525
f 10525 10522 10534
f 10531 10536 10534
f 10534 10527 10531
f 10532 10537 10536
f 10536 10531 10532
f 10532 10533 10538
f 10537 10532 10538
f 10536 10539 10535
f 10535 10534 10536
f 10536 10537 10540
f 10539 10536 10540
f 10537 10538 10541
f 10540 10537 10541
f 10223 10269 10542
f 10486 10223 10542
f 10542 10543 10489
f 10489 10486 10542
f 10269 10272 10544
f 10542 10269 10544
f 10273 10545 10544
f 10544 10272 10273
f 10542 10544 10546
f 10543 10542 10546
f 10545 10547 10546
f 10546 10544 10545
f 10273 10277 10548
f 10545 10273 10548
f 10277 10278 10549
f 10548 10277 10549
f 10279 10550 10549
f 10549 10278 10279
f 10545 10548 10551
f 10547 10545 10551
f 10548 10549 10552
f 10551 10548 10552
f 10550 10553 10552
f 10552 10549 10550
f 10543 10554 10494
f 10494 10489 10543
f 10554 10555 10497
f 10497 10494 10554
f 10543 10546 10556
f 10554 10543 10556
f 10547 10557 10556
f 10556 10546 10547
f 10556 10558 10555
f 10555 10554 10556
f 10557 10559 10558
f 10558 10556 10557
f 10547 10551 10560
f 10557 10547 10560
f 10551 10552 10561
f 10560 10551 10561
f 10552 10553 10562
f 10561 10552 10562
f 10557 10560 10563
f 10559 10557 10563
f 10560 10561 10564
f 10563 10560 10564
f 10561 10562 10565
f 10564 10561 10565
f 10279 10286 10566
f 10550 10279 10566
f 10286 10288 10567
f 10566 10286 10567
f 10550 10566 10568
f 10553 10550 10568
f 10566 10567 10569
f 10568 10566 10569
f 10288 10293 10570
f 10567 10288 10570
f 10294 10571 10570
f 10570 10293 10294
f 10567 10570 10572
f 10569 10567 10572
f 10571 10573 10572
f 10572 10570 10571
f 10553 10568 10574
f 10562 10553 10574
f 10568 10569 10575
f 10574 10568 10575
f 10562 10574 10576
f 10565 10562 10576
f 10574 10575 10577
f 10576 10574 10577
f 10569 10572 10578
f 10575 10569 10578
f 10573 10579 10578
f 10578 10572 10573
f 10575 10578 10580
f 10577 10575 10580
f 10579 10581 10580
f 10580 10578 10579
f 10555 10582 10530
f 10530 10497 10555
f 10582 10583 10533
f 10533 10530 10582
f 10558 10584 10582
f 10582 10555 10558
f 10559 10585 10584
f 10584 10558 10559
f 10584 10586 10583
f 10583 10582 10584
f 10584 10585 10587
f 10586 10584 10587
f 10563 10588 10585
f 10585 10559 10563
f 10563 10564 10589
f 10588 10563 10589
f 10564 10565 10590
f 10589 10564 10590
f 10588 10591 10587
f 10587 10585 10588
f 10589 10592 10591
f 10591 10588 10589
f 10589 10590 10593
f 10592 10589 10593
f 10583 10594 10538
f 10538 10533 10583
f 10594 10595 10541
f 10541 10538 10594
f 10586 10596 10594
f 10594 10583 10586
f 10586 10587 10597
f 10596 10586 10597
f 10596 10598 10595
f 10595 10594 10596
f 10596 10597 10599
f 10598 10596 10599
f 10591 10600 10597
f 10597 10587 10591
f 10592 10601 10600
f 10600 10591 10592
f 10592 10593 10602
f 10601 10592 10602
f 10600 10603 10599
f 10599 10597 10600
f 10601 10604 10603
f 10603 10600 10601
f 10601 10602 10605
f 10604 10601 10605
f 10565 10576 10606
f 10590 10565 10606
f 10576 10577 10607
f 10606 10576 10607
f 10590 10606 10608
f 10593 10590 10608
f 10606 10607 10609
f 10608 10606 10609
f 10577 10580 10610
f 10607 10577 10610
f 10581 10611 10610
f 10610 10580 10581
f 10607 10610 10612
f 10609 10607 10612
f 10610 10611 10613
f 10612 10610 10613
f 10593 10608 10614
f 10602 10593 10614
f 10608 10609 10615
f 10614 10608 10615
f 10602 10614 10616
f 10605 10602 10616
f 10614 10615 10617
f 10616 10614 10617
f 10609 10612 10618
f 10615 10609 10618
f 10613 10619 10618
f 10618 10612 10613
f 10615 10618 10620
f 10617 10615 10620
f 10619 10621 10620
f 10620 10618 10619
f 10375 10427 10622
f 10380 10375 10622
f 10427 10428 10623
f 10622 10427 10623
f 10622 10624 10381
f 10381 10380 10622
f 10622 10623 10625
f 10624 10622 10625
f 10624 10626 10386
f 10386 10381 10624
f 10624 10625 10627
f 10626 10624 10627
f 10626 10628 10387
f 10387 10386 10626
f 10626 10627 10629
f 10628 10626 10629
f 10428 10444 10630
f 10623 10428 10630
f 10445 10631 10630
f 10630 10444 10445
f 10446 10632 10631
f 10631 10445 10446
f 10623 10630 10633
f 10625 10623 10633
f 10631 10634 10633
f 10633 10630 10631
f 10632 10635 10634
f 10634 10631 10632
f 10446 10449 10636
f 10632 10446 10636
f 10450 10637 10636
f 10636 10449 10450
f 10632 10636 10638
f 10635 10632 10638
f 10639 10640 10638
f 10636 10637 10639
f 10638 10636 10639
f 10452 10641 10637
f 10637 10450 10452
f 10641 10639 10637
f 10625 10633 10642
f 10627 10625 10642
f 10634 10643 10642
f 10642 10633 10634
f 10635 10644 10643
f 10643 10634 10635
f 10627 10642 10645
f 10629 10627 10645
f 10642 10643 10646
f 10645 10642 10646
f 10644 10647 10646
f 10646 10643 10644
f 10635 10638 10648
f 10644 10635 10648
f 10649 10650 10648
f 10638 10640 10649
f 10648 10638 10649
f 10648 10651 10647
f 10647 10644 10648
f 10648 10650 10652
f 10651 10648 10652
f 10650 10649 10653
f 10650 10653 10654
f 10652 10650 10654
f 3083 10390 10655
f 3514 3083 10655
f 10390 10391 10656
f 10655 10390 10656
f 10387 10628 10657
f 10392 10387 10657
f 10629 10658 10657
f 10657 10628 10629
f 10657 10659 10656
f 10656 10392 10657
f 10656 10391 10392
f 10658 10660 10659
f 10659 10657 10658
f 10655 10661 3523
f 3523 3514 10655
f 10656 10662 10661
f 10661 10655 10656
f 10663 3525 3523
f 10661 10663 3523
f 10663 10661 10662
f 10662 10664 10663
f 3525 10663 10665
f 3527 3525 10665
f 10663 10664 10666
f 10665 10663 10666
f 10659 10667 10662
f 10662 10656 10659
f 10660 10668 10667
f 10667 10659 10660
f 10669 10664 10662
f 10667 10669 10662
f 10670 10669 10667
f 10668 10670 10667
f 10664 10669 10671
f 10666 10664 10671
f 10669 10670 10672
f 10671 10669 10672
f 10645 10673 10658
f 10658 10629 10645
f 10645 10646 10674
f 10673 10645 10674
f 10646 10647 10675
f 10674 10646 10675
f 10673 10676 10660
f 10660 10658 10673
f 10673 10674 10677
f 10676 10673 10677
f 10674 10675 10678
f 10677 10674 10678
f 10651 10679 10675
f 10675 10647 10651
f 10651 10652 10680
f 10679 10651 10680
f 10679 10681 10678
f 10678 10675 10679
f 10679 10680 10682
f 10681 10679 10682
f 10654 10683 10680
f 10680 10652 10654
f 10680 10683 10684
f 10682 10680 10684
f 10685 10686 10660
f 10660 10676 10685
f 10668 10660 10686
f 10677 10685 10676
f 10686 10685 10687
f 10677 10678 10688
f 10685 10677 10688
f 10687 10685 10688
f 10686 10670 10668
f 10687 10689 10672
f 10672 10686 10687
f 10672 10670 10686
f 10690 10691 10687
f 10687 10688 10690
f 10689 10687 10691
f 10681 10692 10688
f 10688 10678 10681
f 10681 10682 10693
f 10692 10681 10693
f 10694 10690 10688
f 10692 10694 10688
f 10693 10694 10692
f 10691 10690 10695
f 10682 10684 10696
f 10693 10682 10696
f 10690 10694 10697
f 10695 10690 10697
f 10696 10698 10697
f 10693 10696 10697
f 10697 10694 10693
f 10640 10639 10699
f 10452 10509 10700
f 10641 10452 10700
f 10509 10510 10701
f 10700 10509 10701
f 10511 10702 10701
f 10701 10510 10511
f 10700 10703 10639
f 10639 10641 10700
f 10699 10639 10703
f 10701 10704 10703
f 10703 10700 10701
f 10702 10705 10704
f 10704 10701 10702
f 10511 10513 10706
f 10702 10511 10706
f 10702 10706 10707
f 10705 10702 10707
f 10699 10649 10640
f 10703 10708 10649
f 10649 10699 10703
f 10653 10649 10708
f 10704 10709 10708
f 10708 10703 10704
f 10705 10710 10709
f 10709 10704 10705
f 10708 10711 10654
f 10654 10653 10708
f 10708 10709 10712
f 10711 10708 10712
f 10709 10710 10713
f 10712 10709 10713
f 10705 10707 10714
f 10710 10705 10714
f 10714 10715 10713
f 10713 10710 10714
f 10523 10716 10706
f 10706 10513 10523
f 10524 10717 10716
f 10716 10523 10524
f 10525 10718 10717
f 10717 10524 10525
f 10716 10719 10707
f 10707 10706 10716
f 10716 10717 10720
f 10719 10716 10720
f 10718 10721 10720
f 10720 10717 10718
f 10719 10722 10714
f 10714 10707 10719
f 10720 10723 10722
f 10722 10719 10720
f 10720 10721 10724
f 10723 10720 10724
f 10714 10722 10725
f 10715 10714 10725
f 10723 10726 10725
f 10725 10722 10723
f 10723 10724 10727
f 10726 10723 10727
f 10535 10728 10718
f 10718 10525 10535
f 10728 10729 10721
f 10721 10718 10728
f 10539 10730 10728
f 10728 10535 10539
f 10539 10540 10731
f 10730 10539 10731
f 10540 10541 10732
f 10731 10540 10732
f 10728 10730 10733
f 10729 10728 10733
f 10730 10731 10734
f 10733 10730 10734
f 10732 10735 10734
f 10734 10731 10732
f 10721 10729 10736
f 10724 10721 10736
f 10736 10737 10727
f 10727 10724 10736
f 10729 10733 10738
f 10736 10729 10738
f 10733 10734 10739
f 10738 10733 10739
f 10735 10740 10739
f 10739 10734 10735
f 10736 10738 10741
f 10737 10736 10741
f 10738 10739 10742
f 10741 10738 10742
f 10740 10743 10742
f 10742 10739 10740
f 10711 10744 10683
f 10683 10654 10711
f 10711 10712 10745
f 10744 10711 10745
f 10712 10713 10746
f 10745 10712 10746
f 10744 10747 10684
f 10684 10683 10744
f 10744 10745 10748
f 10747 10744 10748
f 10745 10746 10749
f 10748 10745 10749
f 10715 10750 10746
f 10746 10713 10715
f 10746 10750 10751
f 10749 10746 10751
f 10752 10753 10696
f 10747 10752 10696
f 10696 10684 10747
f 10748 10752 10747
f 10753 10752 10754
f 10748 10749 10755
f 10752 10748 10755
f 10754 10752 10755
f 10696 10753 10756
f 10698 10696 10756
f 10753 10754 10757
f 10756 10753 10757
f 10758 10759 10757
f 10755 10758 10757
f 10757 10754 10755
f 10749 10751 10760
f 10755 10749 10760
f 10760 10758 10755
f 10715 10725 10761
f 10750 10715 10761
f 10726 10762 10761
f 10761 10725 10726
f 10726 10727 10763
f 10762 10726 10763
f 10761 10764 10751
f 10751 10750 10761
f 10762 10765 10764
f 10764 10761 10762
f 10763 10766 10765
f 10765 10762 10763
f 10759 10758 10767
f 10751 10764 10768
f 10760 10751 10768
f 10765 10769 10768
f 10768 10764 10765
f 10766 10770 10769
f 10769 10765 10766
f 10768 10771 10758
f 10758 10760 10768
f 10767 10758 10771
f 10769 10772 10771
f 10771 10768 10769
f 10773 10774 10769
f 10769 10770 10773
f 10772 10769 10774
f 10774 10773 10775
f 10737 10776 10763
f 10763 10727 10737
f 10776 10777 10766
f 10766 10763 10776
f 10737 10741 10778
f 10776 10737 10778
f 10741 10742 10779
f 10778 10741 10779
f 10743 10780 10779
f 10779 10742 10743
f 10778 10781 10777
f 10777 10776 10778
f 10779 10782 10781
f 10781 10778 10779
f 10779 10780 10783
f 10782 10779 10783
f 10777 10784 10770
f 10770 10766 10777
f 10784 10773 10770
f 10785 10786 10784
f 10777 10781 10785
f 10784 10777 10785
f 10782 10785 10781
f 10786 10785 10787
f 10782 10783 10788
f 10785 10782 10788
f 10787 10785 10788
f 10784 10786 10789
f 10773 10784 10789
f 10775 10773 10789
f 10787 10790 10789
f 10789 10786 10787
f 10788 10791 10790
f 10790 10787 10788
f 10595 10792 10732
f 10732 10541 10595
f 10732 10792 10793
f 10735 10732 10793
f 10598 10794 10792
f 10792 10595 10598
f 10598 10599 10795
f 10794 10598 10795
f 10792 10794 10796
f 10793 10792 10796
f 10794 10795 10797
f 10796 10794 10797
f 10603 10798 10795
f 10795 10599 10603
f 10604 10799 10798
f 10798 10603 10604
f 10604 10605 10800
f 10799 10604 10800
f 10801 10802 10797
f 10795 10798 10801
f 10797 10795 10801
f 10799 10801 10798
f 10802 10801 10803
f 10800 10804 10801
f 10801 10799 10800
f 10803 10801 10804
f 10735 10793 10805
f 10740 10735 10805
f 10740 10805 10806
f 10743 10740 10806
f 10793 10796 10807
f 10805 10793 10807
f 10797 10808 10807
f 10807 10796 10797
f 10805 10807 10809
f 10806 10805 10809
f 10808 10810 10809
f 10809 10807 10808
f 10797 10802 10811
f 10808 10797 10811
f 10803 10812 10811
f 10811 10802 10803
f 10804 10813 10812
f 10812 10803 10804
f 10811 10814 10810
f 10810 10808 10811
f 10812 10815 10814
f 10814 10811 10812
f 10813 10816 10815
f 10815 10812 10813
f 10605 10616 10817
f 10800 10605 10817
f 10616 10617 10818
f 10817 10616 10818
f 10800 10817 10819
f 10804 10800 10819
f 10817 10818 10820
f 10819 10817 10820
f 10617 10620 10821
f 10818 10617 10821
f 10620 10621 10822
f 10821 10620 10822
f 10818 10821 10823
f 10820 10818 10823
f 10821 10822 10824
f 10823 10821 10824
f 10804 10819 10825
f 10813 10804 10825
f 10819 10820 10826
f 10825 10819 10826
f 10813 10825 10827
f 10816 10813 10827
f 10825 10826 10828
f 10827 10825 10828
f 10820 10823 10829
f 10826 10820 10829
f 10823 10824 10830
f 10829 10823 10830
f 10826 10829 10831
f 10828 10826 10831
f 10829 10830 10832
f 10831 10829 10832
f 10743 10806 10833
f 10780 10743 10833
f 10833 10834 10783
f 10783 10780 10833
f 10806 10809 10835
f 10833 10806 10835
f 10810 10836 10835
f 10835 10809 10810
f 10835 10837 10834
f 10834 10833 10835
f 10835 10836 10838
f 10837 10835 10838
f 10814 10839 10836
f 10836 10810 10814
f 10815 10840 10839
f 10839 10814 10815
f 10816 10841 10840
f 10840 10815 10816
f 10836 10839 10842
f 10838 10836 10842
f 10843 10844 10842
f 10840 10843 10842
f 10842 10839 10840
f 10841 10843 10840
f 10834 10845 10788
f 10788 10783 10834
f 10846 10847 10788
f 10788 10845 10846
f 10791 10788 10847
f 10848 10849 10847
f 10847 10846 10848
f 10837 10850 10845
f 10845 10834 10837
f 10837 10838 10851
f 10850 10837 10851
f 10850 10846 10845
f 10846 10850 10851
f 10851 10848 10846
f 10849 10848 10852
f 10838 10842 10853
f 10851 10838 10853
f 10842 10844 10854
f 10853 10842 10854
f 10851 10853 10855
f 10851 10855 10852
f 10852 10848 10851
f 10853 10854 10856
f 10855 10853 10856
f 10816 10827 10857
f 10841 10816 10857
f 10827 10828 10858
f 10857 10827 10858
f 10844 10843 10859
f 10857 10860 10859
f 10841 10857 10859
f 10859 10843 10841
f 10857 10858 10861
f 10860 10857 10861
f 10828 10831 10862
f 10858 10828 10862
f 10831 10832 10863
f 10862 10831 10863
f 10858 10862 10864
f 10861 10858 10864
f 10862 10863 10865
f 10864 10862 10865
f 10866 10867 10854
f 10854 10859 10866
f 10854 10844 10859
f 10860 10866 10859
f 10868 10869 10867
f 10867 10866 10868
f 10866 10860 10861
f 10861 10868 10866
f 10867 10870 10856
f 10856 10854 10867
f 10869 10871 10870
f 10870 10867 10869
f 10872 10873 10869
f 10869 10868 10872
f 10868 10861 10864
f 10864 10872 10868
f 10874 10875 10873
f 10873 10872 10874
f 10872 10864 10865
f 10865 10874 10872
f 10869 10873 10876
f 10871 10869 10876
f 10873 10875 10877
f 10876 10873 10877
f 3646 3527 10665
f 10665 10878 3646
f 10878 10665 10666
f 10666 10879 10878
f 10880 10879 10666
f 10671 10880 10666
f 10880 10671 10672
f 10672 10881 10880
f 3646 10878 10882
f 3655 3646 10882
f 10878 10879 10883
f 10882 10878 10883
f 10884 3657 3655
f 10882 10884 3655
f 10885 10884 10882
f 10883 10885 10882
f 3657 10884 10886
f 3659 3657 10886
f 10884 10885 10887
f 10886 10884 10887
f 10880 10888 10883
f 10883 10879 10880
f 10881 10889 10890
f 10881 10890 10888
f 10888 10880 10881
f 10890 10889 10891
f 10885 10883 10888
f 10888 10892 10885
f 10890 10892 10888
f 10885 10892 10893
f 10887 10885 10893
f 10893 10892 10890
f 10893 10890 10891
f 10891 10894 10893
f 10881 10672 10689
f 10689 10895 10881
f 10691 10895 10689
f 10881 10895 10896
f 10889 10881 10896
f 10896 10895 10691
f 10896 10691 10695
f 10695 10897 10896
f 10896 10898 10891
f 10891 10889 10896
f 10897 10899 10900
f 10896 10897 10900
f 10898 10896 10900
f 10894 10891 10898
f 10898 10901 10894
f 10900 10901 10898
f 10897 10695 10697
f 10697 10902 10897
f 10903 10902 10697
f 10698 10903 10697
f 10902 10904 10905
f 10905 10897 10902
f 10905 10899 10897
f 10902 10903 10906
f 10904 10902 10906
f 10904 10907 10905
f 10907 10904 10906
f 10906 10908 10907
f 3659 10886 10909
f 3685 3659 10909
f 10886 10887 10910
f 10909 10886 10910
f 3685 10909 10911
f 3687 3685 10911
f 10909 10910 10912
f 10911 10909 10912
f 10887 10893 10913
f 10910 10887 10913
f 10893 10894 10914
f 10913 10893 10914
f 10910 10913 10915
f 10912 10910 10915
f 10913 10914 10916
f 10915 10913 10916
f 3687 10911 10917
f 3693 3687 10917
f 10911 10912 10918
f 10917 10911 10918
f 10917 10919 3695
f 3695 3693 10917
f 10918 10920 10919
f 10919 10917 10918
f 10912 10915 10921
f 10918 10912 10921
f 10916 10922 10921
f 10921 10915 10916
f 10921 10923 10920
f 10920 10918 10921
f 10922 10924 10923
f 10923 10921 10922
f 10900 10899 10925
f 10894 10901 10926
f 10914 10894 10926
f 10926 10901 10900
f 10927 10926 10900
f 10925 10927 10900
f 10914 10926 10928
f 10916 10914 10928
f 10927 10929 10928
f 10928 10926 10927
f 10925 10899 10905
f 10927 10925 10905
f 10905 10930 10927
f 10905 10907 10930
f 10908 10931 10930
f 10930 10907 10908
f 10930 10932 10929
f 10929 10927 10930
f 10931 10933 10932
f 10932 10930 10931
f 10928 10934 10922
f 10922 10916 10928
f 10928 10929 10935
f 10934 10928 10935
f 10934 10936 10924
f 10924 10922 10934
f 10934 10935 10937
f 10936 10934 10937
f 10929 10932 10938
f 10935 10929 10938
f 10932 10933 10939
f 10938 10932 10939
f 10935 10938 10940
f 10937 10935 10940
f 10938 10939 10941
f 10940 10938 10941
f 10756 10903 10698
f 10757 10942 10943
f 10756 10757 10943
f 10756 10943 10906
f 10906 10903 10756
f 10759 10942 10757
f 10943 10908 10906
f 10943 10942 10944
f 10759 10767 10945
f 10942 10759 10945
f 10944 10942 10945
f 10931 10908 10943
f 10946 10931 10943
f 10944 10946 10943
f 10946 10944 10945
f 10945 10947 10946
f 10946 10948 10933
f 10933 10931 10946
f 10946 10947 10949
f 10948 10946 10949
f 10950 10951 10767
f 10767 10771 10950
f 10945 10767 10951
f 10772 10950 10771
f 10951 10950 10952
f 10774 10953 10952
f 10950 10772 10774
f 10952 10950 10774
f 10951 10947 10945
f 10949 10947 10951
f 10949 10951 10952
f 10952 10954 10949
f 10953 10954 10952
f 10933 10948 10955
f 10939 10933 10955
f 10948 10949 10956
f 10955 10948 10956
f 10939 10955 10957
f 10941 10939 10957
f 10955 10956 10958
f 10957 10955 10958
f 10775 10959 10960
f 10775 10960 10953
f 10953 10774 10775
f 10960 10959 10961
f 10949 10954 10962
f 10956 10949 10962
f 10962 10954 10953
f 10960 10962 10953
f 10956 10962 10963
f 10958 10956 10963
f 10963 10962 10960
f 10963 10960 10961
f 10961 10964 10963
f 10789 10959 10775
f 10965 10966 10961
f 10789 10790 10965
f 10961 10789 10965
f 10961 10959 10789
f 10791 10965 10790
f 10966 10964 10961
f 10919 10967 3791
f 3791 3695 10919
f 10920 10968 10967
f 10967 10919 10920
f 10967 10969 3793
f 3793 3791 10967
f 10968 10970 10969
f 10969 10967 10968
f 10971 10972 10973
f 10923 10974 10968
f 10968 10920 10923
f 10924 10975 10974
f 10974 10923 10924
f 10974 10976 10970
f 10970 10968 10974
f 10974 10975 10971
f 10974 10971 10973
f 10973 10976 10974
f 10977 3804 3803
f 10978 10979 10980
f 3806 3804 10977
f 10981 3806 10977
f 10982 10981 10977
f 10981 10982 10980
f 10980 10983 10981
f 10980 10979 10983
f 10969 10984 10977
f 3793 10969 10977
f 3803 3793 10977
f 10970 10978 10980
f 10980 10969 10970
f 10980 10984 10969
f 10977 10984 10982
f 10982 10984 10980
f 10985 10979 10978
f 10986 10985 10978
f 10985 10986 10973
f 10973 10987 10985
f 10973 10972 10987
f 10985 10988 10983
f 10983 10979 10985
f 10987 10989 10988
f 10988 10985 10987
f 10970 10976 10986
f 10978 10970 10986
f 10986 10976 10973
f 10990 10972 10971
f 10991 10990 10971
f 10990 10991 10992
f 10992 10993 10990
f 10936 10994 10975
f 10975 10924 10936
f 10936 10937 10995
f 10994 10936 10995
f 10975 10994 10991
f 10971 10975 10991
f 10995 10992 10991
f 10991 10994 10995
f 10996 10993 10992
f 10937 10940 10997
f 10995 10937 10997
f 10940 10941 10998
f 10997 10940 10998
f 10997 10999 10996
f 10997 10996 10992
f 10992 10995 10997
f 10997 10998 11000
f 10999 10997 11000
f 10990 11001 10987
f 10987 10972 10990
f 10990 10993 11002
f 11001 10990 11002
f 11001 11003 10989
f 10989 10987 11001
f 11001 11002 11004
f 11003 11001 11004
f 11002 10993 10996
f 11002 10996 11005
f 11005 11006 11002
f 11006 11005 11007
f 11007 11008 11006
f 11002 11006 11009
f 11004 11002 11009
f 11006 11008 11010
f 11009 11006 11010
f 10996 10999 11005
f 11000 11007 11005
f 11005 10999 11000
f 3806 10981 11011
f 3834 3806 11011
f 10981 10983 11012
f 11011 10981 11012
f 3834 11011 11013
f 3836 3834 11013
f 11011 11012 11014
f 11013 11011 11014
f 10983 10988 11015
f 11012 10983 11015
f 10988 10989 11016
f 11015 10988 11016
f 11012 11015 11017
f 11014 11012 11017
f 11015 11016 11018
f 11017 11015 11018
f 3836 11013 11019
f 3842 3836 11019
f 11013 11014 11020
f 11019 11013 11020
f 3842 11019 11021
f 3844 3842 11021
f 11019 11020 11022
f 11021 11019 11022
f 11014 11017 11023
f 11020 11014 11023
f 11017 11018 11024
f 11023 11017 11024
f 11020 11023 11025
f 11022 11020 11025
f 11023 11024 11026
f 11025 11023 11026
f 10989 11003 11027
f 11016 10989 11027
f 11003 11004 11028
f 11027 11003 11028
f 11016 11027 11029
f 11018 11016 11029
f 11028 11030 11029
f 11029 11027 11028
f 11009 11031 11028
f 11028 11004 11009
f 11010 11032 11031
f 11031 11009 11010
f 11031 11033 11030
f 11030 11028 11031
f 11031 11032 11034
f 11033 11031 11034
f 11035 11033 11034
f 11034 11036 11035
f 11018 11029 11037
f 11024 11018 11037
f 11030 11038 11037
f 11037 11029 11030
f 11024 11037 11039
f 11026 11024 11039
f 11037 11038 11040
f 11039 11037 11040
f 11033 11041 11038
f 11038 11030 11033
f 11033 11035 11042
f 11042 11041 11033
f 11041 11043 11040
f 11040 11038 11041
f 11041 11042 11044
f 11044 11043 11041
f 11045 11042 11035
f 11035 11036 11045
f 11046 11044 11042
f 11042 11045 11046
f 10941 10957 11047
f 10998 10941 11047
f 10957 10958 11048
f 11047 10957 11048
f 10998 11047 11049
f 11000 10998 11049
f 11047 11048 11050
f 11049 11047 11050
f 10963 11051 11048
f 11048 10958 10963
f 10963 10964 11052
f 11051 10963 11052
f 11048 11051 11053
f 11050 11048 11053
f 11052 11054 11053
f 11053 11051 11052
f 11055 11008 11007
f 11010 11008 11055
f 11056 11010 11055
f 11049 11057 11055
f 11000 11049 11055
f 11007 11000 11055
f 11049 11050 11058
f 11057 11049 11058
f 11057 11059 11056
f 11055 11057 11056
f 11057 11058 11060
f 11059 11057 11060
f 11050 11053 11061
f 11058 11050 11061
f 11054 11062 11061
f 11061 11053 11054
f 11058 11061 11063
f 11060 11058 11063
f 11062 11064 11063
f 11063 11061 11062
f 10965 11065 11066
f 10966 10965 11066
f 10965 10791 10847
f 10847 11065 10965
f 11066 11065 11067
f 10847 10849 11068
f 10847 11068 11067
f 11067 11065 10847
f 11052 10964 10966
f 11066 11052 10966
f 11052 11066 11067
f 11054 11052 11067
f 11067 11069 11054
f 11068 11069 11067
f 11070 11071 11068
f 11068 10852 11070
f 11068 10849 10852
f 11072 11073 11071
f 11071 11070 11072
f 11069 11074 11062
f 11062 11054 11069
f 11074 11069 11068
f 11071 11074 11068
f 11074 11075 11064
f 11064 11062 11074
f 11074 11071 11073
f 11073 11075 11074
f 10855 11070 10852
f 11072 11070 10855
f 10856 11072 10855
f 11010 11056 11076
f 11076 11032 11010
f 11034 11032 11076
f 11077 11076 11056
f 11056 11059 11077
f 11060 11078 11077
f 11077 11059 11060
f 11079 11036 11034
f 11079 11034 11076
f 11076 11077 11079
f 11078 11080 11079
f 11079 11077 11078
f 11060 11063 11081
f 11078 11060 11081
f 11064 11082 11081
f 11081 11063 11064
f 11081 11083 11080
f 11080 11078 11081
f 11082 11084 11083
f 11083 11081 11082
f 11079 11085 11045
f 11045 11036 11079
f 11080 11086 11085
f 11085 11079 11080
f 11085 11087 11046
f 11046 11045 11085
f 11086 11088 11087
f 11087 11085 11086
f 11080 11083 11089
f 11086 11080 11089
f 11084 11090 11089
f 11089 11083 11084
f 11089 11091 11088
f 11088 11086 11089
f 11089 11090 11092
f 11091 11089 11092
f 11093 11094 11095
f 11094 11093 11072
f 11072 11096 11094
f 11073 11072 11093
f 11097 11098 11095
f 11095 11094 11097
f 11096 11099 11097
f 11097 11094 11096
f 11064 11075 11093
f 11064 11093 11095
f 11095 11082 11064
f 11093 11075 11073
f 11082 11095 11098
f 11098 11084 11082
f 11096 11072 10856
f 10870 11096 10856
f 11099 11096 10870
f 10871 11099 10870
f 11097 11100 11101
f 11098 11097 11101
f 11097 11099 11102
f 11100 11097 11102
f 11100 11103 11104
f 11101 11100 11104
f 11100 11102 11105
f 11103 11100 11105
f 11090 11084 11098
f 11101 11090 11098
f 11092 11090 11101
f 11104 11092 11101
f 11102 11099 10871
f 10876 11102 10871
f 11102 10876 10877
f 10877 11105 11102
f 7563 234 3931
f 11106 7563 3931
f 7564 7563 11106
f 11107 7564 11106
f 3931 3935 11108
f 11106 3931 11108
f 11109 11106 11108
f 11106 11109 11110
f 11106 11110 11111
f 11111 11107 11106
f 11112 11111 11110
f 7564 11107 11113
f 7564 11113 11114
f 11114 7574 7564
f 11115 11114 11113
f 7574 11114 11116
f 7576 7574 11116
f 11114 11115 11117
f 11116 11114 11117
f 11113 11107 11111
f 11118 11113 11111
f 11118 11119 11120
f 11120 11113 11118
f 11120 11115 11113
f 11118 11111 11112
f 11121 11118 11112
f 11118 11121 11122
f 11119 11118 11122
f 11115 11120 11123
f 11123 11117 11115
f 11124 7620 7576
f 11124 7576 11116
f 11116 11125 11124
f 11124 11126 7622
f 7622 7620 11124
f 11124 11125 11127
f 11126 11124 11127
f 11128 7625 7622
f 11126 11128 7622
f 7625 11128 11129
f 7626 7625 11129
f 11128 11126 11127
f 11127 11130 11128
f 11130 11131 11129
f 11129 11128 11130
f 11132 11125 11116
f 11132 11116 11133
f 11133 11134 11132
f 11117 11133 11116
f 11125 11132 11135
f 11127 11125 11135
f 11132 11134 11136
f 11135 11132 11136
f 11130 11127 11135
f 11135 11137 11130
f 11137 11138 11131
f 11131 11130 11137
f 11137 11135 11136
f 11136 11139 11137
f 11139 11140 11138
f 11138 11137 11139
f 11129 11141 11142
f 7626 11129 11142
f 7632 7626 11142
f 11131 11143 11144
f 11129 11131 11144
f 11144 11141 11129
f 11142 7635 7632
f 11143 11145 11144
f 11131 11138 11146
f 11143 11131 11146
f 11138 11140 11147
f 11146 11138 11147
f 11146 11148 11149
f 11145 11143 11146
f 11149 11145 11146
f 11146 11147 11150
f 11148 11146 11150
f 11119 11151 11120
f 11152 11151 11119
f 11152 11119 11122
f 11153 11154 11152
f 11122 11153 11152
f 11155 11133 11117
f 11123 11155 11117
f 11134 11133 11155
f 11156 11134 11155
f 11157 11155 11123
f 11157 11123 11120
f 11120 11151 11157
f 11155 11157 11158
f 11155 11158 11159
f 11159 11156 11155
f 11158 11160 11159
f 11134 11156 11161
f 11136 11134 11161
f 11161 11156 11159
f 11136 11161 11162
f 11136 11162 11163
f 11163 11139 11136
f 11140 11139 11163
f 11160 11164 11162
f 11162 11159 11160
f 11162 11161 11159
f 11157 11151 11152
f 11165 11157 11152
f 11157 11165 11166
f 11158 11157 11166
f 11152 11154 11167
f 11152 11167 11168
f 11168 11165 11152
f 11166 11165 11168
f 11166 11169 11170
f 11158 11166 11170
f 11170 11160 11158
f 11167 11171 11168
f 11171 11172 11169
f 11169 11168 11171
f 11169 11166 11168
f 11164 11160 11170
f 11162 11173 11163
f 11173 11174 11147
f 11163 11173 11147
f 11147 11140 11163
f 11162 11164 11175
f 11173 11162 11175
f 11176 11173 11175
f 11174 11173 11176
f 11147 11174 11177
f 11150 11147 11177
f 11175 11178 11179
f 11179 11176 11175
f 11176 11179 11177
f 11177 11174 11176
f 11169 11180 11170
f 11172 11181 11182
f 11180 11169 11172
f 11182 11180 11172
f 11181 11183 11184
f 11184 11182 11181
f 11180 11185 11175
f 11170 11180 11175
f 11175 11164 11170
f 11185 11180 11182
f 11175 11185 11186
f 11178 11175 11186
f 11182 11184 11186
f 11186 11185 11182
f 11108 3935 3989
f 11187 11108 3989
f 11109 11108 11187
f 11188 11109 11187
f 11187 3989 3991
f 11189 11187 3991
f 11188 11187 11189
f 11190 11188 11189
f 11110 11109 11188
f 11191 11110 11188
f 11112 11110 11191
f 11192 11112 11191
f 11191 11188 11190
f 11193 11191 11190
f 11191 11193 11194
f 11191 11194 11195
f 11195 11192 11191
f 11189 3991 3995
f 11196 11189 3995
f 11189 11196 11197
f 11197 11190 11189
f 11190 11197 11198
f 11193 11190 11199
f 11199 11200 11193
f 11198 11199 11190
f 11194 11193 11200
f 11201 11195 11202
f 11202 11203 11201
f 11194 11202 11195
f 11204 11205 11196
f 11204 11196 3995
f 3995 4037 11204
f 11206 11207 11197
f 11206 11197 11196
f 11196 11205 11206
f 11204 4037 4045
f 11208 11204 4045
f 11204 11208 11209
f 11209 11205 11204
f 11210 11208 4045
f 4045 4047 11210
f 11210 11211 11209
f 11208 11210 11209
f 4047 4049 11212
f 11212 11210 4047
f 11211 11210 11212
f 11213 11211 11212
f 11205 11209 11214
f 11214 11206 11205
f 11206 11214 11215
f 11215 11207 11206
f 11211 11216 11214
f 11209 11211 11214
f 11216 11217 11215
f 11214 11216 11215
f 11216 11211 11213
f 11218 11216 11213
f 11217 11216 11218
f 11219 11217 11218
f 11212 4049 4058
f 11220 11212 4058
f 11212 11220 11221
f 11221 11213 11212
f 11222 11220 4058
f 4058 4061 11222
f 11222 11223 11221
f 11220 11222 11221
f 11213 11221 11224
f 11224 11218 11213
f 11218 11224 11225
f 11225 11219 11218
f 11223 11226 11224
f 11224 11221 11223
f 11227 11224 11226
f 11224 11227 11228
f 11228 11225 11224
f 11198 11229 11199
f 11230 11200 11199
f 11199 11229 11230
f 11231 11229 11198
f 11207 11231 11198
f 11197 11207 11198
f 11231 11232 11230
f 11230 11229 11231
f 11233 11230 11232
f 11232 11234 11233
f 11235 11202 11194
f 11230 11235 11194
f 11200 11230 11194
f 11202 11235 11236
f 11203 11202 11236
f 11237 11203 11236
f 11230 11233 11238
f 11238 11235 11230
f 11236 11235 11238
f 11236 11239 11237
f 11234 11240 11238
f 11233 11234 11238
f 11240 11241 11242
f 11242 11238 11240
f 11236 11238 11242
f 11242 11239 11236
f 11207 11215 11243
f 11243 11231 11207
f 11232 11231 11243
f 11215 11217 11244
f 11243 11215 11244
f 11245 11243 11244
f 11232 11243 11245
f 11232 11245 11246
f 11246 11234 11232
f 11244 11217 11219
f 11240 11234 11246
f 11247 11240 11246
f 11241 11240 11247
f 11242 11241 11248
f 11249 11242 11248
f 11249 11248 11250
f 11251 11249 11250
f 11244 11252 11245
f 11252 11253 11246
f 11246 11245 11252
f 11254 11246 11253
f 11244 11219 11225
f 11244 11225 11255
f 11255 11252 11244
f 11253 11252 11255
f 11253 11256 11254
f 11225 11228 11257
f 11257 11255 11225
f 11253 11255 11257
f 11256 11253 11257
f 11258 11256 11257
f 11246 11254 11259
f 11259 11247 11246
f 11241 11247 11259
f 11248 11241 11259
f 11256 11260 11261
f 11259 11254 11256
f 11261 11259 11256
f 11248 11259 11261
f 11250 11248 11261
f 11260 11256 11258
f 11112 11192 11262
f 11112 11262 11263
f 11263 11121 11112
f 11122 11121 11263
f 11262 11192 11195
f 11264 11263 11262
f 11265 11266 11264
f 11262 11265 11264
f 11267 11153 11122
f 11267 11122 11263
f 11263 11264 11267
f 11267 11268 11269
f 11154 11153 11267
f 11269 11154 11267
f 11270 11271 11267
f 11267 11264 11266
f 11267 11266 11270
f 11268 11267 11271
f 11268 11272 11269
f 11270 11273 11271
f 11271 11273 11274
f 11268 11271 11274
f 11268 11274 11275
f 11275 11272 11268
f 11276 11265 11262
f 11276 11262 11195
f 11195 11201 11276
f 11266 11265 11276
f 11277 11266 11276
f 11203 11278 11276
f 11276 11201 11203
f 11279 11276 11278
f 11276 11279 11280
f 11280 11277 11276
f 11278 11281 11279
f 11279 11281 11282
f 11280 11279 11282
f 11283 11280 11282
f 11266 11277 11284
f 11270 11266 11284
f 11284 11277 11280
f 11284 11285 11286
f 11286 11270 11284
f 11286 11273 11270
f 11274 11273 11286
f 11283 11285 11284
f 11284 11280 11283
f 11274 11287 11275
f 11282 11288 11283
f 11285 11289 11286
f 11289 11290 11287
f 11274 11286 11289
f 11287 11274 11289
f 11291 11287 11290
f 11288 11292 11289
f 11288 11289 11285
f 11285 11283 11288
f 11293 11289 11292
f 11290 11289 11293
f 11290 11294 11295
f 11295 11291 11290
f 11292 11296 11297
f 11297 11293 11292
f 11290 11293 11297
f 11294 11290 11297
f 11167 11154 11269
f 11269 11272 11298
f 11167 11269 11298
f 11171 11167 11298
f 11299 11171 11298
f 11172 11171 11299
f 11298 11272 11275
f 11298 11300 11301
f 11301 11299 11298
f 11299 11301 11181
f 11181 11172 11299
f 11287 11302 11298
f 11298 11275 11287
f 11300 11298 11302
f 11300 11303 11301
f 11303 11304 11181
f 11181 11301 11303
f 11183 11181 11304
f 11302 11305 11303
f 11303 11300 11302
f 11306 11303 11305
f 11304 11303 11306
f 11302 11287 11291
f 11291 11295 11305
f 11305 11302 11291
f 11278 11203 11237
f 11237 11239 11307
f 11237 11307 11308
f 11308 11278 11237
f 11308 11281 11278
f 11282 11281 11308
f 11307 11239 11242
f 11307 11309 11308
f 11309 11310 11311
f 11308 11309 11311
f 11288 11282 11308
f 11311 11288 11308
f 11242 11249 11309
f 11309 11307 11242
f 11312 11309 11249
f 11310 11309 11312
f 11311 11310 11313
f 11314 11311 11313
f 11249 11251 11315
f 11315 11312 11249
f 11310 11312 11315
f 11313 11310 11315
f 11292 11288 11311
f 11292 11311 11314
f 11296 11292 11314
f 11142 11141 11316
f 11316 11141 11144
f 11142 11316 11317
f 11142 11317 7637
f 7637 7635 11142
f 11145 11318 11317
f 11317 11144 11145
f 11317 11316 11144
f 11318 11145 11149
f 4061 4062 11319
f 11319 11222 4061
f 11223 11222 11319
f 11320 11223 11319
f 11226 11223 11320
f 11321 11322 11323
f 11149 11148 11324
f 11325 11149 11324
f 11150 11326 11324
f 11324 11148 11150
f 11325 11324 11327
f 11322 11325 11327
f 11323 11322 11327
f 11326 11328 11327
f 11327 11324 11326
f 11329 11330 7860
f 7860 7859 11329
f 11321 11323 11331
f 11329 11321 11331
f 11330 11329 11331
f 7860 11330 11332
f 7862 7860 11332
f 11331 11333 11332
f 11332 11330 11331
f 11327 11334 11331
f 11331 11323 11327
f 11328 11335 11334
f 11334 11327 11328
f 11334 11336 11333
f 11333 11331 11334
f 11335 11337 11336
f 11336 11334 11335
f 11177 11338 11326
f 11326 11150 11177
f 11178 11339 11340
f 11340 11179 11178
f 11179 11340 11338
f 11338 11177 11179
f 11338 11341 11328
f 11328 11326 11338
f 11340 11339 11342
f 11343 11340 11342
f 11338 11340 11343
f 11341 11338 11343
f 11184 11183 11344
f 11345 11184 11344
f 11345 11344 11346
f 11347 11345 11346
f 11186 11348 11339
f 11339 11178 11186
f 11186 11184 11345
f 11348 11186 11345
f 11348 11349 11342
f 11342 11339 11348
f 11348 11345 11347
f 11349 11348 11347
f 11341 11350 11335
f 11335 11328 11341
f 11343 11342 11351
f 11352 11343 11351
f 11341 11343 11352
f 11350 11341 11352
f 11350 11353 11337
f 11337 11335 11350
f 11352 11351 11354
f 11355 11352 11354
f 11350 11352 11355
f 11353 11350 11355
f 11347 11346 11356
f 11357 11347 11356
f 11357 11356 11358
f 11359 11357 11358
f 11349 11360 11351
f 11351 11342 11349
f 11349 11347 11357
f 11360 11349 11357
f 11360 11361 11354
f 11354 11351 11360
f 11360 11357 11359
f 11361 11360 11359
f 7862 11332 11362
f 7892 7862 11362
f 11333 11363 11362
f 11362 11332 11333
f 7892 11362 11364
f 7894 7892 11364
f 11362 11363 11365
f 11364 11362 11365
f 11336 11366 11363
f 11363 11333 11336
f 11337 11367 11366
f 11366 11336 11337
f 11363 11366 11368
f 11365 11363 11368
f 11366 11367 11369
f 11368 11366 11369
f 7894 11364 11370
f 7900 7894 11370
f 11364 11365 11371
f 11370 11364 11371
f 11370 11372 11373
f 7903 7900 11370
f 11373 7903 11370
f 11370 11371 11374
f 11372 11370 11374
f 11365 11368 11375
f 11371 11365 11375
f 11368 11369 11376
f 11375 11368 11376
f 11371 11375 11377
f 11374 11371 11377
f 11375 11376 11378
f 11377 11375 11378
f 11337 11353 11379
f 11367 11337 11379
f 11354 11380 11381
f 11381 11355 11354
f 11353 11355 11381
f 11379 11353 11381
f 11367 11379 11382
f 11369 11367 11382
f 11380 11383 11384
f 11384 11381 11380
f 11381 11384 11382
f 11382 11379 11381
f 11359 11358 11385
f 11386 11359 11385
f 11385 11387 11388
f 11388 11386 11385
f 11354 11361 11389
f 11380 11354 11389
f 11361 11359 11386
f 11389 11361 11386
f 11380 11389 11390
f 11383 11380 11390
f 11389 11386 11388
f 11390 11389 11388
f 11369 11382 11391
f 11376 11369 11391
f 11383 11392 11393
f 11393 11384 11383
f 11384 11393 11391
f 11391 11382 11384
f 11391 11394 11378
f 11378 11376 11391
f 11392 11395 11396
f 11396 11393 11392
f 11393 11396 11394
f 11394 11391 11393
f 11388 11387 11397
f 11398 11388 11397
f 11397 11399 11400
f 11400 11398 11397
f 11383 11390 11401
f 11392 11383 11401
f 11388 11398 11401
f 11401 11390 11388
f 11392 11401 11402
f 11395 11392 11402
f 11398 11400 11402
f 11402 11401 11398
f 11403 4303 4304
f 11403 4304 4306
f 11404 11403 4306
f 11227 11226 11405
f 11406 11227 11405
f 11227 11406 11407
f 11407 11228 11227
f 11405 11408 11409
f 11409 11406 11405
f 11407 11406 11409
f 11410 11407 11409
f 11404 4306 4314
f 11411 11404 4314
f 11412 11411 4314
f 11413 11411 11412
f 11414 11413 11412
f 4314 4316 11415
f 11415 11412 4314
f 11412 11415 11416
f 11416 11414 11412
f 11413 11414 11409
f 11409 11408 11413
f 11417 11409 11414
f 11410 11409 11417
f 11418 11410 11417
f 11417 11414 11416
f 11419 11417 11416
f 11418 11417 11419
f 11420 11418 11419
f 11250 11421 11251
f 11228 11407 11422
f 11422 11257 11228
f 11257 11422 11423
f 11423 11258 11257
f 11422 11407 11410
f 11424 11422 11410
f 11423 11422 11424
f 11425 11423 11424
f 11261 11260 11426
f 11427 11261 11426
f 11261 11427 11421
f 11421 11250 11261
f 11428 11421 11427
f 11260 11258 11423
f 11426 11260 11423
f 11427 11426 11429
f 11430 11427 11429
f 11427 11430 11431
f 11431 11428 11427
f 11426 11423 11425
f 11429 11426 11425
f 11432 11433 11434
f 11434 11435 11436
f 11436 11432 11434
f 11424 11410 11418
f 11437 11424 11418
f 11425 11424 11437
f 11438 11425 11437
f 11437 11418 11420
f 11439 11437 11420
f 11438 11437 11439
f 11440 11438 11439
f 11430 11429 11441
f 11442 11430 11441
f 11430 11442 11433
f 11433 11431 11430
f 11434 11433 11442
f 11425 11438 11441
f 11441 11429 11425
f 11441 11443 11444
f 11444 11442 11441
f 11442 11444 11435
f 11435 11434 11442
f 11438 11440 11443
f 11443 11441 11438
f 11415 4316 4354
f 11445 11415 4354
f 11415 11445 11446
f 11446 11416 11415
f 11445 4354 4356
f 11447 11445 4356
f 11445 11447 11448
f 11448 11446 11445
f 11419 11416 11446
f 11449 11419 11446
f 11420 11419 11449
f 11450 11420 11449
f 11449 11446 11448
f 11451 11449 11448
f 11450 11449 11451
f 11452 11450 11451
f 4356 4364 11453
f 11453 11447 4356
f 11448 11447 11453
f 11454 11448 11453
f 4364 4366 11455
f 11455 11453 4364
f 11453 11455 11456
f 11456 11454 11453
f 11448 11454 11457
f 11457 11451 11448
f 11451 11457 11458
f 11458 11452 11451
f 11454 11456 11459
f 11459 11457 11454
f 11457 11459 11460
f 11460 11458 11457
f 11435 11461 11462
f 11462 11436 11435
f 11462 11461 11463
f 11464 11462 11463
f 11465 11466 11467
f 11439 11420 11450
f 11468 11439 11450
f 11439 11468 11466
f 11466 11440 11439
f 11467 11466 11468
f 11467 11469 11470
f 11470 11465 11467
f 11468 11450 11452
f 11471 11468 11452
f 11468 11471 11469
f 11469 11467 11468
f 11466 11465 11472
f 11444 11443 11466
f 11472 11444 11466
f 11435 11444 11472
f 11461 11435 11472
f 11440 11466 11443
f 11472 11465 11470
f 11473 11472 11470
f 11461 11472 11473
f 11463 11461 11473
f 11464 11463 11474
f 11475 11464 11474
f 11475 11474 11476
f 11477 11475 11476
f 11469 11478 11479
f 11479 11470 11469
f 11452 11458 11480
f 11480 11471 11452
f 11471 11480 11478
f 11478 11469 11471
f 11479 11478 11481
f 11482 11479 11481
f 11458 11460 11483
f 11483 11480 11458
f 11478 11480 11483
f 11481 11478 11483
f 11473 11470 11479
f 11484 11473 11479
f 11463 11473 11484
f 11474 11463 11484
f 11479 11482 11485
f 11485 11484 11479
f 11474 11484 11485
f 11476 11474 11485
f 11294 11486 11487
f 11487 11295 11294
f 11296 11488 11489
f 11489 11297 11296
f 11294 11297 11489
f 11486 11294 11489
f 11487 11486 11490
f 11491 11487 11490
f 11489 11488 11492
f 11493 11489 11492
f 11489 11493 11490
f 11490 11486 11489
f 11491 11490 11494
f 11495 11491 11494
f 11493 11492 11496
f 11497 11493 11496
f 11493 11497 11494
f 11494 11490 11493
f 11494 11498 11499
f 11499 11495 11494
f 11497 11496 11500
f 11501 11497 11500
f 11494 11497 11501
f 11498 11494 11501
f 11304 11502 11344
f 11344 11183 11304
f 11306 11305 11503
f 11504 11306 11503
f 11306 11504 11502
f 11502 11304 11306
f 11502 11505 11346
f 11346 11344 11502
f 11504 11503 11506
f 11507 11504 11506
f 11502 11504 11507
f 11505 11502 11507
f 11305 11295 11487
f 11503 11305 11487
f 11503 11487 11491
f 11506 11503 11491
f 11508 11509 11510
f 11509 11508 11356
f 11346 11505 11509
f 11356 11346 11509
f 11506 11511 11509
f 11509 11507 11506
f 11510 11509 11511
f 11507 11509 11505
f 11510 11512 11513
f 11513 11508 11510
f 11508 11513 11358
f 11358 11356 11508
f 11511 11514 11512
f 11512 11510 11511
f 11506 11491 11495
f 11511 11506 11495
f 11511 11495 11499
f 11514 11511 11499
f 11314 11313 11515
f 11516 11314 11515
f 11421 11517 11315
f 11315 11251 11421
f 11518 11315 11517
f 11315 11518 11515
f 11515 11313 11315
f 11515 11519 11520
f 11520 11516 11515
f 11518 11517 11521
f 11522 11518 11521
f 11515 11518 11522
f 11519 11515 11522
f 11314 11516 11488
f 11488 11296 11314
f 11516 11520 11492
f 11492 11488 11516
f 11517 11421 11428
f 11428 11431 11521
f 11521 11517 11428
f 11519 11523 11524
f 11524 11520 11519
f 11433 11432 11525
f 11522 11521 11433
f 11525 11522 11433
f 11519 11522 11525
f 11523 11519 11525
f 11524 11523 11526
f 11527 11524 11526
f 11525 11432 11436
f 11528 11525 11436
f 11525 11528 11526
f 11526 11523 11525
f 11520 11524 11496
f 11496 11492 11520
f 11524 11527 11500
f 11500 11496 11524
f 11431 11433 11521
f 11498 11529 11530
f 11530 11499 11498
f 11501 11500 11531
f 11532 11501 11531
f 11498 11501 11532
f 11529 11498 11532
f 11529 11533 11534
f 11534 11530 11529
f 11531 11535 11536
f 11536 11532 11531
f 11532 11536 11533
f 11533 11529 11532
f 11533 11537 11538
f 11538 11534 11533
f 11535 11539 11540
f 11540 11536 11535
f 11533 11536 11540
f 11537 11533 11540
f 11537 11541 11542
f 11542 11538 11537
f 11539 11543 11544
f 11544 11540 11539
f 11540 11544 11541
f 11541 11537 11540
f 11513 11512 11545
f 11546 11513 11545
f 11358 11513 11546
f 11385 11358 11546
f 11514 11547 11545
f 11545 11512 11514
f 11546 11545 11548
f 11549 11546 11548
f 11385 11546 11549
f 11387 11385 11549
f 11545 11547 11550
f 11548 11545 11550
f 11514 11499 11530
f 11547 11514 11530
f 11530 11534 11550
f 11550 11547 11530
f 11548 11551 11552
f 11552 11549 11548
f 11549 11552 11397
f 11397 11387 11549
f 11548 11550 11553
f 11551 11548 11553
f 11551 11554 11552
f 11554 11555 11399
f 11397 11552 11554
f 11399 11397 11554
f 11553 11556 11554
f 11554 11551 11553
f 11557 11554 11556
f 11555 11554 11557
f 11534 11538 11553
f 11553 11550 11534
f 11538 11542 11556
f 11556 11553 11538
f 11527 11526 11558
f 11559 11527 11558
f 11436 11462 11560
f 11560 11528 11436
f 11528 11560 11558
f 11558 11526 11528
f 11558 11561 11562
f 11562 11559 11558
f 11462 11464 11563
f 11563 11560 11462
f 11558 11560 11563
f 11561 11558 11563
f 11527 11559 11531
f 11531 11500 11527
f 11559 11562 11535
f 11535 11531 11559
f 11561 11564 11565
f 11565 11562 11561
f 11464 11475 11566
f 11566 11563 11464
f 11561 11563 11566
f 11564 11561 11566
f 11564 11567 11568
f 11568 11565 11564
f 11475 11477 11569
f 11569 11566 11475
f 11564 11566 11569
f 11567 11564 11569
f 11535 11562 11565
f 11539 11535 11565
f 11539 11565 11568
f 11543 11539 11568
f 11372 11570 11571
f 11571 11373 11372
f 11372 11374 11572
f 11570 11372 11572
f 11571 11570 11573
f 11574 11571 11573
f 11570 11572 11575
f 11573 11570 11575
f 11374 11377 11576
f 11572 11374 11576
f 11378 11577 11576
f 11576 11377 11378
f 11576 11578 11575
f 11575 11572 11576
f 11577 11579 11578
f 11578 11576 11577
f 11573 11580 11574
f 11575 11581 11580
f 11580 11573 11575
f 11582 11580 11581
f 11581 11583 11584
f 11584 11582 11581
f 11575 11578 11585
f 11581 11575 11585
f 11578 11579 11586
f 11585 11578 11586
f 11581 11585 11587
f 11583 11581 11587
f 11585 11586 11588
f 11587 11585 11588
f 11394 11589 11577
f 11577 11378 11394
f 11396 11395 11590
f 11591 11396 11590
f 11394 11396 11591
f 11589 11394 11591
f 11589 11592 11579
f 11579 11577 11589
f 11591 11590 11593
f 11594 11591 11593
f 11591 11594 11592
f 11592 11589 11591
f 11399 11595 11596
f 11596 11400 11399
f 11595 11597 11598
f 11598 11596 11595
f 11395 11402 11599
f 11590 11395 11599
f 11400 11596 11599
f 11599 11402 11400
f 11590 11599 11600
f 11593 11590 11600
f 11596 11598 11600
f 11600 11599 11596
f 11579 11592 11601
f 11586 11579 11601
f 11593 11602 11603
f 11603 11594 11593
f 11594 11603 11601
f 11601 11592 11594
f 11586 11601 11604
f 11588 11586 11604
f 11602 11605 11606
f 11606 11603 11602
f 11603 11606 11604
f 11604 11601 11603
f 11597 11607 11608
f 11608 11598 11597
f 11607 11609 11610
f 11610 11608 11607
f 11593 11600 11611
f 11602 11593 11611
f 11598 11608 11611
f 11611 11600 11598
f 11602 11611 11612
f 11605 11602 11612
f 11608 11610 11612
f 11612 11611 11608
f 11583 11613 11584
f 11587 11614 11613
f 11613 11583 11587
f 11615 11613 11614
f 11587 11588 11616
f 11614 11587 11616
f 11614 11617 11618
f 11618 11615 11614
f 11614 11616 11619
f 11617 11614 11619
f 11617 11620 11621
f 11621 11618 11617
f 11617 11619 11622
f 11620 11617 11622
f 11620 11623 11624
f 11624 11621 11620
f 11620 11622 11625
f 11623 11620 11625
f 11588 11604 11626
f 11616 11588 11626
f 11605 11627 11628
f 11628 11606 11605
f 11606 11628 11626
f 11626 11604 11606
f 11616 11626 11629
f 11619 11616 11629
f 11627 11630 11631
f 11631 11628 11627
f 11628 11631 11629
f 11629 11626 11628
f 11609 11632 11633
f 11633 11610 11609
f 11633 11632 11634
f 11635 11633 11634
f 11605 11612 11636
f 11627 11605 11636
f 11612 11610 11633
f 11636 11612 11633
f 11627 11636 11637
f 11630 11627 11637
f 11636 11633 11635
f 11637 11636 11635
f 11619 11629 11638
f 11622 11619 11638
f 11630 11639 11640
f 11640 11631 11630
f 11631 11640 11638
f 11638 11629 11631
f 11622 11638 11641
f 11625 11622 11641
f 11639 11642 11643
f 11643 11640 11639
f 11640 11643 11641
f 11641 11638 11640
f 11634 11644 11645
f 11645 11635 11634
f 11644 11646 11647
f 11647 11645 11644
f 11630 11637 11648
f 11639 11630 11648
f 11635 11645 11648
f 11648 11637 11635
f 11639 11648 11649
f 11642 11639 11649
f 11645 11647 11649
f 11649 11648 11645
f 11455 4366 4539
f 11650 11455 4539
f 11456 11455 11650
f 11651 11456 11650
f 11650 4539 4541
f 11652 11650 4541
f 11651 11650 11652
f 11653 11651 11652
f 11456 11651 11654
f 11654 11459 11456
f 11459 11654 11655
f 11655 11460 11459
f 11654 11651 11653
f 11656 11654 11653
f 11655 11654 11656
f 11657 11655 11656
f 4541 4550 11658
f 11658 11652 4541
f 11652 11658 11659
f 11659 11653 11652
f 4550 4552 11660
f 11660 11658 4550
f 11659 11658 11660
f 11661 11659 11660
f 11656 11653 11659
f 11662 11656 11659
f 11657 11656 11662
f 11663 11657 11662
f 11659 11661 11664
f 11664 11662 11659
f 11663 11662 11664
f 11665 11663 11664
f 11476 11666 11477
f 11667 11668 11669
f 11482 11481 11670
f 11671 11482 11670
f 11460 11655 11672
f 11672 11483 11460
f 11481 11483 11672
f 11670 11481 11672
f 11671 11670 11673
f 11674 11671 11673
f 11672 11655 11657
f 11675 11672 11657
f 11670 11672 11675
f 11673 11670 11675
f 11482 11671 11676
f 11676 11485 11482
f 11485 11676 11666
f 11666 11476 11485
f 11677 11666 11676
f 11671 11674 11678
f 11678 11676 11671
f 11676 11678 11668
f 11668 11677 11676
f 11669 11668 11678
f 11669 11679 11667
f 11673 11680 11681
f 11681 11674 11673
f 11675 11657 11663
f 11682 11675 11663
f 11675 11682 11680
f 11680 11673 11675
f 11680 11683 11684
f 11684 11681 11680
f 11682 11663 11665
f 11685 11682 11665
f 11682 11685 11683
f 11683 11680 11682
f 11678 11674 11681
f 11686 11678 11681
f 11678 11686 11679
f 11679 11669 11678
f 11687 11679 11686
f 11686 11681 11684
f 11688 11686 11684
f 11686 11688 11689
f 11689 11687 11686
f 11660 4552 4584
f 11690 11660 4584
f 11661 11660 11690
f 11691 11661 11690
f 11690 4584 4586
f 11692 11690 4586
f 11690 11692 11693
f 11693 11691 11690
f 11661 11691 11694
f 11694 11664 11661
f 11664 11694 11695
f 11695 11665 11664
f 11691 11693 11696
f 11696 11694 11691
f 11694 11696 11697
f 11697 11695 11694
f 4586 4595 11698
f 11698 11692 4586
f 11693 11692 11698
f 11699 11693 11698
f 4595 4597 11700
f 11700 11698 4595
f 11698 11700 11701
f 11701 11699 11698
f 11696 11693 11699
f 11702 11696 11699
f 11696 11702 11703
f 11703 11697 11696
f 11699 11701 11704
f 11704 11702 11699
f 11702 11704 11705
f 11705 11703 11702
f 11683 11706 11707
f 11707 11684 11683
f 11665 11695 11708
f 11708 11685 11665
f 11685 11708 11706
f 11706 11683 11685
f 11707 11706 11709
f 11710 11707 11709
f 11695 11697 11711
f 11711 11708 11695
f 11706 11708 11711
f 11709 11706 11711
f 11684 11707 11712
f 11712 11688 11684
f 11688 11712 11713
f 11713 11689 11688
f 11707 11710 11714
f 11714 11712 11707
f 11713 11712 11714
f 11715 11713 11714
f 11709 11716 11710
f 11697 11703 11717
f 11717 11711 11697
f 11709 11711 11717
f 11716 11709 11717
f 11718 11716 11717
f 11703 11705 11719
f 11719 11717 11703
f 11717 11719 11720
f 11720 11718 11717
f 11716 11718 11721
f 11710 11716 11721
f 11721 11714 11710
f 11714 11721 11722
f 11722 11715 11714
f 11718 11716 11718
f 11721 11718 11723
f 11724 11721 11723
f 11721 11724 11725
f 11725 11722 11721
f 11718 11718 11720
f 11723 11718 11720
f 11541 11726 11727
f 11727 11542 11541
f 11543 11728 11729
f 11729 11544 11543
f 11541 11544 11729
f 11726 11541 11729
f 11726 11730 11731
f 11731 11727 11726
f 11728 11732 11733
f 11733 11729 11728
f 11726 11729 11733
f 11730 11726 11733
f 11730 11734 11735
f 11735 11731 11730
f 11732 11736 11737
f 11737 11733 11732
f 11730 11733 11737
f 11734 11730 11737
f 11735 11734 11738
f 11739 11735 11738
f 11737 11736 11740
f 11741 11737 11740
f 11737 11741 11738
f 11738 11734 11737
f 11399 11555 11742
f 11595 11399 11742
f 11556 11743 11744
f 11744 11557 11556
f 11557 11744 11742
f 11742 11555 11557
f 11595 11742 11745
f 11597 11595 11745
f 11743 11746 11747
f 11747 11744 11743
f 11744 11747 11745
f 11745 11742 11744
f 11542 11727 11743
f 11743 11556 11542
f 11727 11731 11746
f 11746 11743 11727
f 11597 11745 11748
f 11607 11597 11748
f 11746 11749 11750
f 11750 11747 11746
f 11747 11750 11748
f 11748 11745 11747
f 11607 11748 11751
f 11609 11607 11751
f 11749 11752 11753
f 11753 11750 11749
f 11750 11753 11751
f 11751 11748 11750
f 11731 11735 11749
f 11749 11746 11731
f 11735 11739 11752
f 11752 11749 11735
f 11568 11567 11754
f 11755 11568 11754
f 11666 11756 11757
f 11569 11477 11666
f 11757 11569 11666
f 11569 11757 11754
f 11754 11567 11569
f 11755 11754 11758
f 11759 11755 11758
f 11668 11667 11760
f 11757 11756 11668
f 11760 11757 11668
f 11757 11760 11758
f 11758 11754 11757
f 11543 11568 11755
f 11728 11543 11755
f 11755 11759 11732
f 11732 11728 11755
f 11756 11666 11677
f 11677 11668 11756
f 11759 11758 11761
f 11762 11759 11761
f 11679 11763 11764
f 11760 11667 11679
f 11764 11760 11679
f 11758 11760 11764
f 11761 11758 11764
f 11762 11761 11765
f 11766 11762 11765
f 11764 11763 11767
f 11768 11764 11767
f 11761 11764 11768
f 11765 11761 11768
f 11732 11759 11762
f 11736 11732 11762
f 11736 11762 11766
f 11740 11736 11766
f 11763 11679 11687
f 11763 11687 11689
f 11767 11763 11689
f 11739 11738 11769
f 11770 11739 11769
f 11741 11740 11771
f 11772 11741 11771
f 11741 11772 11769
f 11769 11738 11741
f 11770 11769 11773
f 11774 11770 11773
f 11771 11775 11776
f 11776 11772 11771
f 11769 11772 11776
f 11773 11769 11776
f 11773 11777 11778
f 11778 11774 11773
f 11775 11779 11780
f 11780 11776 11775
f 11773 11776 11780
f 11777 11773 11780
f 11777 11781 11782
f 11782 11778 11777
f 11779 11783 11784
f 11784 11780 11779
f 11777 11780 11784
f 11781 11777 11784
f 11751 11785 11632
f 11632 11609 11751
f 11753 11752 11786
f 11787 11753 11786
f 11751 11753 11787
f 11785 11751 11787
f 11785 11788 11634
f 11634 11632 11785
f 11787 11786 11789
f 11790 11787 11789
f 11785 11787 11790
f 11788 11785 11790
f 11752 11739 11770
f 11786 11752 11770
f 11786 11770 11774
f 11789 11786 11774
f 11634 11788 11791
f 11644 11634 11791
f 11789 11792 11793
f 11793 11790 11789
f 11790 11793 11791
f 11791 11788 11790
f 11644 11791 11794
f 11646 11644 11794
f 11792 11795 11796
f 11796 11793 11792
f 11793 11796 11794
f 11794 11791 11793
f 11774 11778 11792
f 11792 11789 11774
f 11778 11782 11795
f 11795 11792 11778
f 11766 11765 11797
f 11798 11766 11797
f 11768 11767 11799
f 11800 11768 11799
f 11765 11768 11800
f 11797 11765 11800
f 11797 11801 11802
f 11802 11798 11797
f 11799 11803 11804
f 11804 11800 11799
f 11800 11804 11801
f 11801 11797 11800
f 11766 11798 11771
f 11771 11740 11766
f 11798 11802 11775
f 11775 11771 11798
f 11767 11689 11713
f 11799 11767 11713
f 11713 11715 11803
f 11803 11799 11713
f 11801 11805 11806
f 11806 11802 11801
f 11804 11803 11807
f 11808 11804 11807
f 11801 11804 11808
f 11805 11801 11808
f 11806 11805 11809
f 11810 11806 11809
f 11808 11807 11811
f 11812 11808 11811
f 11805 11808 11812
f 11809 11805 11812
f 11775 11802 11806
f 11779 11775 11806
f 11779 11806 11810
f 11783 11779 11810
f 11715 11722 11807
f 11807 11803 11715
f 11807 11722 11725
f 11811 11807 11725
f 7637 11317 11813
f 8142 7637 11813
f 11318 11814 11813
f 11813 11317 11318
f 8142 11813 11815
f 8143 8142 11815
f 11322 11321 11815
f 11813 11814 11322
f 11815 11813 11322
f 11318 11149 11325
f 11814 11318 11325
f 11325 11322 11814
f 7859 8143 11815
f 11815 11329 7859
f 11321 11329 11815
f 8145 7903 11373
f 11373 11571 8147
f 8147 8145 11373
f 8147 11571 11574
f 8149 8147 11574
f 11580 11816 8151
f 11574 11580 8151
f 8151 8149 11574
f 11816 11580 11582
f 11816 11817 8153
f 8153 8151 11816
f 11582 11584 11817
f 11817 11816 11582
f 11817 11818 8156
f 8156 8153 11817
f 11613 11819 11818
f 11817 11584 11613
f 11818 11817 11613
f 11818 11820 8158
f 8158 8156 11818
f 11818 11819 11821
f 11820 11818 11821
f 11819 11613 11615
f 11615 11618 11821
f 11821 11819 11615
f 8158 11820 11822
f 8162 8158 11822
f 11820 11821 11823
f 11822 11820 11823
f 8162 11822 11824
f 8164 8162 11824
f 11822 11823 11825
f 11824 11822 11825
f 11618 11621 11823
f 11823 11821 11618
f 11621 11624 11825
f 11825 11823 11621
f 4303 11403 11826
f 11319 4062 4303
f 11826 11319 4303
f 11320 11319 11826
f 11827 11320 11826
f 11826 11403 11404
f 11828 11826 11404
f 11827 11826 11828
f 11829 11827 11828
f 11226 11320 11827
f 11405 11226 11827
f 11827 11829 11408
f 11408 11405 11827
f 11404 11411 11828
f 11411 11413 11829
f 11828 11411 11829
f 11829 11413 11408
f 11623 11830 11624
f 11625 11831 11830
f 11830 11623 11625
f 11832 11830 11831
f 11832 11831 11833
f 11834 11832 11833
f 11835 11836 11837
f 11833 11838 11836
f 11836 11834 11833
f 11837 11836 11838
f 11835 11837 11839
f 11840 11835 11839
f 11838 11841 11839
f 11839 11837 11838
f 11625 11641 11842
f 11831 11625 11842
f 11642 11843 11844
f 11844 11643 11642
f 11643 11844 11842
f 11842 11641 11643
f 11842 11845 11833
f 11833 11831 11842
f 11844 11843 11846
f 11847 11844 11846
f 11844 11847 11845
f 11845 11842 11844
f 11647 11646 11848
f 11849 11647 11848
f 11848 11850 11851
f 11851 11849 11848
f 11642 11649 11852
f 11843 11642 11852
f 11647 11849 11852
f 11852 11649 11647
f 11843 11852 11853
f 11846 11843 11853
f 11852 11849 11851
f 11853 11852 11851
f 11845 11854 11838
f 11838 11833 11845
f 11847 11846 11855
f 11856 11847 11855
f 11845 11847 11856
f 11854 11845 11856
f 11854 11857 11841
f 11841 11838 11854
f 11856 11855 11858
f 11859 11856 11858
f 11854 11856 11859
f 11857 11854 11859
f 11851 11850 11860
f 11861 11851 11860
f 11861 11860 11862
f 11863 11861 11862
f 11853 11864 11855
f 11855 11846 11853
f 11851 11861 11864
f 11864 11853 11851
f 11864 11865 11858
f 11858 11855 11864
f 11864 11861 11863
f 11865 11864 11863
f 11866 11867 11868
f 11866 11868 11869
f 11870 11866 11869
f 11839 11871 11867
f 11867 11840 11839
f 11868 11867 11871
f 11841 11872 11871
f 11871 11839 11841
f 11871 11873 11869
f 11869 11868 11871
f 11872 11874 11873
f 11873 11871 11872
f 11869 11875 11876
f 11876 11870 11869
f 11875 11877 11878
f 11878 11876 11875
f 11869 11873 11879
f 11875 11869 11879
f 11873 11874 11880
f 11879 11873 11880
f 11875 11879 11881
f 11877 11875 11881
f 11879 11880 11882
f 11881 11879 11882
f 11857 11883 11872
f 11872 11841 11857
f 11859 11858 11884
f 11885 11859 11884
f 11857 11859 11885
f 11883 11857 11885
f 11883 11886 11874
f 11874 11872 11883
f 11885 11884 11887
f 11888 11885 11887
f 11883 11885 11888
f 11886 11883 11888
f 11862 11889 11890
f 11890 11863 11862
f 11890 11889 11891
f 11892 11890 11891
f 11865 11893 11884
f 11884 11858 11865
f 11865 11863 11890
f 11893 11865 11890
f 11893 11894 11887
f 11887 11884 11893
f 11893 11890 11892
f 11894 11893 11892
f 11874 11886 11895
f 11880 11874 11895
f 11888 11887 11896
f 11897 11888 11896
f 11886 11888 11897
f 11895 11886 11897
f 11880 11895 11898
f 11882 11880 11898
f 11896 11899 11900
f 11900 11897 11896
f 11897 11900 11898
f 11898 11895 11897
f 11892 11891 11901
f 11902 11892 11901
f 11902 11901 11903
f 11904 11902 11903
f 11894 11905 11896
f 11896 11887 11894
f 11894 11892 11902
f 11905 11894 11902
f 11896 11905 11906
f 11899 11896 11906
f 11905 11902 11904
f 11906 11905 11904
f 4597 4833 11907
f 11907 11700 4597
f 11701 11700 11907
f 11908 11701 11907
f 11907 4833 4835
f 11909 11907 4835
f 11908 11907 11909
f 11910 11908 11909
f 11701 11908 11911
f 11911 11704 11701
f 11704 11911 11912
f 11912 11705 11704
f 11911 11908 11910
f 11913 11911 11910
f 11912 11911 11913
f 11914 11912 11913
f 4835 4844 11915
f 11915 11909 4835
f 11909 11915 11916
f 11916 11910 11909
f 4844 4846 11917
f 11917 11915 4844
f 11915 11917 11918
f 11918 11916 11915
f 11913 11910 11916
f 11919 11913 11916
f 11914 11913 11919
f 11920 11914 11919
f 11919 11916 11918
f 11921 11919 11918
f 11920 11919 11921
f 11922 11920 11921
f 11705 11912 11923
f 11923 11719 11705
f 11719 11923 11924
f 11924 11720 11719
f 11923 11912 11914
f 11925 11923 11914
f 11924 11923 11925
f 11926 11924 11925
f 11724 11723 11927
f 11928 11724 11927
f 11724 11928 11929
f 11929 11725 11724
f 11723 11720 11924
f 11927 11723 11924
f 11928 11927 11930
f 11931 11928 11930
f 11928 11931 11932
f 11932 11929 11928
f 11927 11924 11926
f 11930 11927 11926
f 11925 11914 11920
f 11933 11925 11920
f 11926 11925 11933
f 11934 11926 11933
f 11933 11920 11922
f 11935 11933 11922
f 11934 11933 11935
f 11936 11934 11935
f 11930 11937 11938
f 11938 11931 11930
f 11931 11938 11939
f 11939 11932 11931
f 11926 11934 11937
f 11937 11930 11926
f 11937 11940 11941
f 11941 11938 11937
f 11939 11938 11941
f 11942 11939 11941
f 11934 11936 11940
f 11940 11937 11934
f 4846 4878 11943
f 11943 11917 4846
f 11917 11943 11944
f 11944 11918 11917
f 4878 4880 11945
f 11945 11943 4878
f 11943 11945 11946
f 11946 11944 11943
f 11921 11918 11944
f 11947 11921 11944
f 11922 11921 11947
f 11948 11922 11947
f 11944 11946 11949
f 11949 11947 11944
f 11947 11949 11950
f 11950 11948 11947
f 4880 4888 11951
f 11951 11945 4880
f 11945 11951 11952
f 11952 11946 11945
f 4888 4890 11953
f 11953 11951 4888
f 11951 11953 11954
f 11954 11952 11951
f 11949 11946 11952
f 11955 11949 11952
f 11950 11949 11955
f 11956 11950 11955
f 11955 11952 11954
f 11957 11955 11954
f 11956 11955 11957
f 11958 11956 11957
f 11935 11922 11948
f 11959 11935 11948
f 11936 11935 11959
f 11960 11936 11959
f 11959 11948 11950
f 11961 11959 11950
f 11960 11959 11961
f 11962 11960 11961
f 11941 11940 11963
f 11964 11941 11963
f 11942 11941 11964
f 11965 11942 11964
f 11940 11936 11960
f 11963 11940 11960
f 11963 11966 11967
f 11967 11964 11963
f 11965 11964 11967
f 11968 11965 11967
f 11960 11962 11966
f 11966 11963 11960
f 11961 11950 11956
f 11969 11961 11956
f 11962 11961 11969
f 11970 11962 11969
f 11971 11972 11973
f 11969 11956 11958
f 11974 11969 11958
f 11969 11974 11972
f 11972 11970 11969
f 11973 11972 11974
f 11966 11975 11976
f 11976 11967 11966
f 11968 11967 11976
f 11977 11968 11976
f 11962 11970 11975
f 11975 11966 11962
f 11972 11971 11978
f 11976 11975 11972
f 11978 11976 11972
f 11977 11976 11978
f 11979 11977 11978
f 11970 11972 11975
f 11781 11980 11981
f 11981 11782 11781
f 11783 11982 11983
f 11983 11784 11783
f 11781 11784 11983
f 11980 11781 11983
f 11981 11980 11984
f 11985 11981 11984
f 11983 11982 11986
f 11987 11983 11986
f 11983 11987 11984
f 11984 11980 11983
f 11985 11984 11988
f 11989 11985 11988
f 11987 11986 11990
f 11991 11987 11990
f 11987 11991 11988
f 11988 11984 11987
f 11988 11992 11993
f 11993 11989 11988
f 11990 11994 11995
f 11995 11991 11990
f 11988 11991 11995
f 11992 11988 11995
f 11646 11794 11996
f 11848 11646 11996
f 11795 11997 11998
f 11998 11796 11795
f 11796 11998 11996
f 11996 11794 11796
f 11996 11999 11850
f 11850 11848 11996
f 11998 11997 12000
f 12001 11998 12000
f 11996 11998 12001
f 11999 11996 12001
f 11782 11981 11997
f 11997 11795 11782
f 11981 11985 12000
f 12000 11997 11981
f 11999 12002 11860
f 11860 11850 11999
f 12001 12000 12003
f 12004 12001 12003
f 11999 12001 12004
f 12002 11999 12004
f 12002 12005 11862
f 11862 11860 12002
f 12003 12006 12007
f 12007 12004 12003
f 12002 12004 12007
f 12005 12002 12007
f 12000 11985 11989
f 12003 12000 11989
f 12003 11989 11993
f 12006 12003 11993
f 11809 12008 12009
f 12009 11810 11809
f 11812 11811 12010
f 12011 11812 12010
f 11809 11812 12011
f 12008 11809 12011
f 12009 12008 12012
f 12013 12009 12012
f 12011 12010 12014
f 12015 12011 12014
f 12011 12015 12012
f 12012 12008 12011
f 11783 11810 12009
f 11982 11783 12009
f 12009 12013 11986
f 11986 11982 12009
f 11811 11725 11929
f 12010 11811 11929
f 12010 11929 11932
f 12014 12010 11932
f 12012 12016 12017
f 12017 12013 12012
f 12015 12014 12018
f 12019 12015 12018
f 12015 12019 12016
f 12016 12012 12015
f 12017 12016 12020
f 12021 12017 12020
f 12018 12022 12023
f 12023 12019 12018
f 12019 12023 12020
f 12020 12016 12019
f 12013 12017 11990
f 11990 11986 12013
f 12017 12021 11994
f 11994 11990 12017
f 12014 11932 11939
f 12018 12014 11939
f 11939 11942 12022
f 12022 12018 11939
f 11992 12024 12025
f 12025 11993 11992
f 11995 11994 12026
f 12027 11995 12026
f 11992 11995 12027
f 12024 11992 12027
f 12025 12024 12028
f 12029 12025 12028
f 12027 12026 12030
f 12031 12027 12030
f 12027 12031 12028
f 12028 12024 12027
f 12029 12028 12032
f 12033 12029 12032
f 12031 12030 12034
f 12035 12031 12034
f 12031 12035 12032
f 12032 12028 12031
f 12032 12036 12037
f 12037 12033 12032
f 12035 12034 12038
f 12039 12035 12038
f 12035 12039 12036
f 12036 12032 12035
f 12005 12040 11889
f 11889 11862 12005
f 12006 12041 12042
f 12042 12007 12006
f 12005 12007 12042
f 12040 12005 12042
f 12040 12043 11891
f 11891 11889 12040
f 12042 12041 12044
f 12045 12042 12044
f 12040 12042 12045
f 12043 12040 12045
f 12006 11993 12025
f 12041 12006 12025
f 12041 12025 12029
f 12044 12041 12029
f 12043 12046 11901
f 11901 11891 12043
f 12044 12047 12048
f 12048 12045 12044
f 12043 12045 12048
f 12046 12043 12048
f 12046 12049 11903
f 11903 11901 12046
f 12048 12047 12050
f 12051 12048 12050
f 12048 12051 12049
f 12049 12046 12048
f 12029 12033 12047
f 12047 12044 12029
f 12033 12037 12050
f 12050 12047 12033
f 12021 12020 12052
f 12053 12021 12052
f 12022 12054 12055
f 12055 12023 12022
f 12020 12023 12055
f 12052 12020 12055
f 12052 12056 12057
f 12057 12053 12052
f 12054 12058 12059
f 12059 12055 12054
f 12052 12055 12059
f 12056 12052 12059
f 12021 12053 12026
f 12026 11994 12021
f 12053 12057 12030
f 12030 12026 12053
f 11942 11965 12054
f 12054 12022 11942
f 11965 11968 12058
f 12058 12054 11965
f 12056 12060 12061
f 12061 12057 12056
f 12058 12062 12063
f 12063 12059 12058
f 12056 12059 12063
f 12060 12056 12063
f 12061 12060 12064
f 12065 12061 12064
f 12062 12066 12067
f 12067 12063 12062
f 12060 12063 12067
f 12064 12060 12067
f 12030 12057 12061
f 12034 12030 12061
f 12034 12061 12065
f 12038 12034 12065
f 11968 11977 12062
f 12062 12058 11968
f 12062 11977 11979
f 12066 12062 11979
f 11877 12068 12069
f 12069 11878 11877
f 12069 12068 12070
f 12071 12069 12070
f 11877 11881 12072
f 12068 11877 12072
f 11881 11882 12073
f 12072 11881 12073
f 12072 12074 12070
f 12070 12068 12072
f 12072 12073 12075
f 12074 12072 12075
f 12070 12076 12077
f 12077 12071 12070
f 12076 12078 12079
f 12079 12077 12076
f 12074 12080 12076
f 12076 12070 12074
f 12075 12081 12080
f 12080 12074 12075
f 12076 12080 12082
f 12078 12076 12082
f 12081 12083 12082
f 12082 12080 12081
f 11882 11898 12084
f 12073 11882 12084
f 11899 12085 12086
f 12086 11900 11899
f 11900 12086 12084
f 12084 11898 11900
f 12073 12084 12087
f 12075 12073 12087
f 12085 12088 12089
f 12089 12086 12085
f 12086 12089 12087
f 12087 12084 12086
f 11903 12090 12091
f 12091 11904 11903
f 12090 12092 12093
f 12093 12091 12090
f 11899 11906 12094
f 12085 11899 12094
f 11904 12091 12094
f 12094 11906 11904
f 12085 12094 12095
f 12088 12085 12095
f 12091 12093 12095
f 12095 12094 12091
f 12087 12096 12081
f 12081 12075 12087
f 12089 12088 12097
f 12098 12089 12097
f 12087 12089 12098
f 12096 12087 12098
f 12096 12099 12083
f 12083 12081 12096
f 12098 12097 12100
f 12101 12098 12100
f 12096 12098 12101
f 12099 12096 12101
f 12092 12102 12103
f 12103 12093 12092
f 12103 12102 12104
f 12105 12103 12104
f 12095 12106 12097
f 12097 12088 12095
f 12095 12093 12103
f 12106 12095 12103
f 12106 12107 12100
f 12100 12097 12106
f 12106 12103 12105
f 12107 12106 12105
f 12078 12108 12079
f 12082 12109 12108
f 12108 12078 12082
f 12110 12108 12109
f 12082 12083 12111
f 12109 12082 12111
f 12109 12112 12113
f 12113 12110 12109
f 12109 12111 12114
f 12112 12109 12114
f 12112 12115 12116
f 12116 12113 12112
f 12112 12114 12117
f 12115 12112 12117
f 12115 12118 12119
f 12119 12116 12115
f 12115 12117 12120
f 12118 12115 12120
f 12083 12099 12121
f 12111 12083 12121
f 12101 12100 12122
f 12123 12101 12122
f 12101 12123 12121
f 12121 12099 12101
f 12111 12121 12124
f 12114 12111 12124
f 12122 12125 12126
f 12126 12123 12122
f 12123 12126 12124
f 12124 12121 12123
f 12105 12104 12127
f 12128 12105 12127
f 12127 12129 12130
f 12130 12128 12127
f 12100 12107 12131
f 12122 12100 12131
f 12105 12128 12131
f 12131 12107 12105
f 12122 12131 12132
f 12125 12122 12132
f 12128 12130 12132
f 12132 12131 12128
f 12114 12124 12133
f 12117 12114 12133
f 12125 12134 12135
f 12135 12126 12125
f 12126 12135 12133
f 12133 12124 12126
f 12117 12133 12136
f 12120 12117 12136
f 12134 12137 12138
f 12138 12135 12134
f 12135 12138 12136
f 12136 12133 12135
f 12129 12139 12140
f 12140 12130 12129
f 12140 12139 12141
f 12142 12140 12141
f 12125 12132 12143
f 12134 12125 12143
f 12130 12140 12143
f 12143 12132 12130
f 12134 12143 12144
f 12137 12134 12144
f 12143 12140 12142
f 12144 12143 12142
f 11953 4890 5061
f 12145 11953 5061
f 11953 12145 12146
f 12146 11954 11953
f 12145 5061 5063
f 12147 12145 5063
f 12145 12147 12148
f 12148 12146 12145
f 11957 11954 12146
f 12149 11957 12146
f 11958 11957 12149
f 12150 11958 12149
f 12149 12146 12148
f 12151 12149 12148
f 12150 12149 12151
f 12152 12150 12151
f 5063 5071 12153
f 12153 12147 5063
f 12148 12147 12153
f 12154 12148 12153
f 5071 5073 12155
f 12155 12153 5071
f 12153 12155 12156
f 12156 12154 12153
f 12151 12148 12154
f 12157 12151 12154
f 12152 12151 12157
f 12158 12152 12157
f 12154 12156 12159
f 12159 12157 12154
f 12157 12159 12160
f 12160 12158 12157
f 11973 12161 12162
f 12162 11971 11973
f 11974 11958 12150
f 12163 11974 12150
f 11974 12163 12161
f 12161 11973 11974
f 12161 12164 12165
f 12165 12162 12161
f 12163 12150 12152
f 12166 12163 12152
f 12163 12166 12164
f 12164 12161 12163
f 11978 11971 12162
f 12167 11978 12162
f 11978 12167 12168
f 12168 11979 11978
f 12167 12162 12165
f 12169 12167 12165
f 12168 12167 12169
f 12170 12168 12169
f 12165 12164 12171
f 12172 12165 12171
f 12152 12158 12173
f 12173 12166 12152
f 12164 12166 12173
f 12171 12164 12173
f 12172 12171 12174
f 12175 12172 12174
f 12173 12158 12160
f 12176 12173 12160
f 12171 12173 12176
f 12174 12171 12176
f 12169 12165 12172
f 12177 12169 12172
f 12170 12169 12177
f 12178 12170 12177
f 12172 12175 12179
f 12179 12177 12172
f 12177 12179 12180
f 12180 12178 12177
f 12155 5073 5105
f 12181 12155 5105
f 12156 12155 12181
f 12182 12156 12181
f 5105 5107 12183
f 12183 12181 5105
f 12181 12183 12184
f 12184 12182 12181
f 12156 12182 12185
f 12185 12159 12156
f 12159 12185 12186
f 12186 12160 12159
f 12182 12184 12187
f 12187 12185 12182
f 12185 12187 12188
f 12188 12186 12185
f 5107 5115 12189
f 12189 12183 5107
f 12183 12189 12190
f 12190 12184 12183
f 5115 5117 12191
f 12191 12189 5115
f 12190 12189 12191
f 12192 12190 12191
f 12184 12190 12193
f 12193 12187 12184
f 12187 12193 12194
f 12194 12188 12187
f 12190 12192 12195
f 12195 12193 12190
f 12193 12195 12196
f 12196 12194 12193
f 12175 12174 12197
f 12198 12175 12197
f 12160 12186 12199
f 12199 12176 12160
f 12174 12176 12199
f 12197 12174 12199
f 12197 12200 12198
f 12186 12188 12201
f 12201 12199 12186
f 12199 12201 12200
f 12200 12197 12199
f 12202 12200 12201
f 12175 12198 12203
f 12203 12179 12175
f 12180 12179 12203
f 12204 12180 12203
f 12200 12205 12206
f 12203 12198 12200
f 12206 12203 12200
f 12204 12203 12206
f 12207 12204 12206
f 12205 12200 12202
f 12188 12194 12208
f 12208 12201 12188
f 12201 12208 12209
f 12209 12202 12201
f 12194 12196 12210
f 12210 12208 12194
f 12208 12210 12211
f 12211 12209 12208
f 12206 12205 12212
f 12213 12206 12212
f 12206 12213 12214
f 12214 12207 12206
f 12205 12202 12209
f 12212 12205 12209
f 12213 12212 12215
f 12216 12213 12215
f 12213 12216 12217
f 12217 12214 12213
f 12212 12209 12211
f 12215 12212 12211
f 12036 12218 12219
f 12219 12037 12036
f 12039 12038 12220
f 12221 12039 12220
f 12036 12039 12221
f 12218 12036 12221
f 12218 12222 12223
f 12223 12219 12218
f 12221 12220 12224
f 12225 12221 12224
f 12218 12221 12225
f 12222 12218 12225
f 12222 12226 12227
f 12227 12223 12222
f 12224 12228 12229
f 12229 12225 12224
f 12222 12225 12229
f 12226 12222 12229
f 12226 12230 12231
f 12231 12227 12226
f 12228 12232 12233
f 12233 12229 12228
f 12226 12229 12233
f 12230 12226 12233
f 11903 12049 12234
f 12090 11903 12234
f 12050 12235 12236
f 12236 12051 12050
f 12051 12236 12234
f 12234 12049 12051
f 12090 12234 12237
f 12092 12090 12237
f 12235 12238 12239
f 12239 12236 12235
f 12236 12239 12237
f 12237 12234 12236
f 12037 12219 12235
f 12235 12050 12037
f 12235 12219 12223
f 12238 12235 12223
f 12092 12237 12240
f 12102 12092 12240
f 12238 12241 12242
f 12242 12239 12238
f 12239 12242 12240
f 12240 12237 12239
f 12240 12243 12104
f 12104 12102 12240
f 12241 12244 12245
f 12245 12242 12241
f 12242 12245 12243
f 12243 12240 12242
f 12238 12223 12227
f 12241 12238 12227
f 12241 12227 12231
f 12244 12241 12231
f 12065 12064 12246
f 12247 12065 12246
f 12067 12066 12248
f 12249 12067 12248
f 12067 12249 12246
f 12246 12064 12067
f 12246 12250 12251
f 12251 12247 12246
f 12248 12252 12253
f 12253 12249 12248
f 12246 12249 12253
f 12250 12246 12253
f 12065 12247 12220
f 12220 12038 12065
f 12247 12251 12224
f 12224 12220 12247
f 12066 11979 12168
f 12248 12066 12168
f 12168 12170 12252
f 12252 12248 12168
f 12251 12250 12254
f 12255 12251 12254
f 12252 12256 12257
f 12257 12253 12252
f 12253 12257 12254
f 12254 12250 12253
f 12254 12258 12259
f 12259 12255 12254
f 12257 12256 12260
f 12261 12257 12260
f 12257 12261 12258
f 12258 12254 12257
f 12224 12251 12255
f 12228 12224 12255
f 12228 12255 12259
f 12232 12228 12259
f 12170 12178 12256
f 12256 12252 12170
f 12178 12180 12260
f 12260 12256 12178
f 12230 12262 12263
f 12263 12231 12230
f 12232 12264 12265
f 12265 12233 12232
f 12230 12233 12265
f 12262 12230 12265
f 12262 12266 12267
f 12267 12263 12262
f 12264 12268 12269
f 12269 12265 12264
f 12262 12265 12269
f 12266 12262 12269
f 12267 12266 12270
f 12271 12267 12270
f 12269 12268 12272
f 12273 12269 12272
f 12266 12269 12273
f 12270 12266 12273
f 12271 12270 12274
f 12275 12271 12274
f 12273 12272 12276
f 12277 12273 12276
f 12273 12277 12274
f 12274 12270 12273
f 12104 12243 12278
f 12127 12104 12278
f 12244 12279 12280
f 12280 12245 12244
f 12243 12245 12280
f 12278 12243 12280
f 12127 12278 12281
f 12129 12127 12281
f 12279 12282 12283
f 12283 12280 12279
f 12280 12283 12281
f 12281 12278 12280
f 12244 12231 12263
f 12279 12244 12263
f 12279 12263 12267
f 12282 12279 12267
f 12129 12281 12284
f 12139 12129 12284
f 12283 12282 12285
f 12286 12283 12285
f 12281 12283 12286
f 12284 12281 12286
f 12284 12287 12141
f 12141 12139 12284
f 12286 12285 12288
f 12289 12286 12288
f 12286 12289 12287
f 12287 12284 12286
f 12267 12271 12285
f 12285 12282 12267
f 12271 12275 12288
f 12288 12285 12271
f 12258 12290 12291
f 12291 12259 12258
f 12261 12260 12292
f 12293 12261 12292
f 12261 12293 12290
f 12290 12258 12261
f 12290 12294 12295
f 12295 12291 12290
f 12293 12292 12296
f 12297 12293 12296
f 12293 12297 12294
f 12294 12290 12293
f 12259 12291 12264
f 12264 12232 12259
f 12291 12295 12268
f 12268 12264 12291
f 12180 12204 12292
f 12292 12260 12180
f 12204 12207 12296
f 12296 12292 12204
f 12295 12294 12298
f 12299 12295 12298
f 12297 12296 12300
f 12301 12297 12300
f 12294 12297 12301
f 12298 12294 12301
f 12299 12298 12302
f 12303 12299 12302
f 12301 12300 12304
f 12305 12301 12304
f 12298 12301 12305
f 12302 12298 12305
f 12268 12295 12299
f 12272 12268 12299
f 12272 12299 12303
f 12276 12272 12303
f 12207 12214 12300
f 12300 12296 12207
f 12300 12214 12217
f 12304 12300 12217
f 11824 12306 8649
f 8649 8164 11824
f 11824 11825 12307
f 12306 11824 12307
f 8649 12306 12308
f 8651 8649 12308
f 12306 12307 12309
f 12308 12306 12309
f 11830 12310 12307
f 11825 11624 11830
f 12307 11825 11830
f 12310 11830 11832
f 12310 12311 12309
f 12309 12307 12310
f 12310 11832 11834
f 12311 12310 11834
f 8651 12308 12312
f 8656 8651 12312
f 12309 12313 12312
f 12312 12308 12309
f 12312 12314 8658
f 8658 8656 12312
f 12313 12315 12314
f 12314 12312 12313
f 11836 11835 12309
f 12309 12311 11836
f 12313 12309 11835
f 11834 11836 12311
f 12313 11835 11840
f 12315 12313 11840
f 12314 12316 8663
f 8663 8658 12314
f 11867 11866 12314
f 12314 12315 11867
f 12316 12314 11866
f 12316 12317 8665
f 8665 8663 12316
f 12316 11866 11870
f 12317 12316 11870
f 11840 11867 12315
f 8665 12317 12318
f 8671 8665 12318
f 11870 11876 12318
f 12318 12317 11870
f 8671 12318 12319
f 8673 8671 12319
f 11876 11878 12319
f 12319 12318 11876
f 8673 12319 12320
f 8679 8673 12320
f 11878 12069 12320
f 12320 12319 11878
f 8679 12320 12321
f 8681 8679 12321
f 12320 12069 12071
f 12321 12320 12071
f 8681 12321 12322
f 8687 8681 12322
f 12071 12077 12322
f 12322 12321 12071
f 8687 12322 12323
f 8689 8687 12323
f 12077 12079 12323
f 12323 12322 12077
f 8689 12323 12324
f 8695 8689 12324
f 12108 12325 12324
f 12323 12079 12108
f 12324 12323 12108
f 8695 12324 12326
f 8697 8695 12326
f 12324 12325 12327
f 12326 12324 12327
f 12325 12108 12110
f 12110 12113 12327
f 12327 12325 12110
f 8697 12326 12328
f 8703 8697 12328
f 12326 12327 12329
f 12328 12326 12329
f 8703 12328 12330
f 8705 8703 12330
f 12328 12329 12331
f 12330 12328 12331
f 12113 12116 12329
f 12329 12327 12113
f 12116 12119 12331
f 12331 12329 12116
f 12118 12332 12333
f 12333 12119 12118
f 12118 12120 12334
f 12332 12118 12334
f 12332 12335 12336
f 12336 12333 12332
f 12332 12334 12337
f 12335 12332 12337
f 12336 12335 12338
f 12339 12336 12338
f 12337 12340 12338
f 12338 12335 12337
f 12339 12338 12341
f 12342 12339 12341
f 12340 12343 12341
f 12341 12338 12340
f 12120 12136 12344
f 12334 12120 12344
f 12138 12137 12345
f 12346 12138 12345
f 12136 12138 12346
f 12344 12136 12346
f 12344 12347 12337
f 12337 12334 12344
f 12346 12345 12348
f 12349 12346 12348
f 12344 12346 12349
f 12347 12344 12349
f 12142 12141 12350
f 12351 12142 12350
f 12350 12352 12353
f 12353 12351 12350
f 12144 12354 12345
f 12345 12137 12144
f 12144 12142 12351
f 12354 12144 12351
f 12354 12355 12348
f 12348 12345 12354
f 12351 12353 12355
f 12355 12354 12351
f 12347 12356 12340
f 12340 12337 12347
f 12349 12348 12357
f 12358 12349 12357
f 12347 12349 12358
f 12356 12347 12358
f 12356 12359 12343
f 12343 12340 12356
f 12358 12357 12360
f 12361 12358 12360
f 12356 12358 12361
f 12359 12356 12361
f 12352 12362 12363
f 12363 12353 12352
f 12363 12362 12364
f 12365 12363 12364
f 12355 12366 12357
f 12357 12348 12355
f 12353 12363 12366
f 12366 12355 12353
f 12366 12367 12360
f 12360 12357 12366
f 12366 12363 12365
f 12367 12366 12365
f 12342 12341 12368
f 12369 12342 12368
f 12343 12370 12368
f 12368 12341 12343
f 12369 12368 12371
f 12372 12369 12371
f 12370 12373 12371
f 12371 12368 12370
f 12372 12371 12374
f 12375 12372 12374
f 12373 12376 12374
f 12374 12371 12373
f 12375 12374 12377
f 12378 12375 12377
f 12376 12379 12377
f 12377 12374 12376
f 12359 12380 12370
f 12370 12343 12359
f 12361 12360 12381
f 12382 12361 12381
f 12359 12361 12382
f 12380 12359 12382
f 12380 12383 12373
f 12373 12370 12380
f 12382 12381 12384
f 12385 12382 12384
f 12380 12382 12385
f 12383 12380 12385
f 12365 12364 12386
f 12387 12365 12386
f 12387 12386 12388
f 12389 12387 12388
f 12367 12390 12381
f 12381 12360 12367
f 12367 12365 12387
f 12390 12367 12387
f 12381 12390 12391
f 12384 12381 12391
f 12390 12387 12389
f 12391 12390 12389
f 12383 12392 12376
f 12376 12373 12383
f 12385 12384 12393
f 12394 12385 12393
f 12383 12385 12394
f 12392 12383 12394
f 12392 12395 12379
f 12379 12376 12392
f 12394 12393 12396
f 12397 12394 12396
f 12392 12394 12397
f 12395 12392 12397
f 12389 12388 12398
f 12399 12389 12398
f 12399 12398 12400
f 12401 12399 12400
f 12391 12402 12393
f 12393 12384 12391
f 12391 12389 12399
f 12402 12391 12399
f 12402 12403 12396
f 12396 12393 12402
f 12402 12399 12401
f 12403 12402 12401
f 12191 5117 5351
f 12404 12191 5351
f 12192 12191 12404
f 12405 12192 12404
f 12404 5351 5353
f 12406 12404 5353
f 12405 12404 12406
f 12407 12405 12406
f 12192 12405 12408
f 12408 12195 12192
f 12195 12408 12409
f 12409 12196 12195
f 12405 12407 12410
f 12410 12408 12405
f 12409 12408 12410
f 12411 12409 12410
f 12406 5353 5361
f 12412 12406 5361
f 12406 12412 12413
f 12413 12407 12406
f 5361 5363 12414
f 12414 12412 5361
f 12412 12414 12415
f 12415 12413 12412
f 12410 12407 12413
f 12416 12410 12413
f 12411 12410 12416
f 12417 12411 12416
f 12416 12413 12415
f 12418 12416 12415
f 12417 12416 12418
f 12419 12417 12418
f 12196 12409 12420
f 12420 12210 12196
f 12210 12420 12421
f 12421 12211 12210
f 12420 12409 12411
f 12422 12420 12411
f 12421 12420 12422
f 12423 12421 12422
f 12216 12215 12424
f 12425 12216 12424
f 12216 12425 12426
f 12426 12217 12216
f 12215 12211 12421
f 12424 12215 12421
f 12424 12427 12428
f 12428 12425 12424
f 12426 12425 12428
f 12429 12426 12428
f 12421 12423 12427
f 12427 12424 12421
f 12422 12411 12417
f 12430 12422 12417
f 12423 12422 12430
f 12431 12423 12430
f 12430 12417 12419
f 12432 12430 12419
f 12431 12430 12432
f 12433 12431 12432
f 12427 12434 12435
f 12435 12428 12427
f 12429 12428 12435
f 12436 12429 12435
f 12423 12431 12434
f 12434 12427 12423
f 12434 12437 12438
f 12438 12435 12434
f 12436 12435 12438
f 12439 12436 12438
f 12431 12433 12437
f 12437 12434 12431
f 12414 5363 5396
f 12440 12414 5396
f 12414 12440 12441
f 12441 12415 12414
f 12440 5396 5398
f 12442 12440 5398
f 12440 12442 12443
f 12443 12441 12440
f 12415 12441 12444
f 12444 12418 12415
f 12419 12418 12444
f 12445 12419 12444
f 12441 12443 12446
f 12446 12444 12441
f 12445 12444 12446
f 12447 12445 12446
f 5398 5407 12448
f 12448 12442 5398
f 12443 12442 12448
f 12449 12443 12448
f 5407 5409 12450
f 12450 12448 5407
f 12449 12448 12450
f 12451 12449 12450
f 12446 12443 12449
f 12452 12446 12449
f 12447 12446 12452
f 12453 12447 12452
f 12452 12449 12451
f 12454 12452 12451
f 12453 12452 12454
f 12455 12453 12454
f 12456 12457 12458
f 12432 12419 12445
f 12459 12432 12445
f 12432 12459 12458
f 12457 12433 12432
f 12458 12457 12432
f 12458 12460 12461
f 12461 12456 12458
f 12459 12445 12447
f 12462 12459 12447
f 12459 12462 12460
f 12460 12458 12459
f 12457 12456 12463
f 12438 12437 12457
f 12463 12438 12457
f 12439 12438 12463
f 12464 12439 12463
f 12433 12457 12437
f 12463 12456 12461
f 12465 12463 12461
f 12464 12463 12465
f 12466 12464 12465
f 12467 12468 12469
f 12460 12470 12471
f 12471 12461 12460
f 12462 12447 12453
f 12472 12462 12453
f 12462 12472 12470
f 12470 12460 12462
f 12470 12473 12474
f 12474 12471 12470
f 12472 12453 12455
f 12475 12472 12455
f 12472 12475 12473
f 12473 12470 12472
f 12465 12461 12471
f 12476 12465 12471
f 12466 12465 12476
f 12477 12466 12476
f 12476 12471 12474
f 12478 12476 12474
f 12476 12478 12468
f 12468 12477 12476
f 12469 12468 12478
f 12275 12274 12479
f 12480 12275 12479
f 12277 12276 12481
f 12482 12277 12481
f 12277 12482 12479
f 12479 12274 12277
f 12479 12483 12484
f 12484 12480 12479
f 12482 12481 12485
f 12486 12482 12485
f 12479 12482 12486
f 12483 12479 12486
f 12483 12487 12488
f 12488 12484 12483
f 12485 12489 12490
f 12490 12486 12485
f 12483 12486 12490
f 12487 12483 12490
f 12487 12491 12492
f 12492 12488 12487
f 12490 12489 12493
f 12494 12490 12493
f 12490 12494 12491
f 12491 12487 12490
f 12287 12495 12350
f 12350 12141 12287
f 12289 12288 12496
f 12497 12289 12496
f 12287 12289 12497
f 12495 12287 12497
f 12350 12495 12498
f 12352 12350 12498
f 12497 12496 12499
f 12500 12497 12499
f 12497 12500 12498
f 12498 12495 12497
f 12275 12480 12496
f 12496 12288 12275
f 12480 12484 12499
f 12499 12496 12480
f 12352 12498 12501
f 12362 12352 12501
f 12499 12502 12503
f 12503 12500 12499
f 12500 12503 12501
f 12501 12498 12500
f 12501 12504 12364
f 12364 12362 12501
f 12502 12505 12506
f 12506 12503 12502
f 12503 12506 12504
f 12504 12501 12503
f 12484 12488 12502
f 12502 12499 12484
f 12488 12492 12505
f 12505 12502 12488
f 12303 12302 12507
f 12508 12303 12507
f 12305 12304 12509
f 12510 12305 12509
f 12302 12305 12510
f 12507 12302 12510
f 12508 12507 12511
f 12512 12508 12511
f 12509 12513 12514
f 12514 12510 12509
f 12507 12510 12514
f 12511 12507 12514
f 12303 12508 12481
f 12481 12276 12303
f 12508 12512 12485
f 12485 12481 12508
f 12304 12217 12426
f 12509 12304 12426
f 12509 12426 12429
f 12513 12509 12429
f 12511 12515 12516
f 12516 12512 12511
f 12513 12517 12518
f 12518 12514 12513
f 12511 12514 12518
f 12515 12511 12518
f 12516 12515 12519
f 12520 12516 12519
f 12517 12521 12522
f 12522 12518 12517
f 12515 12518 12522
f 12519 12515 12522
f 12485 12512 12516
f 12489 12485 12516
f 12489 12516 12520
f 12493 12489 12520
f 12429 12436 12517
f 12517 12513 12429
f 12517 12436 12439
f 12521 12517 12439
f 12492 12491 12523
f 12524 12492 12523
f 12494 12493 12525
f 12526 12494 12525
f 12494 12526 12523
f 12523 12491 12494
f 12524 12523 12527
f 12528 12524 12527
f 12525 12529 12530
f 12530 12526 12525
f 12526 12530 12527
f 12527 12523 12526
f 12528 12527 12531
f 12532 12528 12531
f 12529 12533 12534
f 12534 12530 12529
f 12527 12530 12534
f 12531 12527 12534
f 12532 12531 12535
f 12536 12532 12535
f 12533 12537 12538
f 12538 12534 12533
f 12531 12534 12538
f 12535 12531 12538
f 12504 12539 12386
f 12386 12364 12504
f 12505 12540 12541
f 12541 12506 12505
f 12504 12506 12541
f 12539 12504 12541
f 12539 12542 12388
f 12388 12386 12539
f 12541 12540 12543
f 12544 12541 12543
f 12539 12541 12544
f 12542 12539 12544
f 12505 12492 12524
f 12540 12505 12524
f 12540 12524 12528
f 12543 12540 12528
f 12542 12545 12398
f 12398 12388 12542
f 12544 12543 12546
f 12547 12544 12546
f 12542 12544 12547
f 12545 12542 12547
f 12545 12548 12400
f 12400 12398 12545
f 12547 12546 12549
f 12550 12547 12549
f 12545 12547 12550
f 12548 12545 12550
f 12543 12528 12532
f 12546 12543 12532
f 12546 12532 12536
f 12549 12546 12536
f 12519 12551 12552
f 12552 12520 12519
f 12521 12553 12554
f 12554 12522 12521
f 12519 12522 12554
f 12551 12519 12554
f 12551 12555 12556
f 12556 12552 12551
f 12553 12557 12558
f 12558 12554 12553
f 12554 12558 12555
f 12555 12551 12554
f 12520 12552 12525
f 12525 12493 12520
f 12552 12556 12529
f 12529 12525 12552
f 12439 12464 12553
f 12553 12521 12439
f 12464 12466 12557
f 12557 12553 12464
f 12555 12559 12560
f 12560 12556 12555
f 12557 12561 12562
f 12562 12558 12557
f 12555 12558 12562
f 12559 12555 12562
f 12559 12563 12564
f 12564 12560 12559
f 12468 12467 12565
f 12562 12561 12468
f 12565 12562 12468
f 12562 12565 12563
f 12563 12559 12562
f 12556 12560 12533
f 12533 12529 12556
f 12560 12564 12537
f 12537 12533 12560
f 12466 12477 12561
f 12561 12557 12466
f 12477 12468 12561
f 12377 12566 12567
f 12567 12378 12377
f 12379 12568 12566
f 12566 12377 12379
f 12566 12569 12570
f 12570 12567 12566
f 12566 12568 12571
f 12569 12566 12571
f 12569 12572 12573
f 12573 12570 12569
f 12571 12574 12572
f 12572 12569 12571
f 12573 12572 12575
f 12576 12573 12575
f 12574 12577 12575
f 12575 12572 12574
f 12379 12395 12578
f 12568 12379 12578
f 12396 12579 12580
f 12580 12397 12396
f 12397 12580 12578
f 12578 12395 12397
f 12568 12578 12581
f 12571 12568 12581
f 12579 12582 12583
f 12583 12580 12579
f 12580 12583 12581
f 12581 12578 12580
f 12401 12400 12584
f 12585 12401 12584
f 12585 12584 12586
f 12587 12585 12586
f 12403 12588 12579
f 12579 12396 12403
f 12403 12401 12585
f 12588 12403 12585
f 12579 12588 12589
f 12582 12579 12589
f 12588 12585 12587
f 12589 12588 12587
f 12581 12590 12574
f 12574 12571 12581
f 12583 12582 12591
f 12592 12583 12591
f 12581 12583 12592
f 12590 12581 12592
f 12590 12593 12577
f 12577 12574 12590
f 12592 12591 12594
f 12595 12592 12594
f 12590 12592 12595
f 12593 12590 12595
f 12587 12586 12596
f 12597 12587 12596
f 12596 12598 12599
f 12599 12597 12596
f 12589 12600 12591
f 12591 12582 12589
f 12589 12587 12597
f 12600 12589 12597
f 12600 12601 12594
f 12594 12591 12600
f 12600 12597 12599
f 12601 12600 12599
f 12576 12575 12602
f 12603 12576 12602
f 12577 12604 12602
f 12602 12575 12577
f 12603 12602 12605
f 12606 12603 12605
f 12604 12607 12605
f 12605 12602 12604
f 12606 12605 12608
f 12609 12606 12608
f 12607 12610 12608
f 12608 12605 12607
f 12608 12611 12612
f 12612 12609 12608
f 12610 12613 12611
f 12611 12608 12610
f 12593 12614 12604
f 12604 12577 12593
f 12595 12594 12615
f 12616 12595 12615
f 12593 12595 12616
f 12614 12593 12616
f 12614 12617 12607
f 12607 12604 12614
f 12616 12615 12618
f 12619 12616 12618
f 12614 12616 12619
f 12617 12614 12619
f 12599 12598 12620
f 12621 12599 12620
f 12620 12622 12623
f 12623 12621 12620
f 12601 12624 12615
f 12615 12594 12601
f 12601 12599 12621
f 12624 12601 12621
f 12615 12624 12625
f 12618 12615 12625
f 12621 12623 12625
f 12625 12624 12621
f 12617 12626 12610
f 12610 12607 12617
f 12618 12627 12628
f 12628 12619 12618
f 12619 12628 12626
f 12626 12617 12619
f 12626 12629 12613
f 12613 12610 12626
f 12627 12630 12631
f 12631 12628 12627
f 12628 12631 12629
f 12629 12626 12628
f 12622 12632 12633
f 12633 12623 12622
f 12632 12634 12635
f 12635 12633 12632
f 12618 12625 12636
f 12627 12618 12636
f 12623 12633 12636
f 12636 12625 12623
f 12627 12636 12637
f 12630 12627 12637
f 12633 12635 12637
f 12637 12636 12633
f 5409 5579 12638
f 12638 12450 5409
f 12450 12638 12639
f 12639 12451 12450
f 5579 5581 12640
f 12640 12638 5579
f 12639 12638 12640
f 12641 12639 12640
f 12454 12451 12639
f 12642 12454 12639
f 12455 12454 12642
f 12643 12455 12642
f 12642 12639 12641
f 12644 12642 12641
f 12643 12642 12644
f 12645 12643 12644
f 5581 5590 12646
f 12646 12640 5581
f 12641 12640 12646
f 12647 12641 12646
f 5590 5592 12648
f 12648 12646 5590
f 12647 12646 12648
f 12649 12647 12648
f 12644 12641 12647
f 12650 12644 12647
f 12645 12644 12650
f 12651 12645 12650
f 12647 12649 12652
f 12652 12650 12647
f 12650 12652 12653
f 12653 12651 12650
f 12469 12654 12655
f 12655 12467 12469
f 12654 12656 12657
f 12657 12655 12654
f 12473 12658 12659
f 12659 12474 12473
f 12475 12455 12643
f 12660 12475 12643
f 12475 12660 12658
f 12658 12473 12475
f 12658 12661 12662
f 12662 12659 12658
f 12660 12643 12645
f 12663 12660 12645
f 12660 12663 12661
f 12661 12658 12660
f 12478 12474 12659
f 12664 12478 12659
f 12478 12664 12654
f 12654 12469 12478
f 12664 12659 12662
f 12665 12664 12662
f 12664 12665 12656
f 12656 12654 12664
f 12656 12666 12667
f 12667 12657 12656
f 12666 12668 12669
f 12669 12667 12666
f 12670 12671 12672
f 12671 12670 12673
f 12662 12661 12671
f 12673 12662 12671
f 12645 12651 12672
f 12671 12663 12645
f 12672 12671 12645
f 12663 12671 12661
f 12670 12672 12674
f 12675 12670 12674
f 12673 12670 12675
f 12676 12673 12675
f 12672 12651 12653
f 12674 12672 12653
f 12665 12662 12673
f 12677 12665 12673
f 12665 12677 12666
f 12666 12656 12665
f 12677 12673 12676
f 12678 12677 12676
f 12677 12678 12668
f 12668 12666 12677
f 5592 5624 12679
f 12679 12648 5592
f 12648 12679 12680
f 12680 12649 12648
f 5624 5626 12681
f 12681 12679 5624
f 12680 12679 12681
f 12682 12680 12681
f 12652 12649 12680
f 12683 12652 12680
f 12653 12652 12683
f 12684 12653 12683
f 12683 12680 12682
f 12685 12683 12682
f 12684 12683 12685
f 12686 12684 12685
f 5626 5634 12687
f 12687 12681 5626
f 12682 12681 12687
f 12688 12682 12687
f 5634 5636 12689
f 12689 12687 5634
f 12688 12687 12689
f 12690 12688 12689
f 12685 12682 12688
f 12691 12685 12688
f 12686 12685 12691
f 12692 12686 12691
f 12691 12688 12690
f 12693 12691 12690
f 12692 12691 12693
f 12694 12692 12693
f 12669 12668 12695
f 12696 12669 12695
f 12696 12695 12697
f 12698 12696 12697
f 12674 12699 12675
f 12699 12700 12701
f 12676 12675 12699
f 12701 12676 12699
f 12653 12684 12699
f 12699 12674 12653
f 12702 12699 12684
f 12700 12699 12702
f 12700 12703 12704
f 12704 12701 12700
f 12702 12684 12686
f 12705 12702 12686
f 12702 12705 12703
f 12703 12700 12702
f 12676 12701 12706
f 12706 12678 12676
f 12668 12678 12706
f 12695 12668 12706
f 12701 12704 12707
f 12707 12706 12701
f 12695 12706 12707
f 12697 12695 12707
f 12698 12697 12708
f 12709 12698 12708
f 12708 12710 12711
f 12711 12709 12708
f 12712 12713 12714
f 12713 12712 12715
f 12704 12703 12713
f 12715 12704 12713
f 12686 12692 12714
f 12713 12705 12686
f 12714 12713 12686
f 12705 12713 12703
f 12714 12716 12717
f 12717 12712 12714
f 12715 12712 12717
f 12718 12715 12717
f 12692 12694 12716
f 12716 12714 12692
f 12707 12704 12715
f 12719 12707 12715
f 12697 12707 12719
f 12708 12697 12719
f 12719 12715 12718
f 12720 12719 12718
f 12719 12720 12710
f 12710 12708 12719
f 12536 12535 12721
f 12722 12536 12721
f 12537 12723 12724
f 12724 12538 12537
f 12535 12538 12724
f 12721 12535 12724
f 12721 12725 12726
f 12726 12722 12721
f 12723 12727 12728
f 12728 12724 12723
f 12721 12724 12728
f 12725 12721 12728
f 12726 12725 12729
f 12730 12726 12729
f 12728 12727 12731
f 12732 12728 12731
f 12728 12732 12729
f 12729 12725 12728
f 12730 12729 12733
f 12734 12730 12733
f 12732 12731 12735
f 12736 12732 12735
f 12732 12736 12733
f 12733 12729 12732
f 12548 12737 12584
f 12584 12400 12548
f 12550 12549 12738
f 12739 12550 12738
f 12548 12550 12739
f 12737 12548 12739
f 12737 12740 12586
f 12586 12584 12737
f 12738 12741 12742
f 12742 12739 12738
f 12739 12742 12740
f 12740 12737 12739
f 12549 12536 12722
f 12738 12549 12722
f 12738 12722 12726
f 12741 12738 12726
f 12740 12743 12596
f 12596 12586 12740
f 12742 12741 12744
f 12745 12742 12744
f 12740 12742 12745
f 12743 12740 12745
f 12743 12746 12598
f 12598 12596 12743
f 12745 12744 12747
f 12748 12745 12747
f 12743 12745 12748
f 12746 12743 12748
f 12741 12726 12730
f 12744 12741 12730
f 12730 12734 12747
f 12747 12744 12730
f 12563 12749 12750
f 12750 12564 12563
f 12565 12467 12655
f 12751 12565 12655
f 12565 12751 12749
f 12749 12563 12565
f 12749 12752 12753
f 12753 12750 12749
f 12751 12655 12657
f 12754 12751 12657
f 12751 12754 12752
f 12752 12749 12751
f 12564 12750 12723
f 12723 12537 12564
f 12750 12753 12727
f 12727 12723 12750
f 12752 12755 12756
f 12756 12753 12752
f 12754 12657 12667
f 12757 12754 12667
f 12754 12757 12755
f 12755 12752 12754
f 12755 12758 12759
f 12759 12756 12755
f 12757 12667 12669
f 12760 12757 12669
f 12757 12760 12758
f 12758 12755 12757
f 12753 12756 12731
f 12731 12727 12753
f 12731 12756 12759
f 12735 12731 12759
f 12734 12733 12761
f 12762 12734 12761
f 12736 12735 12763
f 12764 12736 12763
f 12736 12764 12761
f 12761 12733 12736
f 12761 12765 12766
f 12766 12762 12761
f 12764 12763 12767
f 12768 12764 12767
f 12764 12768 12765
f 12765 12761 12764
f 12765 12769 12770
f 12770 12766 12765
f 12767 12771 12772
f 12772 12768 12767
f 12765 12768 12772
f 12769 12765 12772
f 12769 12773 12774
f 12774 12770 12769
f 12771 12775 12776
f 12776 12772 12771
f 12772 12776 12773
f 12773 12769 12772
f 12746 12777 12620
f 12620 12598 12746
f 12748 12747 12778
f 12779 12748 12778
f 12746 12748 12779
f 12777 12746 12779
f 12620 12777 12780
f 12622 12620 12780
f 12778 12781 12782
f 12782 12779 12778
f 12779 12782 12780
f 12780 12777 12779
f 12747 12734 12762
f 12778 12747 12762
f 12778 12762 12766
f 12781 12778 12766
f 12622 12780 12783
f 12632 12622 12783
f 12781 12784 12785
f 12785 12782 12781
f 12782 12785 12783
f 12783 12780 12782
f 12632 12783 12786
f 12634 12632 12786
f 12784 12787 12788
f 12788 12785 12784
f 12785 12788 12786
f 12786 12783 12785
f 12766 12770 12784
f 12784 12781 12766
f 12770 12774 12787
f 12787 12784 12770
f 12759 12758 12789
f 12790 12759 12789
f 12669 12696 12791
f 12791 12760 12669
f 12758 12760 12791
f 12789 12758 12791
f 12790 12789 12792
f 12793 12790 12792
f 12696 12698 12794
f 12794 12791 12696
f 12789 12791 12794
f 12792 12789 12794
f 12759 12790 12763
f 12763 12735 12759
f 12790 12793 12767
f 12767 12763 12790
f 12793 12792 12795
f 12796 12793 12795
f 12698 12709 12797
f 12797 12794 12698
f 12792 12794 12797
f 12795 12792 12797
f 12795 12798 12799
f 12799 12796 12795
f 12797 12709 12711
f 12800 12797 12711
f 12797 12800 12798
f 12798 12795 12797
f 12767 12793 12796
f 12771 12767 12796
f 12771 12796 12799
f 12775 12771 12799
f 8705 12330 12801
f 9197 8705 12801
f 12330 12331 12802
f 12801 12330 12802
f 12801 12803 9199
f 9199 9197 12801
f 12801 12802 12804
f 12803 12801 12804
f 12119 12333 12802
f 12802 12331 12119
f 12333 12336 12804
f 12804 12802 12333
f 9199 12803 12805
f 9203 9199 12805
f 12804 12806 12805
f 12805 12803 12804
f 9203 12805 12807
f 9205 9203 12807
f 12805 12806 12808
f 12807 12805 12808
f 12804 12336 12339
f 12806 12804 12339
f 12806 12339 12342
f 12808 12806 12342
f 12807 12809 9209
f 9209 9205 12807
f 12808 12810 12809
f 12809 12807 12808
f 12809 12811 9211
f 9211 9209 12809
f 12810 12812 12811
f 12811 12809 12810
f 12808 12342 12369
f 12810 12808 12369
f 12810 12369 12372
f 12812 12810 12372
f 12811 12813 9217
f 9217 9211 12811
f 12812 12814 12813
f 12813 12811 12812
f 9217 12813 12815
f 9219 9217 12815
f 12814 12816 12815
f 12815 12813 12814
f 12812 12372 12375
f 12814 12812 12375
f 12814 12375 12378
f 12816 12814 12378
f 9219 12815 12817
f 9223 9219 12817
f 12815 12816 12818
f 12817 12815 12818
f 9223 12817 12819
f 9225 9223 12819
f 12817 12818 12820
f 12819 12817 12820
f 12378 12567 12818
f 12818 12816 12378
f 12567 12570 12820
f 12820 12818 12567
f 9225 12819 12821
f 9230 9225 12821
f 12819 12820 12822
f 12821 12819 12822
f 9230 12821 12823
f 9232 9230 12823
f 12822 12824 12823
f 12823 12821 12822
f 12570 12573 12822
f 12822 12820 12570
f 12822 12573 12576
f 12824 12822 12576
f 12823 12825 9238
f 9238 9232 12823
f 12824 12826 12825
f 12825 12823 12824
f 12825 12827 9240
f 9240 9238 12825
f 12826 12828 12827
f 12827 12825 12826
f 12824 12576 12603
f 12826 12824 12603
f 12826 12603 12606
f 12828 12826 12606
f 12827 12829 9245
f 9245 9240 12827
f 12828 12830 12829
f 12829 12827 12828
f 12829 12831 9247
f 9247 9245 12829
f 12830 12832 12831
f 12831 12829 12830
f 12828 12606 12609
f 12830 12828 12609
f 12609 12612 12832
f 12832 12830 12609
f 12611 12833 12834
f 12834 12612 12611
f 12611 12613 12835
f 12833 12611 12835
f 12834 12833 12836
f 12837 12834 12836
f 12833 12835 12838
f 12836 12833 12838
f 12839 12840 12841
f 12839 12841 12842
f 12843 12839 12842
f 12836 12844 12840
f 12840 12837 12836
f 12841 12840 12844
f 12838 12845 12844
f 12844 12836 12838
f 12844 12846 12842
f 12842 12841 12844
f 12845 12847 12846
f 12846 12844 12845
f 12613 12629 12848
f 12835 12613 12848
f 12630 12849 12850
f 12850 12631 12630
f 12631 12850 12848
f 12848 12629 12631
f 12835 12848 12851
f 12838 12835 12851
f 12850 12849 12852
f 12853 12850 12852
f 12848 12850 12853
f 12851 12848 12853
f 12634 12854 12855
f 12855 12635 12634
f 12855 12854 12856
f 12857 12855 12856
f 12630 12637 12858
f 12849 12630 12858
f 12635 12855 12858
f 12858 12637 12635
f 12858 12859 12852
f 12852 12849 12858
f 12858 12855 12857
f 12859 12858 12857
f 12851 12860 12845
f 12845 12838 12851
f 12853 12852 12861
f 12862 12853 12861
f 12851 12853 12862
f 12860 12851 12862
f 12860 12863 12847
f 12847 12845 12860
f 12862 12861 12864
f 12865 12862 12864
f 12860 12862 12865
f 12863 12860 12865
f 12857 12856 12866
f 12867 12857 12866
f 12867 12866 12868
f 12869 12867 12868
f 12859 12870 12861
f 12861 12852 12859
f 12859 12857 12867
f 12870 12859 12867
f 12870 12871 12864
f 12864 12861 12870
f 12870 12867 12869
f 12871 12870 12869
f 12843 12842 12872
f 12873 12843 12872
f 12872 12874 12875
f 12875 12873 12872
f 12846 12876 12872
f 12872 12842 12846
f 12847 12877 12876
f 12876 12846 12847
f 12872 12876 12878
f 12874 12872 12878
f 12877 12879 12878
f 12878 12876 12877
f 12874 12880 12881
f 12881 12875 12874
f 12880 12882 12881
f 12874 12878 12883
f 12880 12874 12883
f 12878 12879 12884
f 12883 12878 12884
f 12883 12885 12886
f 12882 12880 12883
f 12886 12882 12883
f 12883 12884 12887
f 12885 12883 12887
f 12863 12888 12877
f 12877 12847 12863
f 12864 12889 12890
f 12890 12865 12864
f 12863 12865 12890
f 12888 12863 12890
f 12891 12892 12893
f 12892 12891 12879
f 12877 12888 12892
f 12879 12877 12892
f 12889 12894 12892
f 12892 12890 12889
f 12893 12892 12894
f 12890 12892 12888
f 12869 12868 12895
f 12896 12869 12895
f 12896 12895 12897
f 12898 12896 12897
f 12871 12899 12889
f 12889 12864 12871
f 12871 12869 12896
f 12899 12871 12896
f 12899 12900 12894
f 12894 12889 12899
f 12899 12896 12898
f 12900 12899 12898
f 12893 12901 12891
f 12901 12902 12884
f 12879 12891 12901
f 12884 12879 12901
f 12894 12903 12901
f 12901 12893 12894
f 12904 12901 12903
f 12902 12901 12904
f 12884 12902 12905
f 12887 12884 12905
f 12903 12906 12907
f 12907 12904 12903
f 12904 12907 12905
f 12905 12902 12904
f 12897 12908 12909
f 12909 12898 12897
f 12908 12910 12911
f 12911 12909 12908
f 12894 12900 12912
f 12903 12894 12912
f 12898 12909 12912
f 12912 12900 12898
f 12912 12913 12906
f 12906 12903 12912
f 12909 12911 12913
f 12913 12912 12909
f 12689 5636 5869
f 12914 12689 5869
f 12690 12689 12914
f 12915 12690 12914
f 5869 5872 12916
f 12916 12914 5869
f 12915 12914 12916
f 12917 12915 12916
f 12693 12690 12915
f 12918 12693 12915
f 12694 12693 12918
f 12919 12694 12918
f 12920 12921 12922
f 12918 12915 12917
f 12923 12918 12917
f 12918 12923 12921
f 12921 12919 12918
f 12922 12921 12923
f 12916 5872 5881
f 12924 12916 5881
f 12917 12916 12924
f 12925 12917 12924
f 12924 5881 5883
f 12926 12924 5883
f 12925 12924 12926
f 12927 12925 12926
f 12922 12928 12929
f 12929 12920 12922
f 12923 12917 12925
f 12930 12923 12925
f 12923 12930 12928
f 12928 12922 12923
f 12931 12932 12933
f 12932 12931 12934
f 12928 12932 12934
f 12934 12929 12928
f 12925 12927 12932
f 12932 12930 12925
f 12933 12932 12927
f 12930 12932 12928
f 12710 12935 12936
f 12936 12711 12710
f 12935 12937 12938
f 12938 12936 12935
f 12716 12939 12940
f 12940 12717 12716
f 12718 12717 12940
f 12941 12718 12940
f 12694 12919 12939
f 12939 12716 12694
f 12921 12920 12942
f 12940 12939 12921
f 12942 12940 12921
f 12941 12940 12942
f 12943 12941 12942
f 12919 12921 12939
f 12720 12718 12941
f 12944 12720 12941
f 12720 12944 12935
f 12935 12710 12720
f 12944 12941 12943
f 12945 12944 12943
f 12944 12945 12937
f 12937 12935 12944
f 12937 12946 12947
f 12947 12938 12937
f 12946 12948 12949
f 12949 12947 12946
f 12942 12920 12929
f 12950 12942 12929
f 12943 12942 12950
f 12951 12943 12950
f 12950 12929 12934
f 12952 12950 12934
f 12951 12950 12952
f 12953 12951 12952
f 12945 12943 12951
f 12954 12945 12951
f 12945 12954 12946
f 12946 12937 12945
f 12954 12951 12953
f 12955 12954 12953
f 12954 12955 12948
f 12948 12946 12954
f 12926 5883 5916
f 12956 12926 5916
f 12927 12926 12956
f 12957 12927 12956
f 12956 5916 5919
f 12958 12956 5919
f 12957 12956 12958
f 12959 12957 12958
f 12931 12933 12960
f 12961 12931 12960
f 12931 12961 12962
f 12962 12934 12931
f 12933 12927 12957
f 12960 12933 12957
f 12960 12963 12961
f 12963 12964 12962
f 12962 12961 12963
f 12965 12962 12964
f 12957 12959 12963
f 12963 12960 12957
f 12966 12963 12959
f 12964 12963 12966
f 5919 5926 12967
f 12967 12958 5919
f 12958 12967 12968
f 12968 12959 12958
f 12967 5926 5929
f 12969 12967 5929
f 12967 12969 12970
f 12970 12968 12967
f 12965 12964 12971
f 12972 12965 12971
f 12959 12968 12973
f 12973 12966 12959
f 12964 12966 12973
f 12971 12964 12973
f 12971 12974 12972
f 12968 12970 12975
f 12975 12973 12968
f 12973 12975 12974
f 12974 12971 12973
f 12976 12974 12975
f 12949 12948 12977
f 12978 12949 12977
f 12978 12977 12979
f 12980 12978 12979
f 12934 12962 12981
f 12981 12952 12934
f 12952 12981 12982
f 12982 12953 12952
f 12962 12965 12983
f 12983 12981 12962
f 12981 12983 12984
f 12984 12982 12981
f 12953 12982 12985
f 12985 12955 12953
f 12955 12985 12977
f 12977 12948 12955
f 12982 12984 12986
f 12986 12985 12982
f 12977 12985 12986
f 12979 12977 12986
f 12979 12987 12988
f 12988 12980 12979
f 12988 12987 12989
f 12990 12988 12989
f 12965 12972 12991
f 12991 12983 12965
f 12983 12991 12992
f 12992 12984 12983
f 12974 12993 12991
f 12991 12972 12974
f 12994 12991 12993
f 12991 12994 12995
f 12995 12992 12991
f 12993 12974 12976
f 12984 12992 12996
f 12996 12986 12984
f 12979 12986 12996
f 12987 12979 12996
f 12992 12995 12997
f 12997 12996 12992
f 12987 12996 12997
f 12989 12987 12997
f 12773 12998 12999
f 12999 12774 12773
f 12775 13000 13001
f 13001 12776 12775
f 12773 12776 13001
f 12998 12773 13001
f 12998 13002 13003
f 13003 12999 12998
f 13000 13004 13005
f 13005 13001 13000
f 12998 13001 13005
f 13002 12998 13005
f 13003 13002 13006
f 13007 13003 13006
f 13008 13009 13005
f 13005 13004 13008
f 13002 13005 13009
f 13006 13002 13009
f 13007 13006 13010
f 13011 13007 13010
f 13009 13008 13012
f 13013 13009 13012
f 13006 13009 13013
f 13010 13006 13013
f 12634 12786 13014
f 12854 12634 13014
f 12787 13015 13016
f 13016 12788 12787
f 12788 13016 13014
f 13014 12786 12788
f 13014 13017 12856
f 12856 12854 13014
f 13016 13015 13018
f 13019 13016 13018
f 13014 13016 13019
f 13017 13014 13019
f 12787 12774 12999
f 13015 12787 12999
f 12999 13003 13018
f 13018 13015 12999
f 13020 13021 13022
f 13021 13020 12866
f 13017 13021 12866
f 12866 12856 13017
f 13018 13023 13021
f 13021 13019 13018
f 13022 13021 13023
f 13019 13021 13017
f 13020 13022 13024
f 13025 13020 13024
f 12866 13020 13025
f 12868 12866 13025
f 13023 13026 13024
f 13024 13022 13023
f 13018 13003 13007
f 13023 13018 13007
f 13023 13007 13011
f 13026 13023 13011
f 12798 13027 13028
f 13028 12799 12798
f 12800 12711 12936
f 13029 12800 12936
f 12800 13029 13027
f 13027 12798 12800
f 13030 13031 13032
f 13031 13030 13033
f 13028 13027 13031
f 13033 13028 13031
f 12936 12938 13031
f 13031 13029 12936
f 13032 13031 12938
f 13029 13031 13027
f 12775 12799 13028
f 13000 12775 13028
f 13028 13033 13004
f 13004 13000 13028
f 13032 13034 13035
f 13035 13030 13032
f 13033 13030 13035
f 13036 13033 13035
f 12938 12947 13034
f 13034 13032 12938
f 13035 13034 13037
f 13038 13035 13037
f 13036 13035 13038
f 13039 13036 13038
f 13034 12947 12949
f 13037 13034 12949
f 13033 13036 13008
f 13008 13004 13033
f 13036 13039 13012
f 13012 13008 13036
f 13011 13010 13040
f 13041 13011 13040
f 13013 13012 13042
f 13043 13013 13042
f 13013 13043 13040
f 13040 13010 13013
f 13040 13044 13045
f 13045 13041 13040
f 13043 13042 13046
f 13047 13043 13046
f 13043 13047 13044
f 13044 13040 13043
f 13044 13048 13049
f 13049 13045 13044
f 13046 13050 13051
f 13051 13047 13046
f 13047 13051 13048
f 13048 13044 13047
f 13048 13052 13053
f 13053 13049 13048
f 13050 13054 13055
f 13055 13051 13050
f 13048 13051 13055
f 13052 13048 13055
f 13025 13024 13056
f 13057 13025 13056
f 12868 13025 13057
f 12895 12868 13057
f 13026 13058 13056
f 13056 13024 13026
f 13057 13056 13059
f 13060 13057 13059
f 13057 13060 12897
f 12897 12895 13057
f 13056 13058 13061
f 13059 13056 13061
f 13026 13011 13041
f 13058 13026 13041
f 13041 13045 13061
f 13061 13058 13041
f 13059 13062 13063
f 13063 13060 13059
f 13060 13063 12908
f 12908 12897 13060
f 13059 13061 13064
f 13062 13059 13064
f 13062 13065 13066
f 13066 13063 13062
f 13063 13066 12910
f 12910 12908 13063
f 13062 13064 13067
f 13065 13062 13067
f 13045 13049 13064
f 13064 13061 13045
f 13049 13053 13067
f 13067 13064 13049
f 13038 13037 13068
f 13069 13038 13068
f 13038 13069 13070
f 13070 13039 13038
f 13037 12949 12978
f 13068 13037 12978
f 13069 13068 13071
f 13072 13069 13071
f 13069 13072 13073
f 13073 13070 13069
f 13068 12978 12980
f 13071 13068 12980
f 13039 13070 13042
f 13042 13012 13039
f 13070 13073 13046
f 13046 13042 13070
f 13071 13074 13072
f 13074 13075 13076
f 13073 13072 13074
f 13076 13073 13074
f 12980 12988 13074
f 13074 13071 12980
f 13077 13074 12988
f 13075 13074 13077
f 13076 13075 13078
f 13079 13076 13078
f 12988 12990 13080
f 13080 13077 12988
f 13077 13080 13078
f 13078 13075 13077
f 13046 13073 13076
f 13050 13046 13076
f 13050 13076 13079
f 13054 13050 13079
f 12885 13081 13082
f 13082 12886 12885
f 12885 12887 13083
f 13081 12885 13083
f 13081 13084 13085
f 13085 13082 13081
f 13081 13083 13086
f 13084 13081 13086
f 13084 13087 13088
f 13088 13085 13084
f 13086 13089 13087
f 13087 13084 13086
f 13087 13090 13091
f 13091 13088 13087
f 13089 13092 13090
f 13090 13087 13089
f 12887 12905 13093
f 13083 12887 13093
f 12906 13094 13095
f 13095 12907 12906
f 12907 13095 13093
f 13093 12905 12907
f 13083 13093 13096
f 13086 13083 13096
f 13094 13097 13098
f 13098 13095 13094
f 13095 13098 13096
f 13096 13093 13095
f 12910 13099 13100
f 13100 12911 12910
f 13100 13099 13101
f 13102 13100 13101
f 12906 12913 13103
f 13094 12906 13103
f 12911 13100 13103
f 13103 12913 12911
f 13094 13103 13104
f 13097 13094 13104
f 13100 13102 13104
f 13104 13103 13100
f 13096 13105 13089
f 13089 13086 13096
f 13098 13097 13106
f 13107 13098 13106
f 13096 13098 13107
f 13105 13096 13107
f 13105 13108 13092
f 13092 13089 13105
f 13107 13106 13109
f 13110 13107 13109
f 13105 13107 13110
f 13108 13105 13110
f 13101 13111 13112
f 13112 13102 13101
f 13112 13111 13113
f 13114 13112 13113
f 13104 13115 13106
f 13106 13097 13104
f 13104 13102 13112
f 13115 13104 13112
f 13115 13116 13109
f 13109 13106 13115
f 13115 13112 13114
f 13116 13115 13114
f 13091 13090 13117
f 13118 13091 13117
f 13092 13119 13117
f 13117 13090 13092
f 13118 13117 13120
f 13121 13118 13120
f 13119 13122 13120
f 13120 13117 13119
f 13123 13124 13125
f 13121 13120 13126
f 13127 13121 13126
f 13122 13128 13126
f 13126 13120 13122
f 13126 13129 13124
f 13124 13127 13126
f 13125 13124 13129
f 13128 13130 13129
f 13129 13126 13128
f 13108 13131 13119
f 13119 13092 13108
f 13109 13132 13133
f 13133 13110 13109
f 13110 13133 13131
f 13131 13108 13110
f 13119 13131 13134
f 13122 13119 13134
f 13132 13135 13136
f 13136 13133 13132
f 13133 13136 13134
f 13134 13131 13133
f 13113 13137 13138
f 13138 13114 13113
f 13137 13139 13140
f 13140 13138 13137
f 13109 13116 13141
f 13132 13109 13141
f 13114 13138 13141
f 13141 13116 13114
f 13132 13141 13142
f 13135 13132 13142
f 13138 13140 13142
f 13142 13141 13138
f 13122 13134 13143
f 13128 13122 13143
f 13135 13144 13145
f 13145 13136 13135
f 13136 13145 13143
f 13143 13134 13136
f 13143 13146 13130
f 13130 13128 13143
f 13145 13144 13147
f 13148 13145 13147
f 13143 13145 13148
f 13146 13143 13148
f 13139 13149 13150
f 13150 13140 13139
f 13150 13149 13151
f 13152 13150 13151
f 13135 13142 13153
f 13144 13135 13153
f 13140 13150 13153
f 13153 13142 13140
f 13153 13154 13147
f 13147 13144 13153
f 13153 13150 13152
f 13154 13153 13152
f 5929 6109 13155
f 13155 12969 5929
f 12970 12969 13155
f 13156 12970 13155
f 13155 6109 6112
f 13157 13155 6112
f 13156 13155 13157
f 13158 13156 13157
f 12970 13156 13159
f 13159 12975 12970
f 12975 13159 13160
f 13160 12976 12975
f 13156 13158 13161
f 13161 13159 13156
f 13159 13161 13162
f 13162 13160 13159
f 13157 6112 6119
f 13163 13157 6119
f 13158 13157 13163
f 13164 13158 13163
f 13163 6119 6122
f 13165 13163 6122
f 13164 13163 13165
f 13166 13164 13165
f 13158 13164 13167
f 13167 13161 13158
f 13161 13167 13168
f 13168 13162 13161
f 13164 13166 13169
f 13169 13167 13164
f 13167 13169 13170
f 13170 13168 13167
f 12990 12989 13171
f 13172 12990 13171
f 13172 13171 13173
f 13174 13172 13173
f 12994 12993 13175
f 13176 12994 13175
f 12994 13176 13177
f 13177 12995 12994
f 12993 12976 13160
f 13175 12993 13160
f 13176 13175 13178
f 13179 13176 13178
f 13176 13179 13180
f 13180 13177 13176
f 13175 13160 13162
f 13178 13175 13162
f 12995 13177 13181
f 13181 12997 12995
f 12989 12997 13181
f 13171 12989 13181
f 13177 13180 13182
f 13182 13181 13177
f 13171 13181 13182
f 13173 13171 13182
f 13174 13173 13183
f 13184 13174 13183
f 13184 13183 13185
f 13186 13184 13185
f 13179 13178 13187
f 13188 13179 13187
f 13179 13188 13189
f 13189 13180 13179
f 13178 13162 13168
f 13187 13178 13168
f 13187 13190 13188
f 13190 13191 13192
f 13189 13188 13190
f 13192 13189 13190
f 13168 13170 13190
f 13190 13187 13168
f 13193 13190 13170
f 13191 13190 13193
f 13180 13189 13194
f 13194 13182 13180
f 13173 13182 13194
f 13183 13173 13194
f 13189 13192 13195
f 13195 13194 13189
f 13194 13195 13185
f 13185 13183 13194
f 6122 6155 13196
f 13196 13165 6122
f 13165 13196 13197
f 13197 13166 13165
f 6155 6157 13198
f 13198 13196 6155
f 13196 13198 13199
f 13199 13197 13196
f 13169 13166 13197
f 13200 13169 13197
f 13170 13169 13200
f 13201 13170 13200
f 13200 13197 13199
f 13202 13200 13199
f 13201 13200 13202
f 13203 13201 13202
f 13198 6157 6166
f 13204 13198 6166
f 13199 13198 13204
f 13205 13199 13204
f 13204 6166 6168
f 13206 13204 6168
f 13205 13204 13206
f 13207 13205 13206
f 13199 13205 13208
f 13208 13202 13199
f 13202 13208 13209
f 13209 13203 13202
f 13205 13207 13210
f 13210 13208 13205
f 13208 13210 13211
f 13211 13209 13208
f 13185 13212 13213
f 13213 13186 13185
f 13212 13214 13215
f 13215 13213 13212
f 13216 13217 13218
f 13217 13216 13192
f 13192 13191 13217
f 13219 13192 13216
f 13170 13201 13218
f 13217 13193 13170
f 13218 13217 13170
f 13193 13217 13191
f 13218 13220 13221
f 13221 13216 13218
f 13219 13216 13221
f 13222 13219 13221
f 13201 13203 13220
f 13220 13218 13201
f 13195 13192 13219
f 13223 13195 13219
f 13195 13223 13212
f 13212 13185 13195
f 13223 13219 13222
f 13224 13223 13222
f 13223 13224 13214
f 13214 13212 13223
f 13214 13225 13226
f 13226 13215 13214
f 13226 13225 13227
f 13228 13226 13227
f 13221 13220 13229
f 13230 13221 13229
f 13221 13230 13231
f 13231 13222 13221
f 13220 13203 13209
f 13229 13220 13209
f 13229 13232 13233
f 13233 13230 13229
f 13230 13233 13234
f 13234 13231 13230
f 13229 13209 13211
f 13232 13229 13211
f 13224 13222 13231
f 13235 13224 13231
f 13224 13235 13225
f 13225 13214 13224
f 13231 13234 13236
f 13236 13235 13231
f 13225 13235 13236
f 13227 13225 13236
f 13052 13237 13238
f 13238 13053 13052
f 13054 13239 13240
f 13240 13055 13054
f 13052 13055 13240
f 13237 13052 13240
f 13237 13241 13242
f 13242 13238 13237
f 13240 13239 13243
f 13244 13240 13243
f 13237 13240 13244
f 13241 13237 13244
f 13242 13241 13245
f 13246 13242 13245
f 13244 13243 13247
f 13248 13244 13247
f 13244 13248 13245
f 13245 13241 13244
f 13245 13249 13250
f 13250 13246 13245
f 13247 13251 13252
f 13252 13248 13247
f 13245 13248 13252
f 13249 13245 13252
f 13065 13253 13066
f 13253 13254 13099
f 12910 13066 13253
f 13099 12910 13253
f 13067 13255 13253
f 13253 13065 13067
f 13256 13253 13255
f 13254 13253 13256
f 13254 13257 13101
f 13101 13099 13254
f 13255 13258 13259
f 13259 13256 13255
f 13254 13256 13259
f 13257 13254 13259
f 13067 13053 13238
f 13255 13067 13238
f 13255 13238 13242
f 13258 13255 13242
f 13260 13261 13262
f 13261 13260 13111
f 13101 13257 13261
f 13111 13101 13261
f 13258 13263 13261
f 13261 13259 13258
f 13262 13261 13263
f 13259 13261 13257
f 13262 13264 13265
f 13265 13260 13262
f 13111 13260 13265
f 13113 13111 13265
f 13263 13266 13264
f 13264 13262 13263
f 13258 13242 13246
f 13263 13258 13246
f 13246 13250 13266
f 13266 13263 13246
f 13079 13078 13267
f 13268 13079 13267
f 12990 13172 13269
f 13269 13080 12990
f 13078 13080 13269
f 13267 13078 13269
f 13268 13267 13270
f 13271 13268 13270
f 13172 13174 13272
f 13272 13269 13172
f 13269 13272 13270
f 13270 13267 13269
f 13054 13079 13268
f 13239 13054 13268
f 13268 13271 13243
f 13243 13239 13268
f 13271 13270 13273
f 13274 13271 13273
f 13272 13174 13184
f 13275 13272 13184
f 13272 13275 13273
f 13273 13270 13272
f 13276 13277 13278
f 13277 13276 13279
f 13274 13273 13277
f 13279 13274 13277
f 13184 13186 13277
f 13277 13275 13184
f 13278 13277 13186
f 13275 13277 13273
f 13271 13274 13247
f 13247 13243 13271
f 13274 13279 13251
f 13251 13247 13274
f 13249 13280 13281
f 13281 13250 13249
f 13251 13282 13283
f 13283 13252 13251
f 13249 13252 13283
f 13280 13249 13283
f 13280 13284 13285
f 13285 13281 13280
f 13282 13286 13287
f 13287 13283 13282
f 13280 13283 13287
f 13284 13280 13287
f 13284 13288 13289
f 13289 13285 13284
f 13287 13286 13290
f 13291 13287 13290
f 13284 13287 13291
f 13288 13284 13291
f 13289 13288 13292
f 13293 13289 13292
f 13291 13290 13294
f 13295 13291 13294
f 13291 13295 13292
f 13292 13288 13291
f 13264 13296 13297
f 13297 13265 13264
f 13265 13297 13137
f 13137 13113 13265
f 13264 13266 13298
f 13296 13264 13298
f 13296 13299 13297
f 13299 13300 13139
f 13137 13297 13299
f 13139 13137 13299
f 13298 13301 13299
f 13299 13296 13298
f 13302 13299 13301
f 13300 13299 13302
f 13250 13281 13298
f 13298 13266 13250
f 13281 13285 13301
f 13301 13298 13281
f 13139 13300 13303
f 13149 13139 13303
f 13301 13304 13305
f 13305 13302 13301
f 13302 13305 13303
f 13303 13300 13302
f 13303 13306 13151
f 13151 13149 13303
f 13305 13304 13307
f 13308 13305 13307
f 13305 13308 13306
f 13306 13303 13305
f 13301 13285 13289
f 13304 13301 13289
f 13289 13293 13307
f 13307 13304 13289
f 13278 13309 13310
f 13310 13276 13278
f 13279 13276 13310
f 13311 13279 13310
f 13186 13213 13309
f 13309 13278 13186
f 13309 13312 13313
f 13313 13310 13309
f 13311 13310 13313
f 13314 13311 13313
f 13309 13213 13215
f 13312 13309 13215
f 13251 13279 13311
f 13282 13251 13311
f 13282 13311 13314
f 13286 13282 13314
f 13312 13315 13316
f 13316 13313 13312
f 13313 13316 13317
f 13317 13314 13313
f 13312 13215 13226
f 13315 13312 13226
f 13315 13318 13319
f 13319 13316 13315
f 13316 13319 13320
f 13320 13317 13316
f 13226 13228 13318
f 13318 13315 13226
f 13286 13314 13317
f 13290 13286 13317
f 13317 13320 13294
f 13294 13290 13317
f 9247 12831 13321
f 9743 9247 13321
f 12831 12832 13322
f 13321 12831 13322
f 13321 13323 9745
f 9745 9743 13321
f 13322 13324 13323
f 13323 13321 13322
f 12612 12834 13322
f 13322 12832 12612
f 12834 12837 13324
f 13324 13322 12834
f 13323 13325 9749
f 9749 9745 13323
f 12840 12839 13325
f 13323 13324 12840
f 13325 13323 12840
f 13325 13326 9751
f 9751 9749 13325
f 13325 12839 12843
f 13326 13325 12843
f 12837 12840 13324
f 13326 13327 9754
f 9754 9751 13326
f 13326 12843 12873
f 13327 13326 12873
f 9754 13327 13328
f 9756 9754 13328
f 12873 12875 13328
f 13328 13327 12873
f 9756 13328 13329
f 9761 9756 13329
f 12875 12881 13329
f 13329 13328 12875
f 9761 13329 13330
f 9763 9761 13330
f 12882 13331 13330
f 13329 12881 12882
f 13330 13329 12882
f 13331 12882 12886
f 9763 13330 13332
f 9769 9763 13332
f 13330 13331 13333
f 13332 13330 13333
f 13332 13334 9771
f 9771 9769 13332
f 13333 13335 13334
f 13334 13332 13333
f 12886 13082 13333
f 13333 13331 12886
f 13082 13085 13335
f 13335 13333 13082
f 13334 13336 9777
f 9777 9771 13334
f 13335 13337 13336
f 13336 13334 13335
f 9777 13336 13338
f 9779 9777 13338
f 13336 13337 13339
f 13338 13336 13339
f 13335 13085 13088
f 13337 13335 13088
f 13088 13091 13339
f 13339 13337 13088
f 9779 13338 13340
f 9784 9779 13340
f 13338 13339 13341
f 13340 13338 13341
f 9784 13340 13342
f 9786 9784 13342
f 13341 13343 13342
f 13342 13340 13341
f 13339 13091 13118
f 13341 13339 13118
f 13118 13121 13343
f 13343 13341 13118
f 13342 13344 9790
f 9790 9786 13342
f 13343 13345 13344
f 13344 13342 13343
f 13344 13346 9792
f 9792 9790 13344
f 13124 13123 13346
f 13344 13345 13124
f 13346 13344 13124
f 13343 13121 13127
f 13345 13343 13127
f 13127 13124 13345
f 13125 13347 13123
f 13129 13348 13347
f 13347 13125 13129
f 13349 13347 13348
f 13130 13350 13348
f 13348 13129 13130
f 13349 13348 13351
f 13352 13349 13351
f 13350 13353 13351
f 13351 13348 13350
f 13354 13355 13356
f 13354 13356 13357
f 13358 13354 13357
f 13351 13359 13355
f 13355 13352 13351
f 13356 13355 13359
f 13353 13360 13359
f 13359 13351 13353
f 13359 13361 13357
f 13357 13356 13359
f 13360 13362 13361
f 13361 13359 13360
f 13146 13363 13350
f 13350 13130 13146
f 13148 13147 13364
f 13365 13148 13364
f 13146 13148 13365
f 13363 13146 13365
f 13366 13367 13368
f 13367 13366 13350
f 13350 13363 13367
f 13353 13350 13366
f 13364 13369 13367
f 13367 13365 13364
f 13368 13367 13369
f 13365 13367 13363
f 13152 13151 13370
f 13371 13152 13370
f 13371 13370 13372
f 13373 13371 13372
f 13154 13374 13364
f 13364 13147 13154
f 13154 13152 13371
f 13374 13154 13371
f 13374 13375 13369
f 13369 13364 13374
f 13374 13371 13373
f 13375 13374 13373
f 13366 13368 13376
f 13377 13366 13376
f 13353 13366 13377
f 13360 13353 13377
f 13369 13378 13376
f 13376 13368 13369
f 13377 13376 13379
f 13380 13377 13379
f 13360 13377 13380
f 13362 13360 13380
f 13378 13381 13379
f 13379 13376 13378
f 13382 13383 13384
f 13372 13385 13383
f 13383 13373 13372
f 13384 13383 13385
f 13382 13384 13386
f 13387 13382 13386
f 13385 13388 13386
f 13386 13384 13385
f 13383 13382 13378
f 13369 13375 13383
f 13378 13369 13383
f 13373 13383 13375
f 13378 13382 13387
f 13381 13378 13387
f 13358 13357 13389
f 13390 13358 13389
f 13390 13389 13391
f 13392 13390 13391
f 13361 13393 13389
f 13389 13357 13361
f 13361 13362 13394
f 13393 13361 13394
f 13393 13395 13391
f 13391 13389 13393
f 13394 13396 13395
f 13395 13393 13394
f 13392 13391 13397
f 13398 13392 13397
f 13397 13399 13400
f 13400 13398 13397
f 13395 13401 13397
f 13397 13391 13395
f 13396 13402 13401
f 13401 13395 13396
f 13397 13401 13403
f 13399 13397 13403
f 13401 13402 13404
f 13403 13401 13404
f 13379 13405 13406
f 13406 13380 13379
f 13362 13380 13406
f 13394 13362 13406
f 13379 13381 13407
f 13405 13379 13407
f 13406 13405 13408
f 13409 13406 13408
f 13406 13409 13396
f 13396 13394 13406
f 13407 13410 13408
f 13408 13405 13407
f 13387 13386 13411
f 13412 13387 13411
f 13388 13413 13411
f 13411 13386 13388
f 13412 13411 13414
f 13415 13412 13414
f 13413 13416 13414
f 13414 13411 13413
f 13381 13387 13412
f 13407 13381 13412
f 13407 13412 13415
f 13410 13407 13415
f 13409 13408 13417
f 13418 13409 13417
f 13396 13409 13418
f 13402 13396 13418
f 13410 13419 13417
f 13417 13408 13410
f 13418 13417 13420
f 13421 13418 13420
f 13402 13418 13421
f 13404 13402 13421
f 13419 13422 13420
f 13420 13417 13419
f 13415 13414 13423
f 13424 13415 13423
f 13416 13425 13423
f 13423 13414 13416
f 13424 13423 13426
f 13427 13424 13426
f 13425 13428 13426
f 13426 13423 13425
f 13410 13415 13424
f 13419 13410 13424
f 13419 13424 13427
f 13422 13419 13427
f 6168 6394 13429
f 13429 13206 6168
f 13206 13429 13430
f 13430 13207 13206
f 13429 6394 6396
f 13431 13429 6396
f 13430 13429 13431
f 13432 13430 13431
f 13210 13207 13430
f 13433 13210 13430
f 13211 13210 13433
f 13434 13211 13433
f 13433 13430 13432
f 13435 13433 13432
f 13434 13433 13435
f 13436 13434 13435
f 13431 6396 6405
f 13437 13431 6405
f 13432 13431 13437
f 13438 13432 13437
f 13437 6405 6407
f 13439 13437 6407
f 13438 13437 13439
f 13440 13438 13439
f 13435 13432 13438
f 13441 13435 13438
f 13436 13435 13441
f 13442 13436 13441
f 13441 13438 13440
f 13443 13441 13440
f 13442 13441 13443
f 13444 13442 13443
f 13228 13227 13445
f 13446 13228 13445
f 13445 13447 13448
f 13448 13446 13445
f 13232 13449 13450
f 13450 13233 13232
f 13234 13233 13450
f 13451 13234 13450
f 13211 13434 13449
f 13449 13232 13211
f 13449 13452 13453
f 13453 13450 13449
f 13451 13450 13453
f 13454 13451 13453
f 13434 13436 13452
f 13452 13449 13434
f 13234 13451 13455
f 13455 13236 13234
f 13236 13455 13445
f 13445 13227 13236
f 13455 13451 13454
f 13456 13455 13454
f 13455 13456 13447
f 13447 13445 13455
f 13447 13457 13458
f 13458 13448 13447
f 13459 13460 13461
f 13460 13459 13462
f 13458 13457 13460
f 13462 13458 13460
f 13452 13463 13464
f 13464 13453 13452
f 13454 13453 13464
f 13465 13454 13464
f 13436 13442 13463
f 13463 13452 13436
f 13463 13466 13467
f 13467 13464 13463
f 13465 13464 13467
f 13468 13465 13467
f 13442 13444 13466
f 13466 13463 13442
f 13456 13454 13465
f 13469 13456 13465
f 13456 13469 13457
f 13457 13447 13456
f 13465 13468 13460
f 13460 13469 13465
f 13461 13460 13468
f 13469 13460 13457
f 6407 6439 13470
f 13470 13439 6407
f 13440 13439 13470
f 13471 13440 13470
f 6439 6441 13472
f 13472 13470 6439
f 13471 13470 13472
f 13473 13471 13472
f 13443 13440 13471
f 13474 13443 13471
f 13444 13443 13474
f 13475 13444 13474
f 13476 13477 13478
f 13474 13471 13473
f 13479 13474 13473
f 13474 13479 13477
f 13477 13475 13474
f 13478 13477 13479
f 13472 6441 6449
f 13480 13472 6449
f 13473 13472 13480
f 13481 13473 13480
f 6449 6451 13482
f 13482 13480 6449
f 13481 13480 13482
f 13483 13481 13482
f 13478 13484 13485
f 13485 13476 13478
f 13479 13473 13481
f 13486 13479 13481
f 13478 13479 13486
f 13484 13478 13486
f 13484 13487 13488
f 13488 13485 13484
f 13486 13481 13483
f 13489 13486 13483
f 13486 13489 13487
f 13487 13484 13486
f 13461 13490 13491
f 13491 13459 13461
f 13462 13459 13491
f 13492 13462 13491
f 13490 13493 13494
f 13494 13491 13490
f 13492 13491 13494
f 13495 13492 13494
f 13466 13496 13497
f 13497 13467 13466
f 13468 13467 13497
f 13498 13468 13497
f 13444 13475 13496
f 13496 13466 13444
f 13477 13476 13499
f 13497 13496 13477
f 13499 13497 13477
f 13498 13497 13499
f 13500 13498 13499
f 13475 13477 13496
f 13468 13498 13490
f 13490 13461 13468
f 13498 13500 13493
f 13493 13490 13498
f 13493 13501 13502
f 13502 13494 13493
f 13495 13494 13502
f 13503 13495 13502
f 13501 13504 13505
f 13505 13502 13501
f 13503 13502 13505
f 13506 13503 13505
f 13499 13476 13485
f 13507 13499 13485
f 13500 13499 13507
f 13508 13500 13507
f 13507 13485 13488
f 13509 13507 13488
f 13508 13507 13509
f 13510 13508 13509
f 13500 13508 13501
f 13501 13493 13500
f 13508 13510 13504
f 13504 13501 13508
f 13293 13292 13511
f 13512 13293 13511
f 13295 13294 13513
f 13514 13295 13513
f 13295 13514 13511
f 13511 13292 13295
f 13512 13511 13515
f 13516 13512 13515
f 13514 13513 13517
f 13518 13514 13517
f 13514 13518 13515
f 13515 13511 13514
f 13516 13515 13519
f 13520 13516 13519
f 13517 13521 13522
f 13522 13518 13517
f 13518 13522 13519
f 13519 13515 13518
f 13520 13519 13523
f 13524 13520 13523
f 13521 13525 13526
f 13526 13522 13521
f 13522 13526 13523
f 13523 13519 13522
f 13306 13527 13370
f 13370 13151 13306
f 13308 13307 13528
f 13529 13308 13528
f 13306 13308 13529
f 13527 13306 13529
f 13530 13531 13532
f 13531 13530 13372
f 13370 13527 13531
f 13372 13370 13531
f 13528 13533 13531
f 13531 13529 13528
f 13532 13531 13533
f 13529 13531 13527
f 13293 13512 13528
f 13528 13307 13293
f 13512 13516 13533
f 13533 13528 13512
f 13530 13532 13534
f 13535 13530 13534
f 13372 13530 13535
f 13385 13372 13535
f 13533 13536 13534
f 13534 13532 13533
f 13535 13534 13537
f 13538 13535 13537
f 13385 13535 13538
f 13388 13385 13538
f 13536 13539 13537
f 13537 13534 13536
f 13516 13520 13536
f 13536 13533 13516
f 13536 13520 13524
f 13539 13536 13524
f 13318 13540 13541
f 13541 13319 13318
f 13320 13319 13541
f 13542 13320 13541
f 13228 13446 13540
f 13540 13318 13228
f 13540 13543 13544
f 13544 13541 13540
f 13542 13541 13544
f 13545 13542 13544
f 13446 13448 13543
f 13543 13540 13446
f 13294 13320 13542
f 13513 13294 13542
f 13513 13542 13545
f 13517 13513 13545
f 13543 13546 13547
f 13547 13544 13543
f 13544 13547 13548
f 13548 13545 13544
f 13448 13458 13546
f 13546 13543 13448
f 13546 13549 13550
f 13550 13547 13546
f 13548 13547 13550
f 13551 13548 13550
f 13458 13462 13549
f 13549 13546 13458
f 13517 13545 13548
f 13521 13517 13548
f 13548 13551 13525
f 13525 13521 13548
f 13552 13553 13554
f 13555 13556 13557
f 13524 13523 13558
f 13559 13524 13558
f 13525 13560 13561
f 13561 13526 13525
f 13526 13561 13558
f 13558 13523 13526
f 13562 13563 13564
f 13563 13562 13559
f 13559 13558 13563
f 13553 13559 13562
f 13554 13553 13562
f 13556 13555 13564
f 13561 13560 13556
f 13563 13561 13556
f 13564 13563 13556
f 13561 13563 13558
f 13552 13554 13565
f 13566 13552 13565
f 13566 13565 13567
f 13568 13566 13567
f 13557 13569 13570
f 13570 13555 13557
f 13569 13571 13572
f 13572 13570 13569
f 13564 13573 13574
f 13574 13562 13564
f 13554 13562 13574
f 13565 13554 13574
f 13555 13570 13573
f 13573 13564 13555
f 13573 13575 13576
f 13576 13574 13573
f 13565 13574 13576
f 13567 13565 13576
f 13573 13570 13572
f 13575 13573 13572
f 13538 13537 13577
f 13578 13538 13577
f 13388 13538 13578
f 13413 13388 13578
f 13539 13579 13577
f 13577 13537 13539
f 13578 13577 13580
f 13581 13578 13580
f 13413 13578 13581
f 13416 13413 13581
f 13553 13552 13580
f 13577 13579 13553
f 13580 13577 13553
f 13539 13524 13559
f 13579 13539 13559
f 13559 13553 13579
f 13581 13580 13582
f 13583 13581 13582
f 13416 13581 13583
f 13425 13416 13583
f 13580 13552 13566
f 13582 13580 13566
f 13583 13582 13584
f 13585 13583 13584
f 13425 13583 13585
f 13428 13425 13585
f 13582 13566 13568
f 13584 13582 13568
f 13549 13586 13587
f 13587 13550 13549
f 13551 13550 13587
f 13588 13551 13587
f 13462 13492 13586
f 13586 13549 13462
f 13586 13589 13590
f 13590 13587 13586
f 13587 13590 13556
f 13556 13588 13587
f 13557 13556 13590
f 13492 13495 13589
f 13589 13586 13492
f 13551 13588 13560
f 13560 13525 13551
f 13588 13556 13560
f 13589 13591 13592
f 13592 13590 13589
f 13590 13592 13569
f 13569 13557 13590
f 13495 13503 13591
f 13591 13589 13495
f 13591 13593 13594
f 13594 13592 13591
f 13592 13594 13571
f 13571 13569 13592
f 13503 13506 13593
f 13593 13591 13503
f 13399 13595 13596
f 13596 13400 13399
f 13595 13597 13596
f 13399 13403 13598
f 13595 13399 13598
f 13403 13404 13599
f 13598 13403 13599
f 13598 13600 13597
f 13597 13595 13598
f 13601 13597 13600
f 13598 13599 13602
f 13600 13598 13602
f 13603 13604 13605
f 13603 13605 13606
f 13607 13603 13606
f 13600 13608 13604
f 13604 13601 13600
f 13605 13604 13608
f 13602 13609 13608
f 13608 13600 13602
f 13608 13610 13606
f 13606 13605 13608
f 13609 13611 13610
f 13610 13608 13609
f 13420 13612 13613
f 13613 13421 13420
f 13421 13613 13599
f 13599 13404 13421
f 13422 13614 13612
f 13612 13420 13422
f 13612 13615 13616
f 13616 13613 13612
f 13613 13616 13602
f 13602 13599 13613
f 13612 13614 13617
f 13615 13612 13617
f 13427 13426 13618
f 13619 13427 13618
f 13428 13620 13618
f 13618 13426 13428
f 13618 13621 13622
f 13622 13619 13618
f 13618 13620 13623
f 13621 13618 13623
f 13422 13427 13619
f 13614 13422 13619
f 13619 13622 13617
f 13617 13614 13619
f 13615 13624 13625
f 13625 13616 13615
f 13616 13625 13609
f 13609 13602 13616
f 13615 13617 13626
f 13624 13615 13626
f 13624 13627 13628
f 13628 13625 13624
f 13625 13628 13611
f 13611 13609 13625
f 13624 13626 13629
f 13627 13624 13629
f 13621 13630 13631
f 13631 13622 13621
f 13621 13623 13632
f 13630 13621 13632
f 13630 13633 13634
f 13634 13631 13630
f 13630 13632 13635
f 13633 13630 13635
f 13622 13631 13626
f 13626 13617 13622
f 13631 13634 13629
f 13629 13626 13631
f 13636 13637 13638
f 13607 13606 13639
f 13637 13607 13639
f 13638 13637 13639
f 13636 13638 13640
f 13641 13636 13640
f 13639 13642 13640
f 13640 13638 13639
f 13610 13643 13639
f 13639 13606 13610
f 13611 13644 13643
f 13643 13610 13611
f 13643 13645 13642
f 13642 13639 13643
f 13644 13646 13645
f 13645 13643 13644
f 13641 13640 13647
f 10290 13641 13647
f 10291 10290 13647
f 13642 13648 13647
f 13647 13640 13642
f 13647 13649 10294
f 10294 10291 13647
f 13648 13650 13649
f 13649 13647 13648
f 13642 13645 13651
f 13648 13642 13651
f 13646 13652 13651
f 13651 13645 13646
f 13648 13651 13653
f 13650 13648 13653
f 13652 13654 13653
f 13653 13651 13652
f 13628 13627 13655
f 13656 13628 13655
f 13611 13628 13656
f 13644 13611 13656
f 13629 13657 13655
f 13655 13627 13629
f 13656 13655 13658
f 13659 13656 13658
f 13644 13656 13659
f 13646 13644 13659
f 13657 13660 13658
f 13658 13655 13657
f 13634 13633 13661
f 13662 13634 13661
f 13635 13663 13661
f 13661 13633 13635
f 13662 13661 13664
f 13665 13662 13664
f 13663 13666 13664
f 13664 13661 13663
f 13629 13634 13662
f 13657 13629 13662
f 13657 13662 13665
f 13660 13657 13665
f 13659 13658 13667
f 13668 13659 13667
f 13646 13659 13668
f 13652 13646 13668
f 13660 13669 13667
f 13667 13658 13660
f 13668 13667 13670
f 13671 13668 13670
f 13652 13668 13671
f 13654 13652 13671
f 13669 13672 13670
f 13670 13667 13669
f 13665 13664 13673
f 13674 13665 13673
f 13666 13675 13673
f 13673 13664 13666
f 13674 13673 13676
f 13677 13674 13676
f 13675 13678 13676
f 13676 13673 13675
f 13660 13665 13674
f 13669 13660 13674
f 13677 13672 13669
f 13669 13674 13677
f 13482 6451 6631
f 13679 13482 6631
f 13483 13482 13679
f 13680 13483 13679
f 13679 6631 6633
f 13681 13679 6633
f 13679 13681 13682
f 13682 13680 13679
f 13487 13683 13684
f 13684 13488 13487
f 13489 13483 13680
f 13685 13489 13680
f 13487 13489 13685
f 13683 13487 13685
f 13686 13687 13688
f 13687 13686 13689
f 13684 13683 13687
f 13689 13684 13687
f 13680 13682 13687
f 13687 13685 13680
f 13688 13687 13682
f 13685 13687 13683
f 6633 6641 13690
f 13690 13681 6633
f 13682 13681 13690
f 13691 13682 13690
f 6641 6644 13692
f 13692 13690 6641
f 13691 13690 13692
f 13693 13691 13692
f 13688 13694 13695
f 13695 13686 13688
f 13689 13686 13695
f 13696 13689 13695
f 13682 13691 13694
f 13694 13688 13682
f 13694 13697 13695
f 13697 13698 13699
f 13696 13695 13697
f 13699 13696 13697
f 13691 13693 13697
f 13697 13694 13691
f 13700 13697 13693
f 13698 13697 13700
f 13505 13504 13701
f 13702 13505 13701
f 13506 13505 13702
f 13703 13506 13702
f 13701 13704 13705
f 13705 13702 13701
f 13703 13702 13705
f 13706 13703 13705
f 13509 13488 13684
f 13707 13509 13684
f 13509 13707 13708
f 13708 13510 13509
f 13707 13684 13689
f 13709 13707 13689
f 13708 13707 13709
f 13710 13708 13709
f 13504 13510 13708
f 13701 13504 13708
f 13708 13710 13704
f 13704 13701 13708
f 13704 13711 13712
f 13712 13705 13704
f 13706 13705 13712
f 13713 13706 13712
f 13712 13711 13714
f 13715 13712 13714
f 13712 13715 13716
f 13716 13713 13712
f 13709 13689 13696
f 13717 13709 13696
f 13710 13709 13717
f 13718 13710 13717
f 13696 13699 13719
f 13719 13717 13696
f 13717 13719 13720
f 13720 13718 13717
f 13710 13718 13711
f 13711 13704 13710
f 13711 13718 13720
f 13714 13711 13720
f 6644 6675 13721
f 13721 13692 6644
f 13692 13721 13722
f 13722 13693 13692
f 13721 6675 6678
f 13723 13721 6678
f 13721 13723 13724
f 13724 13722 13721
f 13699 13698 13725
f 13726 13699 13725
f 13693 13722 13727
f 13727 13700 13693
f 13698 13700 13727
f 13725 13698 13727
f 13726 13725 13728
f 13729 13726 13728
f 13722 13724 13730
f 13730 13727 13722
f 13725 13727 13730
f 13728 13725 13730
f 13723 6678 6685
f 13731 13723 6685
f 13723 13731 13732
f 13732 13724 13723
f 13731 6685 6688
f 13733 13731 6688
f 13731 13733 13734
f 13734 13732 13731
f 13728 13735 13736
f 13736 13729 13728
f 13730 13724 13732
f 13737 13730 13732
f 13730 13737 13735
f 13735 13728 13730
f 13735 13738 13739
f 13739 13736 13735
f 13737 13732 13734
f 13740 13737 13734
f 13737 13740 13738
f 13738 13735 13737
f 13715 13714 13741
f 13742 13715 13741
f 13715 13742 13743
f 13743 13716 13715
f 13742 13741 13744
f 13745 13742 13744
f 13742 13745 13746
f 13746 13743 13742
f 13699 13726 13747
f 13747 13719 13699
f 13719 13747 13748
f 13748 13720 13719
f 13726 13729 13749
f 13749 13747 13726
f 13747 13749 13750
f 13750 13748 13747
f 13714 13720 13748
f 13741 13714 13748
f 13741 13748 13750
f 13744 13741 13750
f 13744 13751 13752
f 13752 13745 13744
f 13746 13745 13752
f 13753 13746 13752
f 13754 13755 13756
f 13751 13757 13758
f 13758 13752 13751
f 13752 13758 13755
f 13755 13753 13752
f 13756 13755 13758
f 13749 13729 13736
f 13759 13749 13736
f 13750 13749 13759
f 13760 13750 13759
f 13759 13736 13739
f 13761 13759 13739
f 13760 13759 13761
f 13762 13760 13761
f 13750 13760 13751
f 13751 13744 13750
f 13760 13762 13757
f 13757 13751 13760
f 13568 13567 13763
f 13764 13568 13763
f 13763 13765 13766
f 13766 13764 13763
f 13571 13767 13768
f 13768 13572 13571
f 13768 13767 13769
f 13770 13768 13769
f 13576 13575 13771
f 13772 13576 13771
f 13567 13576 13772
f 13763 13567 13772
f 13575 13572 13768
f 13771 13575 13768
f 13772 13771 13773
f 13774 13772 13773
f 13763 13772 13774
f 13765 13763 13774
f 13768 13770 13773
f 13773 13771 13768
f 13765 13775 13776
f 13776 13766 13765
f 13775 13777 13778
f 13778 13776 13775
f 13770 13769 13779
f 13780 13770 13779
f 13780 13779 13781
f 13782 13780 13781
f 13774 13773 13783
f 13784 13774 13783
f 13765 13774 13784
f 13775 13765 13784
f 13773 13770 13780
f 13783 13773 13780
f 13783 13785 13784
f 13785 13786 13777
f 13775 13784 13785
f 13777 13775 13785
f 13783 13780 13782
f 13785 13783 13782
f 13787 13785 13782
f 13786 13785 13787
f 13585 13584 13788
f 13789 13585 13788
f 13428 13585 13789
f 13620 13428 13789
f 13584 13568 13764
f 13788 13584 13764
f 13788 13790 13791
f 13791 13789 13788
f 13789 13791 13623
f 13623 13620 13789
f 13764 13766 13790
f 13790 13788 13764
f 13790 13792 13793
f 13793 13791 13790
f 13791 13793 13632
f 13632 13623 13791
f 13766 13776 13792
f 13792 13790 13766
f 13792 13794 13795
f 13795 13793 13792
f 13793 13795 13635
f 13635 13632 13793
f 13776 13778 13794
f 13794 13792 13776
f 13593 13796 13797
f 13797 13594 13593
f 13594 13797 13767
f 13767 13571 13594
f 13506 13703 13796
f 13796 13593 13506
f 13796 13798 13799
f 13799 13797 13796
f 13767 13797 13799
f 13769 13767 13799
f 13703 13706 13798
f 13798 13796 13703
f 13798 13800 13801
f 13801 13799 13798
f 13769 13799 13801
f 13779 13769 13801
f 13798 13706 13713
f 13800 13798 13713
f 13801 13800 13802
f 13803 13801 13802
f 13779 13801 13803
f 13781 13779 13803
f 13800 13713 13716
f 13802 13800 13716
f 13778 13777 13804
f 13805 13778 13804
f 13805 13804 13806
f 13807 13805 13806
f 13782 13781 13808
f 13809 13782 13808
f 13808 13810 13811
f 13811 13809 13808
f 13812 13813 13814
f 13813 13812 13804
f 13777 13786 13813
f 13804 13777 13813
f 13782 13809 13813
f 13813 13787 13782
f 13814 13813 13809
f 13787 13813 13786
f 13812 13814 13815
f 13816 13812 13815
f 13804 13812 13816
f 13806 13804 13816
f 13809 13811 13815
f 13815 13814 13809
f 13807 13806 13817
f 13818 13807 13817
f 13818 13817 13819
f 13820 13818 13819
f 13810 13821 13822
f 13822 13811 13810
f 13821 13823 13824
f 13824 13822 13821
f 13815 13825 13826
f 13826 13816 13815
f 13806 13816 13826
f 13817 13806 13826
f 13815 13811 13822
f 13825 13815 13822
f 13825 13827 13828
f 13828 13826 13825
f 13817 13826 13828
f 13819 13817 13828
f 13822 13824 13827
f 13827 13825 13822
f 13795 13794 13829
f 13830 13795 13829
f 13635 13795 13830
f 13663 13635 13830
f 13794 13778 13805
f 13829 13794 13805
f 13830 13829 13831
f 13832 13830 13831
f 13663 13830 13832
f 13666 13663 13832
f 13829 13805 13807
f 13831 13829 13807
f 13832 13831 13833
f 13834 13832 13833
f 13666 13832 13834
f 13675 13666 13834
f 13831 13807 13818
f 13833 13831 13818
f 13834 13833 13835
f 13836 13834 13835
f 13675 13834 13836
f 13678 13675 13836
f 13833 13818 13820
f 13835 13833 13820
f 13803 13802 13837
f 13838 13803 13837
f 13781 13803 13838
f 13808 13781 13838
f 13716 13743 13837
f 13837 13802 13716
f 13837 13839 13840
f 13840 13838 13837
f 13838 13840 13810
f 13810 13808 13838
f 13743 13746 13839
f 13839 13837 13743
f 13839 13841 13842
f 13842 13840 13839
f 13840 13842 13821
f 13821 13810 13840
f 13746 13753 13841
f 13841 13839 13746
f 13755 13754 13843
f 13842 13841 13755
f 13843 13842 13755
f 13842 13843 13823
f 13823 13821 13842
f 13753 13755 13841
f 9792 13346 13844
f 10299 9792 13844
f 13347 13845 13844
f 13346 13123 13347
f 13844 13346 13347
f 10299 13844 13846
f 10301 10299 13846
f 13844 13845 13847
f 13846 13844 13847
f 13845 13347 13349
f 13845 13349 13352
f 13847 13845 13352
f 13846 13848 10307
f 10307 10301 13846
f 13355 13354 13848
f 13846 13847 13355
f 13848 13846 13355
f 13848 13849 10309
f 10309 10307 13848
f 13848 13354 13358
f 13849 13848 13358
f 13352 13355 13847
f 13849 13850 10314
f 10314 10309 13849
f 13849 13358 13390
f 13850 13849 13390
f 13850 13851 10316
f 10316 10314 13850
f 13850 13390 13392
f 13851 13850 13392
f 13851 13852 10321
f 10321 10316 13851
f 13851 13392 13398
f 13852 13851 13398
f 10321 13852 13853
f 10323 10321 13853
f 13398 13400 13853
f 13853 13852 13398
f 10323 13853 13854
f 10328 10323 13854
f 13400 13596 13854
f 13854 13853 13400
f 10328 13854 13855
f 10330 10328 13855
f 13597 13856 13855
f 13854 13596 13597
f 13855 13854 13597
f 13856 13597 13601
f 13855 13857 10334
f 10334 10330 13855
f 13604 13603 13857
f 13855 13856 13604
f 13857 13855 13604
f 13857 13858 10336
f 10336 10334 13857
f 13857 13603 13607
f 13858 13857 13607
f 13601 13604 13856
f 13637 13636 10340
f 10336 13858 13637
f 10340 10336 13637
f 13607 13637 13858
f 10340 13636 13641
f 10342 10340 13641
f 13641 10290 10342
f 13649 13859 10571
f 10571 10294 13649
f 13650 13860 13859
f 13859 13649 13650
f 13859 13861 10573
f 10573 10571 13859
f 13860 13862 13861
f 13861 13859 13860
f 13650 13653 13863
f 13860 13650 13863
f 13654 13864 13863
f 13863 13653 13654
f 13863 13865 13862
f 13862 13860 13863
f 13864 13866 13865
f 13865 13863 13864
f 13861 13867 10579
f 10579 10573 13861
f 13862 13868 13867
f 13867 13861 13862
f 13867 13869 10581
f 10581 10579 13867
f 13867 13868 13870
f 13869 13867 13870
f 13865 13871 13868
f 13868 13862 13865
f 13866 13872 13871
f 13871 13865 13866
f 13868 13871 13873
f 13870 13868 13873
f 13872 13874 13873
f 13873 13871 13872
f 13671 13670 13875
f 13876 13671 13875
f 13654 13671 13876
f 13864 13654 13876
f 13672 13877 13875
f 13875 13670 13672
f 13876 13875 13878
f 13879 13876 13878
f 13864 13876 13879
f 13866 13864 13879
f 13877 13880 13878
f 13878 13875 13877
f 13677 13676 13881
f 13882 13677 13881
f 13678 13883 13881
f 13881 13676 13678
f 13881 13884 13885
f 13885 13882 13881
f 13881 13883 13886
f 13884 13881 13886
f 13672 13677 13882
f 13877 13672 13882
f 13882 13885 13880
f 13880 13877 13882
f 13878 13887 13888
f 13888 13879 13878
f 13879 13888 13872
f 13872 13866 13879
f 13878 13880 13889
f 13887 13878 13889
f 13887 13890 13891
f 13891 13888 13887
f 13888 13891 13874
f 13874 13872 13888
f 13887 13889 13892
f 13890 13887 13892
f 13884 13893 13894
f 13894 13885 13884
f 13884 13886 13895
f 13893 13884 13895
f 13893 13896 13897
f 13897 13894 13893
f 13895 13898 13896
f 13896 13893 13895
f 13885 13894 13889
f 13889 13880 13885
f 13894 13897 13892
f 13892 13889 13894
f 13869 13899 10611
f 10611 10581 13869
f 13869 13870 13900
f 13899 13869 13900
f 10611 13899 13901
f 10613 10611 13901
f 13899 13900 13902
f 13901 13899 13902
f 13873 13903 13900
f 13900 13870 13873
f 13874 13904 13903
f 13903 13873 13874
f 13903 13905 13902
f 13902 13900 13903
f 13904 13906 13905
f 13905 13903 13904
f 10613 13901 13907
f 10619 10613 13907
f 13901 13902 13908
f 13907 13901 13908
f 10619 13907 13909
f 10621 10619 13909
f 13907 13908 13910
f 13909 13907 13910
f 13902 13905 13911
f 13908 13902 13911
f 13912 13913 13914
f 13913 13912 13911
f 13905 13906 13913
f 13911 13905 13913
f 13911 13915 13910
f 13910 13908 13911
f 13912 13914 13916
f 13917 13912 13916
f 13911 13912 13917
f 13915 13911 13917
f 13891 13890 13918
f 13919 13891 13918
f 13874 13891 13919
f 13904 13874 13919
f 13892 13920 13918
f 13918 13890 13892
f 13919 13918 13921
f 13922 13919 13921
f 13904 13919 13922
f 13906 13904 13922
f 13920 13923 13921
f 13921 13918 13920
f 13897 13896 13924
f 13925 13897 13924
f 13898 13926 13924
f 13924 13896 13898
f 13925 13924 13927
f 13928 13925 13927
f 13929 13930 13931
f 13930 13929 13927
f 13924 13926 13930
f 13927 13924 13930
f 13892 13897 13925
f 13920 13892 13925
f 13920 13925 13928
f 13923 13920 13928
f 13921 13932 13913
f 13913 13922 13921
f 13914 13913 13932
f 13922 13913 13906
f 13923 13933 13932
f 13932 13921 13923
f 13932 13934 13916
f 13916 13914 13932
f 13933 13935 13934
f 13934 13932 13933
f 13928 13927 13936
f 13937 13928 13936
f 13929 13931 13938
f 13939 13929 13938
f 13927 13929 13939
f 13936 13927 13939
f 13937 13936 13940
f 13941 13937 13940
f 13939 13938 13942
f 13943 13939 13942
f 13936 13939 13943
f 13940 13936 13943
f 13923 13928 13937
f 13933 13923 13937
f 13933 13937 13941
f 13935 13933 13941
f 6688 6891 13944
f 13944 13733 6688
f 13734 13733 13944
f 13945 13734 13944
f 6891 6894 13946
f 13946 13944 6891
f 13945 13944 13946
f 13947 13945 13946
f 13948 13949 13950
f 13949 13948 13951
f 13739 13738 13949
f 13951 13739 13949
f 13734 13945 13949
f 13949 13740 13734
f 13950 13949 13945
f 13740 13949 13738
f 13950 13952 13953
f 13953 13948 13950
f 13951 13948 13953
f 13954 13951 13953
f 13945 13947 13952
f 13952 13950 13945
f 13955 13956 13957
f 6894 6902 13958
f 13958 13946 6894
f 13946 13958 13957
f 13947 13946 13957
f 13957 13956 13947
f 6904 6905 13959
f 13959 13960 6904
f 13960 13959 13961
f 13961 13957 13960
f 13961 13955 13957
f 13960 13958 6902
f 6902 6904 13960
f 13958 13960 13957
f 13956 13955 13962
f 13952 13956 13962
f 13962 13953 13952
f 13954 13953 13962
f 13963 13954 13962
f 13947 13956 13952
f 13962 13955 13961
f 13964 13962 13961
f 13963 13962 13964
f 13965 13963 13964
f 13966 13967 13968
f 13968 13969 13970
f 13970 13966 13968
f 13756 13971 13972
f 13972 13754 13756
f 13967 13966 13973
f 13758 13757 13967
f 13973 13758 13967
f 13758 13973 13971
f 13971 13756 13758
f 13971 13974 13975
f 13975 13972 13971
f 13973 13966 13970
f 13976 13973 13970
f 13973 13976 13974
f 13974 13971 13973
f 13761 13739 13951
f 13977 13761 13951
f 13761 13977 13967
f 13967 13762 13761
f 13968 13967 13977
f 13977 13951 13954
f 13978 13977 13954
f 13977 13978 13969
f 13969 13968 13977
f 13762 13967 13757
f 13970 13969 13979
f 13980 13970 13979
f 13980 13979 13981
f 13982 13980 13981
f 13974 13983 13984
f 13984 13975 13974
f 13976 13970 13980
f 13985 13976 13980
f 13976 13985 13983
f 13983 13974 13976
f 13984 13983 13986
f 13987 13984 13986
f 13980 13982 13988
f 13988 13985 13980
f 13983 13985 13988
f 13986 13983 13988
f 13978 13954 13963
f 13989 13978 13963
f 13978 13989 13979
f 13979 13969 13978
f 13963 13965 13990
f 13990 13989 13963
f 13979 13989 13990
f 13981 13979 13990
f 13959 6905 6935
f 13991 13959 6935
f 13961 13959 13991
f 13992 13961 13991
f 13991 6935 6937
f 13993 13991 6937
f 13992 13991 13993
f 13994 13992 13993
f 13964 13961 13992
f 13995 13964 13992
f 13965 13964 13995
f 13996 13965 13995
f 13995 13992 13994
f 13997 13995 13994
f 13996 13995 13997
f 13998 13996 13997
f 6944 13999 14000
f 13993 6937 6944
f 14000 13993 6944
f 13993 14000 14001
f 14001 13994 13993
f 13999 6944 6946
f 14000 13999 14002
f 14003 14000 14002
f 14000 14003 14004
f 14004 14001 14000
f 13999 6946 6949
f 14002 13999 6949
f 13997 13994 14001
f 14005 13997 14001
f 13998 13997 14005
f 14006 13998 14005
f 14001 14004 14007
f 14007 14005 14001
f 14006 14005 14007
f 14008 14006 14007
f 13982 13981 14009
f 14010 13982 14009
f 14009 14011 14010
f 13987 13986 14012
f 14013 13987 14012
f 13982 14010 14014
f 14014 13988 13982
f 13986 13988 14014
f 14012 13986 14014
f 14013 14012 14015
f 14016 14013 14015
f 14011 14017 14018
f 14014 14010 14011
f 14018 14014 14011
f 14012 14014 14018
f 14015 14012 14018
f 13965 13996 14019
f 14019 13990 13965
f 13981 13990 14019
f 14009 13981 14019
f 14019 13996 13998
f 14020 14019 13998
f 14019 14020 14011
f 14011 14009 14019
f 14021 14011 14020
f 14017 14011 14021
f 14022 14023 14024
f 14024 14025 14026
f 14026 14022 14024
f 14015 14027 14028
f 14028 14016 14015
f 14023 14022 14029
f 14018 14017 14023
f 14029 14018 14023
f 14018 14029 14027
f 14027 14015 14018
f 14027 14030 14031
f 14031 14028 14027
f 14029 14022 14026
f 14032 14029 14026
f 14029 14032 14030
f 14030 14027 14029
f 14020 13998 14006
f 14033 14020 14006
f 14020 14033 14023
f 14023 14021 14020
f 14024 14023 14033
f 14033 14006 14008
f 14034 14033 14008
f 14033 14034 14025
f 14025 14024 14033
f 14021 14023 14017
f 13819 14035 14036
f 14036 13820 13819
f 14035 14037 14038
f 14038 14036 14035
f 13823 14039 14040
f 14040 13824 13823
f 14039 14041 14042
f 14042 14040 14039
f 13827 14043 14044
f 14044 13828 13827
f 13819 13828 14044
f 14035 13819 14044
f 13824 14040 14043
f 14043 13827 13824
f 14043 14045 14046
f 14046 14044 14043
f 14035 14044 14046
f 14037 14035 14046
f 14040 14042 14045
f 14045 14043 14040
f 14038 14037 14047
f 14048 14038 14047
f 14048 14047 14049
f 14050 14048 14049
f 14041 14051 14052
f 14052 14042 14041
f 14052 14051 14053
f 14054 14052 14053
f 14045 14055 14056
f 14056 14046 14045
f 14046 14056 14047
f 14047 14037 14046
f 14042 14052 14055
f 14055 14045 14042
f 14056 14055 14057
f 14058 14056 14057
f 14056 14058 14049
f 14049 14047 14056
f 14052 14054 14057
f 14057 14055 14052
f 13835 14059 14060
f 14060 13836 13835
f 13836 14060 13883
f 13883 13678 13836
f 13835 13820 14036
f 14059 13835 14036
f 14059 14061 14062
f 14062 14060 14059
f 14060 14062 13886
f 13886 13883 14060
f 14059 14036 14038
f 14061 14059 14038
f 14061 14063 14064
f 14064 14062 14061
f 13886 14062 14064
f 13895 13886 14064
f 14038 14048 14063
f 14063 14061 14038
f 14063 14065 14066
f 14066 14064 14063
f 13895 14064 14066
f 13898 13895 14066
f 14063 14048 14050
f 14065 14063 14050
f 13843 13754 13972
f 14067 13843 13972
f 13843 14067 14039
f 14039 13823 13843
f 14067 13972 13975
f 14068 14067 13975
f 14067 14068 14041
f 14041 14039 14067
f 14068 13975 13984
f 14069 14068 13984
f 14068 14069 14051
f 14051 14041 14068
f 13984 13987 14070
f 14070 14069 13984
f 14069 14070 14053
f 14053 14051 14069
f 14050 14049 14071
f 14072 14050 14071
f 14072 14071 14073
f 14074 14072 14073
f 14054 14053 14075
f 14076 14054 14075
f 14076 14075 14077
f 14078 14076 14077
f 14058 14057 14079
f 14080 14058 14079
f 14058 14080 14071
f 14071 14049 14058
f 14054 14076 14079
f 14079 14057 14054
f 14080 14079 14081
f 14082 14080 14081
f 14080 14082 14073
f 14073 14071 14080
f 14076 14078 14081
f 14081 14079 14076
f 14074 14073 14083
f 14084 14074 14083
f 14084 14083 14085
f 14086 14084 14085
f 14077 14087 14088
f 14088 14078 14077
f 14089 14090 14091
f 14090 14089 14092
f 14088 14087 14090
f 14092 14088 14090
f 14082 14081 14093
f 14094 14082 14093
f 14073 14082 14094
f 14083 14073 14094
f 14078 14088 14093
f 14093 14081 14078
f 14093 14095 14096
f 14096 14094 14093
f 14083 14094 14096
f 14085 14083 14096
f 14088 14092 14095
f 14095 14093 14088
f 14066 14065 14097
f 14098 14066 14097
f 13898 14066 14098
f 13926 13898 14098
f 14065 14050 14072
f 14097 14065 14072
f 14097 14099 13931
f 13930 14098 14097
f 13931 13930 14097
f 14098 13930 13926
f 14097 14072 14074
f 14099 14097 14074
f 14099 14100 13938
f 13938 13931 14099
f 14099 14074 14084
f 14100 14099 14084
f 14100 14101 13942
f 13942 13938 14100
f 14100 14084 14086
f 14101 14100 14086
f 13987 14013 14102
f 14102 14070 13987
f 14053 14070 14102
f 14075 14053 14102
f 14013 14016 14103
f 14103 14102 14013
f 14075 14102 14103
f 14077 14075 14103
f 14103 14016 14028
f 14104 14103 14028
f 14103 14104 14087
f 14087 14077 14103
f 14028 14031 14090
f 14090 14104 14028
f 14091 14090 14031
f 14104 14090 14087
f 13909 14105 10822
f 10822 10621 13909
f 13910 14106 14105
f 14105 13909 13910
f 14105 14107 10824
f 10824 10822 14105
f 14106 14108 14107
f 14107 14105 14106
f 13915 14109 14106
f 14106 13910 13915
f 13917 13916 14110
f 14111 13917 14110
f 13915 13917 14111
f 14109 13915 14111
f 14109 14112 14108
f 14108 14106 14109
f 14111 14110 14113
f 14114 14111 14113
f 14111 14114 14112
f 14112 14109 14111
f 14107 14115 10830
f 10830 10824 14107
f 14108 14116 14115
f 14115 14107 14108
f 14115 14117 10832
f 10832 10830 14115
f 14116 14118 14117
f 14117 14115 14116
f 14112 14119 14116
f 14116 14108 14112
f 14113 14120 14121
f 14121 14114 14113
f 14114 14121 14119
f 14119 14112 14114
f 14119 14122 14118
f 14118 14116 14119
f 14121 14120 14123
f 14124 14121 14123
f 14119 14121 14124
f 14122 14119 14124
f 14125 14126 14127
f 13934 14128 14110
f 14110 13916 13934
f 13935 14129 14128
f 14128 13934 13935
f 14128 14130 14113
f 14113 14110 14128
f 14126 14125 14128
f 14128 14129 14126
f 14130 14128 14125
f 13941 13940 14131
f 14132 13941 14131
f 13943 13942 14133
f 14134 13943 14133
f 13940 13943 14134
f 14131 13940 14134
f 14131 14135 14126
f 14126 14132 14131
f 14127 14126 14135
f 14134 14133 14136
f 14137 14134 14136
f 14131 14134 14137
f 14135 14131 14137
f 13935 13941 14132
f 14129 13935 14132
f 14132 14126 14129
f 14125 14127 14138
f 14139 14125 14138
f 14139 14138 14140
f 14141 14139 14140
f 14113 14130 14142
f 14120 14113 14142
f 14130 14125 14139
f 14142 14130 14139
f 14142 14143 14123
f 14123 14120 14142
f 14142 14139 14141
f 14143 14142 14141
f 14135 14144 14138
f 14138 14127 14135
f 14137 14136 14145
f 14146 14137 14145
f 14135 14137 14146
f 14144 14135 14146
f 14144 14147 14140
f 14140 14138 14144
f 14146 14145 14148
f 14149 14146 14148
f 14144 14146 14149
f 14147 14144 14149
f 14117 14150 10863
f 10863 10832 14117
f 14118 14151 14150
f 14150 14117 14118
f 14150 14152 10865
f 10865 10863 14150
f 14151 14153 14152
f 14152 14150 14151
f 14154 14155 14156
f 14155 14154 14151
f 14122 14155 14151
f 14151 14118 14122
f 14124 14123 14157
f 14155 14124 14157
f 14156 14155 14157
f 14124 14155 14122
f 14154 14156 14158
f 14159 14154 14158
f 14151 14154 14159
f 14153 14151 14159
f 14157 14160 14158
f 14158 14156 14157
f 10874 14161 14162
f 10875 10874 14162
f 14161 10874 10865
f 14152 14161 10865
f 14161 14163 14164
f 14162 14161 14164
f 14163 14161 14152
f 14153 14163 14152
f 14162 14165 10877
f 10877 10875 14162
f 14164 14166 14165
f 14165 14162 14164
f 14167 14168 14169
f 14168 14170 14171
f 14169 14168 14171
f 14159 14158 14172
f 14163 14159 14172
f 14164 14163 14172
f 14159 14163 14153
f 14160 14173 14172
f 14172 14158 14160
f 14172 14168 14167
f 14172 14167 14166
f 14166 14164 14172
f 14170 14168 14172
f 14173 14170 14172
f 14174 14175 14176
f 14177 14178 14179
f 14180 14181 14182
f 14183 14184 14185
f 14186 14184 14183
f 14186 14183 14176
f 14176 14175 14186
f 14187 14178 14177
f 14187 14177 14185
f 14185 14184 14187
f 14184 14186 14180
f 14184 14180 14182
f 14182 14187 14184
f 14141 14140 14188
f 14189 14141 14188
f 14190 14191 14192
f 14189 14188 14193
f 14191 14189 14193
f 14192 14191 14193
f 14143 14194 14157
f 14157 14123 14143
f 14143 14141 14189
f 14194 14143 14189
f 14191 14190 14160
f 14157 14194 14191
f 14160 14157 14191
f 14189 14191 14194
f 14147 14195 14188
f 14188 14140 14147
f 14149 14148 14196
f 14197 14149 14196
f 14147 14149 14197
f 14195 14147 14197
f 14198 14199 14200
f 14199 14198 14188
f 14188 14195 14199
f 14193 14188 14198
f 14196 14201 14200
f 14199 14197 14196
f 14200 14199 14196
f 14197 14199 14195
f 14190 14192 14202
f 14203 14190 14202
f 14204 14205 14206
f 14193 14205 14204
f 14193 14204 14202
f 14202 14192 14193
f 14207 14208 14209
f 14202 14208 14207
f 14202 14207 14171
f 14170 14203 14202
f 14171 14170 14202
f 14206 14175 14174
f 14204 14206 14174
f 14208 14204 14174
f 14209 14208 14174
f 14204 14208 14202
f 14160 14190 14203
f 14173 14160 14203
f 14203 14170 14173
f 14198 14200 14210
f 14205 14198 14210
f 14206 14205 14210
f 14198 14205 14193
f 14181 14180 14200
f 14200 14201 14181
f 14210 14200 14180
f 14186 14175 14206
f 14210 14186 14206
f 14180 14186 14210
f 14003 14002 14211
f 14212 14003 14211
f 14003 14212 14213
f 14213 14004 14003
f 14002 6949 7157
f 14211 14002 7157
f 14211 14214 14212
f 14214 14215 14213
f 14213 14212 14214
f 14216 14213 14215
f 7157 7159 14214
f 14214 14211 7157
f 14217 14214 7159
f 14215 14214 14217
f 14004 14213 14218
f 14218 14007 14004
f 14008 14007 14218
f 14219 14008 14218
f 14213 14216 14220
f 14220 14218 14213
f 14219 14218 14220
f 14221 14219 14220
f 14216 14215 14222
f 14223 14216 14222
f 7159 7167 14224
f 14224 14217 7159
f 14215 14217 14224
f 14222 14215 14224
f 14222 14225 14223
f 7167 7169 14226
f 14226 14224 7167
f 14224 14226 14225
f 14225 14222 14224
f 14227 14225 14226
f 14216 14223 14228
f 14228 14220 14216
f 14220 14228 14229
f 14229 14221 14220
f 14225 14230 14231
f 14228 14223 14225
f 14231 14228 14225
f 14228 14231 14232
f 14232 14229 14228
f 14230 14225 14227
f 14025 14233 14234
f 14234 14026 14025
f 14233 14235 14236
f 14236 14234 14233
f 14030 14237 14238
f 14238 14031 14030
f 14032 14026 14234
f 14239 14032 14234
f 14032 14239 14237
f 14237 14030 14032
f 14237 14240 14241
f 14241 14238 14237
f 14239 14234 14236
f 14242 14239 14236
f 14239 14242 14240
f 14240 14237 14239
f 14034 14008 14219
f 14243 14034 14219
f 14034 14243 14233
f 14233 14025 14034
f 14243 14219 14221
f 14244 14243 14221
f 14243 14244 14235
f 14235 14233 14243
f 14245 14246 14247
f 14246 14245 14248
f 14236 14235 14246
f 14248 14236 14246
f 14247 14249 14250
f 14250 14245 14247
f 14248 14245 14250
f 14251 14248 14250
f 14252 14253 14254
f 14253 14252 14255
f 14241 14240 14253
f 14255 14241 14253
f 14236 14248 14253
f 14253 14242 14236
f 14254 14253 14248
f 14242 14253 14240
f 14254 14256 14257
f 14257 14252 14254
f 14255 14252 14257
f 14258 14255 14257
f 14248 14251 14256
f 14256 14254 14248
f 14221 14229 14247
f 14246 14244 14221
f 14247 14246 14221
f 14244 14246 14235
f 14247 14229 14232
f 14249 14247 14232
f 14259 14260 14261
f 14262 14263 14264
f 14265 14266 14267
f 14268 14266 14265
f 14269 14268 14265
f 14261 14270 14271
f 14271 14259 14261
f 14272 14273 14274
f 14275 14273 14272
f 14275 14272 14264
f 14264 14263 14275
f 14268 14269 14274
f 14276 14268 14274
f 14274 14273 14276
f 14273 14275 14271
f 14273 14271 14270
f 14270 14276 14273
f 14277 14278 14279
f 14226 7169 7207
f 14280 14226 7207
f 14226 14280 14278
f 14278 14227 14226
f 14279 14278 14280
f 14281 14282 14283
f 14282 14281 14284
f 14279 14282 14284
f 14284 14277 14279
f 14280 7207 7210
f 14280 7210 14283
f 14283 14282 14280
f 14280 14282 14279
f 14278 14277 14285
f 14231 14230 14278
f 14285 14231 14278
f 14232 14231 14285
f 14286 14232 14285
f 14227 14278 14230
f 14285 14277 14284
f 14287 14285 14284
f 14286 14285 14287
f 14288 14286 14287
f 14289 7217 7218
f 14290 14289 7218
f 14291 14289 14290
f 14292 14291 14290
f 14293 14294 14295
f 14294 14293 14296
f 14296 14297 14294
f 14298 14299 14300
f 14301 14299 14298
f 14302 14301 14298
f 14291 14292 14300
f 14299 14295 14291
f 14299 14293 14295
f 14300 14299 14291
f 14299 14301 14296
f 14293 14299 14296
f 7223 7224 14303
f 14303 14283 7223
f 14303 14281 14283
f 14284 14281 14303
f 14304 14284 14303
f 7210 7223 14283
f 7217 14289 14303
f 7224 7217 14303
f 14291 14304 14303
f 14303 14289 14291
f 14287 14284 14304
f 14287 14304 14295
f 14295 14294 14287
f 14297 14288 14287
f 14287 14294 14297
f 14304 14291 14295
f 14249 14305 14306
f 14306 14250 14249
f 14251 14250 14306
f 14307 14251 14306
f 14305 14308 14309
f 14309 14306 14305
f 14307 14306 14309
f 14310 14307 14309
f 14256 14311 14312
f 14312 14257 14256
f 14258 14257 14312
f 14313 14258 14312
f 14251 14307 14311
f 14311 14256 14251
f 14311 14314 14315
f 14315 14312 14311
f 14313 14312 14315
f 14260 14313 14315
f 14261 14260 14315
f 14307 14310 14314
f 14314 14311 14307
f 14232 14286 14305
f 14305 14249 14232
f 14286 14288 14308
f 14308 14305 14286
f 14316 14317 14318
f 14297 14296 14309
f 14309 14308 14297
f 14319 14309 14296
f 14309 14319 14318
f 14317 14310 14309
f 14318 14317 14309
f 14320 14301 14302
f 14320 14302 14267
f 14267 14266 14320
f 14268 14316 14318
f 14320 14266 14268
f 14318 14320 14268
f 14301 14320 14319
f 14296 14301 14319
f 14319 14320 14318
f 14317 14316 14315
f 14315 14314 14317
f 14321 14315 14316
f 14315 14321 14270
f 14270 14261 14315
f 14310 14317 14314
f 14268 14276 14321
f 14316 14268 14321
f 14321 14276 14270
f 14288 14297 14308
f 14086 14085 14322
f 14323 14086 14322
f 14324 14325 14326
f 14322 14327 14325
f 14325 14323 14322
f 14326 14325 14327
f 14091 14328 14329
f 14329 14089 14091
f 14092 14089 14329
f 14330 14092 14329
f 14328 14331 14332
f 14332 14329 14328
f 14330 14329 14332
f 14333 14330 14332
f 14095 14334 14335
f 14335 14096 14095
f 14085 14096 14335
f 14322 14085 14335
f 14092 14330 14334
f 14334 14095 14092
f 14334 14336 14337
f 14337 14335 14334
f 14335 14337 14327
f 14327 14322 14335
f 14330 14333 14336
f 14336 14334 14330
f 14324 14326 14338
f 14339 14324 14338
f 14327 14340 14338
f 14338 14326 14327
f 14339 14338 14341
f 14342 14339 14341
f 14343 14344 14345
f 14344 14343 14341
f 14340 14344 14341
f 14341 14338 14340
f 14331 14346 14347
f 14347 14332 14331
f 14333 14332 14347
f 14348 14333 14347
f 14349 14350 14351
f 14346 14352 14353
f 14353 14347 14346
f 14347 14353 14350
f 14350 14348 14347
f 14351 14350 14353
f 14336 14354 14355
f 14355 14337 14336
f 14337 14355 14340
f 14340 14327 14337
f 14333 14348 14354
f 14354 14336 14333
f 14350 14349 14344
f 14354 14350 14344
f 14344 14355 14354
f 14345 14344 14349
f 14355 14344 14340
f 14348 14350 14354
f 14101 14356 14133
f 14133 13942 14101
f 14101 14086 14323
f 14356 14101 14323
f 14325 14324 14136
f 14133 14356 14325
f 14136 14133 14325
f 14323 14325 14356
f 14136 14324 14339
f 14145 14136 14339
f 14145 14339 14342
f 14148 14145 14342
f 14031 14238 14328
f 14328 14091 14031
f 14238 14241 14331
f 14331 14328 14238
f 14241 14255 14346
f 14346 14331 14241
f 14255 14258 14352
f 14352 14346 14255
f 14342 14341 14357
f 14358 14342 14357
f 14343 14345 14359
f 14360 14343 14359
f 14341 14343 14360
f 14357 14341 14360
f 14358 14357 14361
f 14362 14358 14361
f 14360 14359 14363
f 14364 14360 14363
f 14357 14360 14364
f 14361 14357 14364
f 14351 14365 14366
f 14366 14349 14351
f 14352 14367 14368
f 14368 14353 14352
f 14353 14368 14365
f 14365 14351 14353
f 14365 14369 14370
f 14370 14366 14365
f 14260 14259 14371
f 14368 14367 14260
f 14371 14368 14260
f 14368 14371 14369
f 14369 14365 14368
f 14349 14366 14359
f 14359 14345 14349
f 14366 14370 14363
f 14363 14359 14366
f 14372 14373 14374
f 14375 14376 14377
f 14378 14376 14375
f 14378 14375 14179
f 14179 14178 14378
f 14379 14263 14262
f 14379 14262 14377
f 14377 14376 14379
f 14378 14372 14379
f 14379 14376 14378
f 14374 14379 14372
f 14380 14381 14382
f 14381 14380 14182
f 14361 14381 14181
f 14181 14362 14361
f 14182 14181 14381
f 14373 14372 14382
f 14363 14373 14381
f 14381 14364 14363
f 14382 14381 14373
f 14364 14381 14361
f 14187 14380 14378
f 14378 14178 14187
f 14382 14378 14380
f 14380 14187 14182
f 14372 14378 14382
f 14383 14384 14385
f 14384 14383 14373
f 14370 14369 14384
f 14373 14370 14384
f 14374 14373 14383
f 14259 14271 14384
f 14384 14371 14259
f 14385 14384 14271
f 14371 14384 14369
f 14379 14383 14385
f 14275 14263 14379
f 14385 14275 14379
f 14383 14379 14374
f 14271 14275 14385
f 14370 14373 14363
f 14148 14342 14358
f 14196 14148 14358
f 14196 14358 14362
f 14201 14196 14362
f 14362 14181 14201
f 14258 14313 14367
f 14367 14352 14258
f 14313 14260 14367
f 3844 11021 14386
f 7307 3844 14386
f 11021 11022 14387
f 14386 11021 14387
f 14386 14388 7309
f 7309 7307 14386
f 14387 14389 14388
f 14388 14386 14387
f 11022 11025 14390
f 14387 11022 14390
f 11025 11026 14391
f 14390 11025 14391
f 14387 14390 14392
f 14389 14387 14392
f 14390 14391 14393
f 14392 14390 14393
f 14388 14394 7315
f 7315 7309 14388
f 14389 14395 14394
f 14394 14388 14389
f 7315 14394 14396
f 7317 7315 14396
f 14395 14397 14396
f 14396 14394 14395
f 14392 14398 14395
f 14395 14389 14392
f 14392 14393 14399
f 14398 14392 14399
f 14398 14400 14397
f 14397 14395 14398
f 14399 14401 14400
f 14400 14398 14399
f 11026 11039 14402
f 14391 11026 14402
f 11039 11040 14403
f 14402 11039 14403
f 14391 14402 14404
f 14393 14391 14404
f 14402 14403 14405
f 14404 14402 14405
f 11040 11043 14406
f 14403 11040 14406
f 14406 11043 11044
f 14407 14406 11044
f 14403 14406 14408
f 14405 14403 14408
f 14408 14406 14407
f 14408 14407 14409
f 14409 14410 14408
f 11046 14411 14407
f 11044 11046 14407
f 14407 14411 14409
f 14393 14404 14412
f 14399 14393 14412
f 14404 14405 14413
f 14412 14404 14413
f 14412 14414 14401
f 14401 14399 14412
f 14413 14415 14414
f 14414 14412 14413
f 14405 14408 14416
f 14413 14405 14416
f 14408 14410 14417
f 14416 14408 14417
f 14413 14416 14418
f 14415 14413 14418
f 14416 14417 14419
f 14418 14416 14419
f 7317 14396 14420
f 7350 7317 14420
f 14397 14421 14420
f 14420 14396 14397
f 7350 14420 14422
f 7352 7350 14422
f 14420 14421 14423
f 14422 14420 14423
f 14400 14424 14421
f 14421 14397 14400
f 14401 14425 14424
f 14424 14400 14401
f 14424 14426 14423
f 14423 14421 14424
f 14425 14427 14426
f 14426 14424 14425
f 7352 14422 14428
f 7361 7352 14428
f 14423 14429 14428
f 14428 14422 14423
f 14428 14430 7363
f 7363 7361 14428
f 14428 14429 14431
f 14430 14428 14431
f 7365 7363 14430
f 14430 14432 7365
f 14433 14432 14430
f 14431 14433 14430
f 14426 14434 14429
f 14429 14423 14426
f 14427 14435 14434
f 14434 14426 14427
f 14429 14434 14436
f 14431 14429 14436
f 14435 14437 14438
f 14435 14438 14436
f 14436 14434 14435
f 14439 14433 14431
f 14436 14439 14431
f 14438 14439 14436
f 14414 14440 14425
f 14425 14401 14414
f 14415 14441 14440
f 14440 14414 14415
f 14440 14442 14427
f 14427 14425 14440
f 14440 14441 14443
f 14442 14440 14443
f 14418 14444 14441
f 14441 14415 14418
f 14419 14445 14444
f 14444 14418 14419
f 14441 14444 14446
f 14443 14441 14446
f 14444 14445 14447
f 14446 14444 14447
f 14427 14442 14448
f 14435 14427 14448
f 14443 14449 14448
f 14448 14442 14443
f 14448 14450 14437
f 14437 14435 14448
f 14449 14451 14450
f 14450 14448 14449
f 14446 14452 14449
f 14449 14443 14446
f 14447 14453 14452
f 14452 14446 14447
f 14452 14454 14451
f 14451 14449 14452
f 14453 14455 14454
f 14454 14452 14453
f 14456 14410 14409
f 11046 11087 14457
f 14411 11046 14457
f 11087 11088 14458
f 14457 11087 14458
f 14457 14459 14456
f 14457 14456 14409
f 14409 14411 14457
f 14457 14458 14460
f 14459 14457 14460
f 11091 14461 14458
f 14458 11088 11091
f 11091 11092 14462
f 14461 11091 14462
f 14458 14461 14463
f 14460 14458 14463
f 14462 14464 14463
f 14463 14461 14462
f 14417 14410 14456
f 14417 14456 14465
f 14465 14466 14417
f 14467 14466 14465
f 14417 14466 14468
f 14419 14417 14468
f 14468 14466 14467
f 14468 14467 14469
f 14469 14470 14468
f 14456 14459 14465
f 14471 14467 14465
f 14459 14460 14471
f 14465 14459 14471
f 14467 14471 14469
f 14472 14470 14469
f 14473 14472 14469
f 14474 14472 14473
f 14475 14474 14473
f 14460 14463 14476
f 14471 14460 14476
f 14464 14477 14476
f 14476 14463 14464
f 14471 14476 14473
f 14469 14471 14473
f 14476 14477 14475
f 14473 14476 14475
f 11104 11103 14478
f 14479 14480 14478
f 11105 14479 14478
f 14478 11103 11105
f 14479 14481 14482
f 14480 14479 14482
f 14462 11092 11104
f 14462 11104 14478
f 14478 14483 14462
f 14480 14483 14478
f 14483 14484 14464
f 14464 14462 14483
f 14483 14480 14482
f 14482 14484 14483
f 11105 10877 14165
f 14165 14479 11105
f 14479 14165 14166
f 14166 14481 14479
f 14485 14486 14487
f 14486 14485 14481
f 14167 14169 14486
f 14481 14167 14486
f 14482 14481 14485
f 14474 14475 14487
f 14486 14488 14474
f 14487 14486 14474
f 14486 14169 14171
f 14171 14488 14486
f 14464 14484 14485
f 14464 14485 14487
f 14487 14477 14464
f 14485 14484 14482
f 14475 14477 14487
f 14167 14481 14166
f 14419 14468 14489
f 14445 14419 14489
f 14468 14470 14490
f 14489 14468 14490
f 14489 14491 14447
f 14447 14445 14489
f 14490 14492 14491
f 14491 14489 14490
f 14472 14493 14490
f 14490 14470 14472
f 14474 14494 14493
f 14493 14472 14474
f 14493 14495 14492
f 14492 14490 14493
f 14493 14494 14174
f 14495 14493 14174
f 14176 14495 14174
f 14491 14496 14453
f 14453 14447 14491
f 14492 14497 14496
f 14496 14491 14492
f 14496 14498 14455
f 14455 14453 14496
f 14497 14177 14498
f 14498 14496 14497
f 14179 14498 14177
f 14492 14495 14183
f 14497 14492 14183
f 14185 14497 14183
f 14183 14495 14176
f 14177 14497 14185
f 14474 14488 14207
f 14474 14207 14209
f 14209 14494 14474
f 14207 14488 14171
f 14174 14494 14209
f 14499 14500 14501
f 14432 14502 7399
f 7399 7365 14432
f 14432 14433 14503
f 14502 14432 14503
f 14502 14504 7401
f 7401 7399 14502
f 14502 14503 14499
f 14502 14499 14501
f 14501 14504 14502
f 14505 14506 14507
f 14508 14506 14505
f 14508 14505 14438
f 14438 14437 14508
f 14509 14500 14499
f 14509 14499 14507
f 14507 14506 14509
f 14508 14510 14509
f 14509 14506 14508
f 14433 14439 14505
f 14433 14505 14507
f 14507 14503 14433
f 14505 14439 14438
f 14499 14503 14507
f 14511 7409 7408
f 14512 14511 7408
f 14511 14512 14501
f 14500 14513 14511
f 14501 14500 14511
f 14511 14514 7411
f 7411 7409 14511
f 14513 14515 14514
f 14514 14511 14513
f 7401 14504 14512
f 7408 7401 14512
f 14512 14504 14501
f 14509 14516 14513
f 14513 14500 14509
f 14510 14517 14516
f 14516 14509 14510
f 14516 14518 14515
f 14515 14513 14516
f 14517 14519 14518
f 14518 14516 14517
f 14450 14520 14508
f 14508 14437 14450
f 14451 14521 14520
f 14520 14450 14451
f 14520 14522 14510
f 14510 14508 14520
f 14521 14523 14522
f 14522 14520 14521
f 14454 14524 14521
f 14521 14451 14454
f 14455 14525 14524
f 14524 14454 14455
f 14524 14526 14523
f 14523 14521 14524
f 14525 14262 14264
f 14526 14524 14525
f 14264 14526 14525
f 14522 14527 14517
f 14517 14510 14522
f 14523 14528 14527
f 14527 14522 14523
f 14527 14265 14267
f 14519 14517 14527
f 14267 14519 14527
f 14527 14528 14269
f 14265 14527 14269
f 14523 14526 14272
f 14523 14272 14274
f 14274 14528 14523
f 14272 14526 14264
f 14269 14528 14274
f 14514 14529 7416
f 7416 7411 14514
f 14515 14530 14529
f 14529 14514 14515
f 7416 14529 14290
f 7218 7416 14290
f 14529 14530 14292
f 14290 14529 14292
f 14515 14518 14298
f 14515 14298 14300
f 14300 14530 14515
f 14518 14519 14302
f 14298 14518 14302
f 14292 14530 14300
f 14302 14519 14267
f 14498 14375 14377
f 14525 14455 14498
f 14377 14525 14498
f 14375 14498 14179
f 14262 14525 14377
